Company Name,Quarter,Sector,Market Regime (Bull / Bear),Quarterly Stock Return (%),30-Day Post-Earnings Return (%),Stock P/E,P/B Ratio,EV/EBITDA,Dividend Yield (%),ROE (%),ROCE (%),OPM (%),Debt-to-Equity Ratio,Current Ratio,Interest Coverage Ratio,Sales Growth YoY (%),Net Profit Growth YoY (%),Beta (trailing),Market Cap (Cr),Actual EPS (Quarterly),Earnings Surprise Score (%),News Sentiment Score (-1 to +1),News Volume (articles per quarter)
360 ONE WAM Ltd,Dec 2023,Banking,Bull,42.62,-7.69,35.2,4.51,26.4,1.1,14.4,12.1,60.0,0.45,1.65,2.25,8.74,9.96,1.05,44465.0,5.36,8.7,0.67,29
360 ONE WAM Ltd,Dec 2024,Banking,Bear,23.74,-2.7,35.2,4.51,26.4,1.1,14.4,12.1,57.0,0.45,1.65,2.0,8.74,9.96,1.05,44465.0,7.12,32.84,0.88,32
360 ONE WAM Ltd,Dec 2025,Banking,Bull,15.39,-4.66,35.2,4.51,26.4,1.1,14.4,12.1,61.0,0.45,1.65,2.45,8.74,9.96,1.05,44465.0,8.08,13.48,0.72,32
360 ONE WAM Ltd,Jun 2023,Banking,Bull,8.9,6.28,35.2,4.51,26.4,1.1,14.4,12.1,62.0,0.45,1.65,2.82,8.74,9.96,1.05,44465.0,5.15,-36.26,-0.3,26
360 ONE WAM Ltd,Jun 2024,Banking,Bull,41.3,2.17,35.2,4.51,26.4,1.1,14.4,12.1,68.0,0.45,1.65,2.7,34.76,27.08,1.05,44465.0,6.72,30.49,0.88,27
360 ONE WAM Ltd,Jun 2025,Banking,Bull,35.32,0.61,35.2,4.51,26.4,1.1,14.4,12.1,62.0,0.45,1.65,2.47,16.79,3.26,1.05,44465.0,7.04,4.76,0.8,27
360 ONE WAM Ltd,Jun 2026,Banking,Bull,13.41,2.3,35.2,4.51,26.4,1.1,14.4,12.1,63.0,0.45,1.65,2.18,3.81,1.22,1.05,44465.0,8.13,15.48,0.7,23
360 ONE WAM Ltd,Mar 2024,Banking,Bull,-3.19,6.25,35.2,4.51,26.4,1.1,14.4,12.1,36.0,0.45,1.65,1.38,38.05,32.07,1.05,44465.0,6.76,-16.85,0.82,27
360 ONE WAM Ltd,Mar 2025,Banking,Bear,-26.17,12.19,35.2,4.51,26.4,1.1,14.4,12.1,56.0,0.45,1.65,2.11,-3.3,2.46,1.05,44465.0,6.35,-6.07,0.8,24
360 ONE WAM Ltd,Mar 2026,Banking,Bear,-19.5,0.27,35.2,4.51,26.4,1.1,14.4,12.1,59.0,0.45,1.65,2.12,22.39,1.4,1.05,44465.0,7.11,11.97,0.74,28
360 ONE WAM Ltd,Sep 2023,Banking,Bull,6.38,19.6,35.2,4.51,26.4,1.1,14.4,12.1,57.0,0.45,1.65,2.14,-55.14,-43.81,1.05,44465.0,5.2,-26.86,-0.03,33
360 ONE WAM Ltd,Sep 2024,Banking,Bull,7.11,13.22,35.2,4.51,26.4,1.1,14.4,12.1,63.0,0.45,1.65,2.33,9.36,0.82,1.05,44465.0,6.73,29.42,-0.05,27
360 ONE WAM Ltd,Sep 2025,Banking,Bear,-12.89,6.8,35.2,4.51,26.4,1.1,14.4,12.1,63.0,0.45,1.65,2.74,33.74,26.0,1.05,44465.0,7.79,15.75,0.36,29
3M India Ltd,Dec 2021,Other,Bear,2.0,33.09,60.3,17.16,45.22,0.49,30.5,40.5,12.0,0.35,1.65,7.03,4.82,1.82,1.05,36864.0,59.24,8.7,0.79,30
3M India Ltd,Dec 2022,Other,Bull,-6.41,-10.75,60.3,17.16,45.22,0.49,30.5,40.5,17.0,0.35,1.65,171.0,4.82,1.82,1.05,36864.0,110.79,87.02,0.88,28
3M India Ltd,Dec 2023,Other,Bull,18.91,6.41,60.3,17.16,45.22,0.49,30.5,40.5,18.0,0.35,1.65,179.0,4.82,1.82,1.05,36864.0,120.05,8.36,0.23,31
3M India Ltd,Jun 2021,Other,Bull,-17.81,7.81,60.3,17.16,45.22,0.49,30.5,40.5,6.0,0.35,1.65,48.0,4.82,1.82,1.05,36864.0,26.72,-77.74,0.6,24
3M India Ltd,Jun 2022,Other,Bear,9.42,1.83,60.3,17.16,45.22,0.49,30.5,40.5,12.0,0.35,1.65,116.0,14.29,25.37,1.05,36864.0,74.8,150.0,0.82,28
3M India Ltd,Jun 2023,Other,Bull,19.16,8.23,60.3,17.16,45.22,0.49,30.5,40.5,16.0,0.35,1.65,173.0,5.74,3.2,1.05,36864.0,114.7,53.34,0.88,24
3M India Ltd,Jun 2024,Other,Bull,20.54,-0.45,60.3,17.16,45.22,0.49,30.5,40.5,20.0,0.35,1.65,68.33,4.08,16.3,1.05,36864.0,139.5,21.62,0.75,32
3M India Ltd,Mar 2022,Other,Bear,-23.65,10.7,60.3,17.16,45.22,0.49,30.5,40.5,17.0,0.35,1.65,79.0,24.46,270.0,1.05,36864.0,98.46,-29.42,0.71,29
3M India Ltd,Mar 2023,Other,Bear,6.78,21.13,60.3,17.16,45.22,0.49,30.5,40.5,19.0,0.35,1.65,32.33,10.81,61.9,1.05,36864.0,120.48,22.36,0.87,29
3M India Ltd,Mar 2024,Other,Bull,-14.91,27.5,60.3,17.16,45.22,0.49,30.5,40.5,20.0,0.35,1.65,214.0,4.29,34.11,1.05,36864.0,153.44,27.36,0.88,24
3M India Ltd,Sep 2021,Other,Bull,2.13,-5.4,60.3,17.16,45.22,0.49,30.5,40.5,11.0,0.35,1.65,92.0,-19.77,-59.24,1.05,36864.0,57.01,-62.85,-0.68,26
3M India Ltd,Sep 2022,Other,Bull,12.33,0.17,60.3,17.16,45.22,0.49,30.5,40.5,13.0,0.35,1.65,7.03,5.51,-4.5,1.05,36864.0,94.3,65.41,0.91,31
3M India Ltd,Sep 2023,Other,Bull,17.24,0.15,60.3,17.16,45.22,0.49,30.5,40.5,18.0,0.35,1.65,192.0,-0.57,7.35,1.05,36864.0,129.7,37.54,0.84,24
Aadhar Housing Finance Ltd,Dec 2023,Banking,Bull,5.69,1.46,17.4,2.64,13.05,0.0,15.9,11.4,44.0,0.45,1.65,14.93,8.74,9.96,1.05,20017.0,5.17,8.7,0.71,22
Aadhar Housing Finance Ltd,Dec 2024,Banking,Bear,-7.74,0.11,17.4,2.64,13.05,0.0,15.9,11.4,44.0,0.45,1.65,14.93,8.74,9.96,1.05,20017.0,5.56,7.54,0.8,28
Aadhar Housing Finance Ltd,Dec 2025,Banking,Bull,-4.89,6.11,17.4,2.64,13.05,0.0,15.9,11.4,44.0,0.45,1.65,14.93,8.74,9.96,1.05,20017.0,6.48,16.55,0.9,24
Aadhar Housing Finance Ltd,Jun 2023,Banking,Bull,5.69,1.46,17.4,2.64,13.05,0.0,15.9,11.4,44.0,0.45,1.65,14.93,8.74,9.96,1.05,20017.0,3.71,-42.75,0.62,29
Aadhar Housing Finance Ltd,Jun 2024,Banking,Bull,24.07,17.34,17.4,2.64,13.05,0.0,15.9,11.4,44.0,0.45,1.65,14.93,8.74,-1.96,1.05,20017.0,4.69,26.42,0.9,25
Aadhar Housing Finance Ltd,Jun 2025,Banking,Bull,7.39,0.32,17.4,2.64,13.05,0.0,15.9,11.4,44.0,0.45,1.65,14.93,8.74,-0.84,1.05,20017.0,5.49,17.06,0.89,29
Aadhar Housing Finance Ltd,Jun 2026,Banking,Bull,14.29,-3.39,17.4,2.64,13.05,0.0,15.9,11.4,44.0,0.45,1.65,14.93,8.74,0.36,1.05,20017.0,6.46,17.67,0.91,31
Aadhar Housing Finance Ltd,Mar 2024,Banking,Bull,5.69,27.53,17.4,2.64,13.05,0.0,15.9,11.4,44.0,0.45,1.65,14.93,8.74,38.36,1.05,20017.0,5.11,-20.9,0.92,27
Aadhar Housing Finance Ltd,Mar 2025,Banking,Bear,1.2,-2.07,17.4,2.64,13.05,0.0,15.9,11.4,44.0,0.45,1.65,14.93,8.74,22.5,1.05,20017.0,5.68,11.15,0.62,30
Aadhar Housing Finance Ltd,Mar 2026,Banking,Bear,-6.76,2.05,17.4,2.64,13.05,0.0,15.9,11.4,44.0,0.45,1.65,14.93,8.74,31.22,1.05,20017.0,7.14,25.7,0.57,28
Aadhar Housing Finance Ltd,Sep 2023,Banking,Bull,5.69,1.46,17.4,2.64,13.05,0.0,15.9,11.4,44.0,0.45,1.65,14.93,8.74,-30.14,1.05,20017.0,5.0,-29.97,0.57,28
Aadhar Housing Finance Ltd,Sep 2024,Banking,Bull,12.03,3.87,17.4,2.64,13.05,0.0,15.9,11.4,44.0,0.45,1.65,14.93,8.74,12.87,1.05,20017.0,5.29,5.8,0.72,24
Aadhar Housing Finance Ltd,Sep 2025,Banking,Bear,9.99,0.1,17.4,2.64,13.05,0.0,15.9,11.4,44.0,0.45,1.65,14.93,8.74,8.57,1.05,20017.0,6.15,16.26,0.92,28
Aarti Industries Ltd,Dec 2023,Chemicals,Bull,32.37,-1.96,34.2,3.01,25.65,0.2,7.13,6.86,15.0,0.35,1.65,4.8,4.4,0.0,1.05,17872.0,3.42,8.7,0.48,23
Aarti Industries Ltd,Dec 2024,Chemicals,Bear,-30.14,-6.9,34.2,3.01,25.65,0.2,7.13,6.86,13.0,0.35,1.65,2.72,4.4,0.0,1.05,17872.0,1.27,-62.87,-0.49,27
Aarti Industries Ltd,Dec 2025,Chemicals,Bull,-1.5,-8.03,34.2,3.01,25.65,0.2,7.13,6.86,14.0,0.35,1.65,4.65,4.4,0.0,1.05,17872.0,3.67,150.0,0.93,24
Aarti Industries Ltd,Jun 2023,Chemicals,Bull,-3.16,13.27,34.2,3.01,25.65,0.2,7.13,6.86,14.0,0.35,1.65,5.0,4.4,0.0,1.05,17872.0,1.93,-47.41,-0.68,29
Aarti Industries Ltd,Jun 2024,Chemicals,Bull,-0.01,-5.68,34.2,3.01,25.65,0.2,7.13,6.86,16.0,0.35,1.65,4.77,6.87,10.48,1.05,17872.0,3.78,95.85,0.57,31
Aarti Industries Ltd,Jun 2025,Chemicals,Bull,22.57,1.47,34.2,3.01,25.65,0.2,7.13,6.86,13.0,0.35,1.65,3.53,-9.12,-6.52,1.05,17872.0,1.19,-68.52,-0.53,30
Aarti Industries Ltd,Jun 2026,Chemicals,Bull,11.4,2.59,34.2,3.01,25.65,0.2,7.13,6.86,16.0,0.35,1.65,4.6,2.98,16.54,1.05,17872.0,4.27,150.0,0.78,26
Aarti Industries Ltd,Mar 2024,Chemicals,Bull,2.12,8.66,34.2,3.01,25.65,0.2,7.13,6.86,16.0,0.35,1.65,4.81,25.39,88.57,1.05,17872.0,3.64,-14.75,0.78,28
Aarti Industries Ltd,Mar 2025,Chemicals,Bear,-6.09,-0.41,34.2,3.01,25.65,0.2,7.13,6.86,13.0,0.35,1.65,4.09,5.29,-29.93,1.05,17872.0,2.65,-27.2,0.8,21
Aarti Industries Ltd,Mar 2026,Chemicals,Bear,6.22,-5.5,34.2,3.01,25.65,0.2,7.13,6.86,15.0,0.35,1.65,3.04,31.64,218.6,1.05,17872.0,3.78,42.64,0.91,23
Aarti Industries Ltd,Sep 2023,Chemicals,Bull,-2.23,13.12,34.2,3.01,25.65,0.2,7.13,6.86,16.0,0.35,1.65,4.02,-39.09,-41.29,1.05,17872.0,2.51,-33.6,0.54,23
Aarti Industries Ltd,Sep 2024,Chemicals,Bull,-17.17,1.38,34.2,3.01,25.65,0.2,7.13,6.86,12.0,0.35,1.65,3.18,-8.18,-60.61,1.05,17872.0,1.43,-43.03,-0.27,24
Aarti Industries Ltd,Sep 2025,Chemicals,Bear,-22.41,-4.81,34.2,3.01,25.65,0.2,7.13,6.86,14.0,0.35,1.65,2.91,7.75,10.42,1.05,17872.0,2.92,104.2,0.57,22
AAVAS Financiers Ltd,Dec 2021,Banking,Bear,2.3,-0.12,20.6,2.67,15.45,0.0,13.9,9.91,44.0,0.45,1.65,14.93,8.74,9.96,1.05,10111.0,11.25,8.7,0.78,22
AAVAS Financiers Ltd,Dec 2022,Banking,Bull,-17.24,-14.07,20.6,2.67,15.45,0.0,13.9,9.91,44.0,0.45,1.65,14.93,8.74,9.96,1.05,10111.0,13.55,20.44,0.74,20
AAVAS Financiers Ltd,Dec 2023,Banking,Bull,-14.83,-14.57,20.6,2.67,15.45,0.0,13.9,9.91,44.0,0.45,1.65,14.93,8.74,9.96,1.05,10111.0,14.75,8.86,0.77,27
AAVAS Financiers Ltd,Jun 2021,Banking,Bull,12.18,-5.11,20.6,2.67,15.45,0.0,13.9,9.91,44.0,0.45,1.65,14.93,8.74,9.96,1.05,10111.0,7.52,-49.02,0.1,26
AAVAS Financiers Ltd,Jun 2022,Banking,Bear,-19.84,3.02,20.6,2.67,15.45,0.0,13.9,9.91,44.0,0.45,1.65,14.93,8.74,0.0,1.05,10111.0,11.28,50.0,0.91,24
AAVAS Financiers Ltd,Jun 2023,Banking,Bull,-5.8,4.73,20.6,2.67,15.45,0.0,13.9,9.91,44.0,0.45,1.65,14.93,8.74,2.8,1.05,10111.0,13.89,23.14,0.74,29
AAVAS Financiers Ltd,Mar 2021,Banking,Bull,40.69,9.63,20.6,2.67,15.45,0.0,13.9,9.91,44.0,0.45,1.65,14.93,8.74,-25.64,1.05,10111.0,11.14,-19.8,-0.27,23
AAVAS Financiers Ltd,Mar 2022,Banking,Bear,-2.2,-8.87,20.6,2.67,15.45,0.0,13.9,9.91,44.0,0.45,1.65,14.93,8.74,94.92,1.05,10111.0,14.63,31.33,0.82,28
AAVAS Financiers Ltd,Mar 2023,Banking,Bear,-10.92,-5.32,20.6,2.67,15.45,0.0,13.9,9.91,44.0,0.45,1.65,14.93,8.74,42.7,1.05,10111.0,16.04,9.64,0.88,28
AAVAS Financiers Ltd,Mar 2024,Banking,Bull,-15.73,17.53,20.6,2.67,15.45,0.0,13.9,9.91,44.0,0.45,1.65,14.93,8.74,29.09,1.05,10111.0,18.0,12.22,0.92,24
AAVAS Financiers Ltd,Sep 2021,Banking,Bull,-4.88,-9.43,20.6,2.67,15.45,0.0,13.9,9.91,44.0,0.45,1.65,14.93,8.74,5.75,1.05,10111.0,11.65,-35.28,-0.53,24
AAVAS Financiers Ltd,Sep 2022,Banking,Bull,15.51,-3.12,20.6,2.67,15.45,0.0,13.9,9.91,44.0,0.45,1.65,14.93,8.74,-6.96,1.05,10111.0,13.49,15.79,0.92,30
AAVAS Financiers Ltd,Sep 2023,Banking,Bull,13.24,3.78,20.6,2.67,15.45,0.0,13.9,9.91,44.0,0.45,1.65,14.93,8.74,-3.94,1.05,10111.0,15.38,14.01,-0.38,26
Aditya Birla Capital Ltd,Dec 2023,Banking,Bull,-7.91,5.75,26.9,3.02,20.18,0.0,12.0,8.72,44.0,0.45,1.65,14.93,8.74,9.96,1.05,108133.0,2.83,8.7,0.59,26
Aditya Birla Capital Ltd,Dec 2024,Banking,Bear,-26.53,-4.14,26.9,3.02,20.18,0.0,12.0,8.72,44.0,0.45,1.65,14.93,8.74,9.96,1.05,108133.0,2.72,-3.89,0.23,28
Aditya Birla Capital Ltd,Dec 2025,Banking,Bull,19.29,5.1,26.9,3.02,20.18,0.0,12.0,8.72,44.0,0.45,1.65,14.93,8.74,9.96,1.05,108133.0,3.61,32.72,0.88,32
Aditya Birla Capital Ltd,Jun 2023,Banking,Bull,27.63,0.0,26.9,3.02,20.18,0.0,12.0,8.72,44.0,0.45,1.65,14.93,8.74,9.96,1.05,108133.0,2.5,-30.75,0.05,26
Aditya Birla Capital Ltd,Jun 2024,Banking,Bull,31.27,4.63,26.9,3.02,20.18,0.0,12.0,8.72,44.0,0.45,1.65,14.93,8.74,2.5,1.05,108133.0,2.92,16.8,0.92,34
Aditya Birla Capital Ltd,Jun 2025,Banking,Bull,50.3,2.95,26.9,3.02,20.18,0.0,12.0,8.72,44.0,0.45,1.65,14.93,8.74,17.96,1.05,108133.0,3.21,9.93,0.48,26
Aditya Birla Capital Ltd,Jun 2026,Banking,Bull,29.4,1.72,26.9,3.02,20.18,0.0,12.0,8.72,44.0,0.45,1.65,14.93,8.74,26.71,1.05,108133.0,4.3,33.96,0.9,35
Aditya Birla Capital Ltd,Mar 2024,Banking,Bull,5.63,8.85,26.9,3.02,20.18,0.0,12.0,8.72,44.0,0.45,1.65,14.93,8.74,93.39,1.05,108133.0,4.79,11.4,0.78,31
Aditya Birla Capital Ltd,Mar 2025,Banking,Bear,3.39,11.59,26.9,3.02,20.18,0.0,12.0,8.72,44.0,0.45,1.65,14.93,8.74,13.74,1.05,108133.0,3.32,-30.69,-0.79,26
Aditya Birla Capital Ltd,Mar 2026,Banking,Bear,-19.26,0.27,26.9,3.02,20.18,0.0,12.0,8.72,44.0,0.45,1.65,14.93,8.74,22.6,1.05,108133.0,3.86,16.27,0.9,31
Aditya Birla Capital Ltd,Sep 2023,Banking,Bull,-7.74,-8.86,26.9,3.02,20.18,0.0,12.0,8.72,44.0,0.45,1.65,14.93,8.74,-40.77,1.05,108133.0,2.71,-29.79,0.54,30
Aditya Birla Capital Ltd,Sep 2024,Banking,Bull,-1.13,6.31,26.9,3.02,20.18,0.0,12.0,8.72,44.0,0.45,1.65,14.93,8.74,-20.73,1.05,108133.0,3.84,41.7,0.62,29
Aditya Birla Capital Ltd,Sep 2025,Banking,Bear,4.11,5.08,26.9,3.02,20.18,0.0,12.0,8.72,44.0,0.45,1.65,14.93,8.74,-0.45,1.05,108133.0,3.27,-14.84,-0.49,31
Allied Blenders & Distillers Ltd,Dec 2023,Other,Bull,10.08,5.1,79.3,10.64,59.48,0.85,14.3,18.4,7.0,0.35,1.65,1.28,4.82,1.82,1.05,17692.0,-0.18,-8.7,0.71,24
Allied Blenders & Distillers Ltd,Dec 2024,Other,Bear,25.56,8.01,79.3,10.64,59.48,0.85,14.3,18.4,12.0,0.35,1.65,4.33,4.82,1.82,1.05,17692.0,2.05,150.0,0.9,26
Allied Blenders & Distillers Ltd,Dec 2025,Other,Bull,15.74,-6.68,79.3,10.64,59.48,0.85,14.3,18.4,14.0,0.35,1.65,5.23,4.82,1.82,1.05,17692.0,2.38,16.1,0.93,23
Allied Blenders & Distillers Ltd,Jun 2023,Other,Bull,9.01,3.98,79.3,10.64,59.48,0.85,14.3,18.4,6.0,0.35,1.65,1.33,4.82,1.82,1.05,17692.0,-0.11,-100.0,-0.57,21
Allied Blenders & Distillers Ltd,Jun 2024,Other,Bull,-61.34,17.62,79.3,10.64,59.48,0.85,14.3,18.4,10.0,0.35,1.65,1.68,-15.31,-375.0,1.05,17692.0,0.4,150.0,0.71,24
Allied Blenders & Distillers Ltd,Jun 2025,Other,Bull,42.12,9.8,79.3,10.64,59.48,0.85,14.3,18.4,12.0,0.35,1.65,4.15,-5.24,-1.75,1.05,17692.0,2.02,150.0,0.82,31
Allied Blenders & Distillers Ltd,Jun 2026,Other,Bull,59.81,-0.11,79.3,10.64,59.48,0.85,14.3,18.4,12.0,0.35,1.65,3.97,-2.39,-29.69,1.05,17692.0,1.76,-12.87,-0.25,27
Allied Blenders & Distillers Ltd,Mar 2024,Other,Bull,-11.32,-9.37,79.3,10.64,59.48,0.85,14.3,18.4,8.0,0.35,1.65,1.33,-5.65,-33.33,1.05,17692.0,-0.1,-100.0,-0.53,22
Allied Blenders & Distillers Ltd,Mar 2025,Other,Bear,-28.66,3.41,79.3,10.64,59.48,0.85,14.3,18.4,15.0,0.35,1.65,4.86,21.5,618.18,1.05,17692.0,2.81,150.0,0.74,28
Allied Blenders & Distillers Ltd,Mar 2026,Other,Bear,-32.79,16.04,79.3,10.64,59.48,0.85,14.3,18.4,17.0,0.35,1.65,3.31,9.1,-32.14,1.05,17692.0,1.46,-48.04,-0.4,29
Allied Blenders & Distillers Ltd,Sep 2023,Other,Bull,-17.72,-14.48,79.3,10.64,59.48,0.85,14.3,18.4,8.0,0.35,1.65,1.65,-13.07,-75.56,1.05,17692.0,0.46,-68.49,0.6,24
Allied Blenders & Distillers Ltd,Sep 2024,Other,Bull,6.64,18.28,79.3,10.64,59.48,0.85,14.3,18.4,12.0,0.35,1.65,4.12,13.02,-596.89,1.05,17692.0,1.7,150.0,0.88,30
Allied Blenders & Distillers Ltd,Sep 2025,Other,Bear,18.23,-6.6,79.3,10.64,59.48,0.85,14.3,18.4,13.0,0.35,1.65,4.17,7.49,-20.25,1.05,17692.0,2.3,35.29,0.92,29
Aditya Birla Fashion & Retail Ltd,Dec 2023,Other,Bull,3.59,-16.27,35.9,1.05,26.92,0.0,-13.6,-3.76,13.0,0.35,1.65,2.26,4.82,1.82,1.05,6156.0,-0.82,-8.7,0.87,26
Aditya Birla Fashion & Retail Ltd,Dec 2024,Other,Bear,-20.55,-13.06,35.9,1.05,26.92,0.0,-13.6,-3.76,13.0,0.35,1.65,1.94,4.82,1.82,1.05,6156.0,-0.48,41.46,0.87,20
Aditya Birla Fashion & Retail Ltd,Dec 2025,Other,Bull,-11.12,-5.6,35.9,1.05,26.92,0.0,-13.6,-3.76,13.0,0.35,1.65,2.29,4.82,1.82,1.05,6156.0,-1.25,-100.0,-0.3,27
Aditya Birla Fashion & Retail Ltd,Jun 2023,Other,Bull,-1.09,7.37,35.9,1.05,26.92,0.0,-13.6,-3.76,9.0,0.35,1.65,1.56,4.82,1.82,1.05,6156.0,-1.49,-19.2,0.03,21
Aditya Birla Fashion & Retail Ltd,Jun 2024,Other,Bull,47.48,2.85,35.9,1.05,26.92,0.0,-13.6,-3.76,5.0,0.35,1.65,0.67,-55.39,99.07,1.05,6156.0,-1.59,-6.71,0.34,25
Aditya Birla Fashion & Retail Ltd,Jun 2025,Other,Bull,-70.95,15.59,35.9,1.05,26.92,0.0,-13.6,-3.76,6.0,0.35,1.65,0.94,-16.81,457.14,1.05,6156.0,-1.74,-9.43,0.87,27
Aditya Birla Fashion & Retail Ltd,Jun 2026,Other,Bull,0.02,-5.06,35.9,1.05,26.92,0.0,-13.6,-3.76,5.0,0.35,1.65,0.81,-14.66,81.75,1.05,6156.0,-1.76,-1.15,0.57,27
Aditya Birla Fashion & Retail Ltd,Mar 2024,Other,Bull,-8.99,24.92,35.9,1.05,26.92,0.0,-13.6,-3.76,2.2,0.35,1.65,0.23,-50.72,64.2,1.05,6156.0,-2.26,-28.41,0.9,21
Aditya Birla Fashion & Retail Ltd,Mar 2025,Other,Bear,-9.08,-73.4,35.9,1.05,26.92,0.0,-13.6,-3.76,12.0,0.35,1.65,1.39,2.69,-88.84,1.05,6156.0,-0.14,93.81,0.82,20
Aditya Birla Fashion & Retail Ltd,Mar 2026,Other,Bear,-29.19,-4.4,35.9,1.05,26.92,0.0,-13.6,-3.76,9.0,0.35,1.65,1.29,8.68,-29.91,1.05,6156.0,-1.22,-100.0,0.05,22
Aditya Birla Fashion & Retail Ltd,Sep 2023,Other,Bull,1.11,8.11,35.9,1.05,26.92,0.0,-13.6,-3.76,10.0,0.35,1.65,1.55,59.23,-19.68,1.05,6156.0,-1.89,-54.92,0.13,25
Aditya Birla Fashion & Retail Ltd,Sep 2024,Other,Bull,8.28,3.36,35.9,1.05,26.92,0.0,-13.6,-3.76,4.4,0.35,1.65,0.55,11.81,-34.21,1.05,6156.0,-1.36,28.04,0.91,18
Aditya Birla Fashion & Retail Ltd,Sep 2025,Other,Bear,13.39,-3.57,35.9,1.05,26.92,0.0,-13.6,-3.76,3.1,0.35,1.65,0.5,15.3,724.9,1.05,6156.0,-2.16,-58.82,0.7,25
Aditya Birla Lifestyle Brands Ltd,Dec 2024,Other,Bear,-10.4,-6.95,47.8,7.21,35.85,0.6,14.9,15.0,16.0,0.35,1.65,3.47,4.82,1.82,1.05,10205.0,0.0,8.7,0.03,20
Aditya Birla Lifestyle Brands Ltd,Dec 2025,Other,Bull,-4.72,2.23,47.8,7.21,35.85,0.6,14.9,15.0,18.0,0.35,1.65,4.34,4.82,1.82,1.05,10205.0,0.57,8.7,0.79,24
Aditya Birla Lifestyle Brands Ltd,Jun 2024,Other,Bull,7.57,3.04,47.8,7.21,35.85,0.6,14.9,15.0,16.0,0.35,1.65,2.88,4.82,1.82,1.05,10205.0,0.0,8.7,0.51,27
Aditya Birla Lifestyle Brands Ltd,Jun 2025,Other,Bull,2.55,5.68,47.8,7.21,35.85,0.6,14.9,15.0,14.0,0.35,1.65,3.09,4.82,1.82,1.05,10205.0,0.2,8.7,0.59,21
Aditya Birla Lifestyle Brands Ltd,Jun 2026,Other,Bull,2.89,-5.92,47.8,7.21,35.85,0.6,14.9,15.0,15.0,0.35,1.65,3.71,-4.3,-51.67,1.05,10205.0,0.24,20.0,0.7,24
Aditya Birla Lifestyle Brands Ltd,Mar 2025,Other,Bear,-17.56,-12.9,47.8,7.21,35.85,0.6,14.9,15.0,16.0,0.35,1.65,3.47,-17.11,-44.93,1.05,10205.0,0.0,8.7,-0.4,29
Aditya Birla Lifestyle Brands Ltd,Mar 2026,Other,Bear,-30.21,-5.51,47.8,7.21,35.85,0.6,14.9,15.0,16.0,0.35,1.65,4.09,21.86,139.13,1.05,10205.0,0.45,8.7,0.79,30
Aditya Birla Lifestyle Brands Ltd,Sep 2024,Other,Bull,-42.93,-59.4,47.8,7.21,35.85,0.6,14.9,15.0,14.0,0.35,1.65,2.58,6.74,-345.83,1.05,10205.0,0.0,8.7,0.2,27
Aditya Birla Lifestyle Brands Ltd,Sep 2025,Other,Bear,-14.79,-7.15,47.8,7.21,35.85,0.6,14.9,15.0,16.0,0.35,1.65,3.23,-0.39,-20.69,1.05,10205.0,0.19,8.7,-0.46,26
Aditya Birla Real Estate Ltd,Dec 2023,Other,Bull,9.8,3.09,35.9,3.87,26.92,0.2,-2.64,-4.48,18.0,0.35,1.65,23.88,4.82,1.82,1.05,14315.0,7.46,8.7,0.78,21
Aditya Birla Real Estate Ltd,Dec 2024,Other,Bear,-13.22,-0.74,35.9,3.87,26.92,0.2,-2.64,-4.48,-9.0,0.35,1.65,-2.25,4.82,1.82,1.05,14315.0,-3.63,-100.0,0.13,30
Aditya Birla Real Estate Ltd,Dec 2025,Other,Bull,1.61,-16.6,35.9,3.87,26.92,0.2,-2.64,-4.48,-112.0,0.35,1.65,-4.79,4.82,1.82,1.05,14315.0,-6.52,-79.61,-0.44,30
Aditya Birla Real Estate Ltd,Jun 2023,Other,Bull,31.29,6.06,35.9,3.87,26.92,0.2,-2.64,-4.48,15.0,0.35,1.65,22.67,4.82,1.82,1.05,14315.0,-0.53,91.87,0.9,27
Aditya Birla Real Estate Ltd,Jun 2024,Other,Bull,35.31,35.92,35.9,3.87,26.92,0.2,-2.64,-4.48,11.0,0.35,1.65,3.45,-55.39,-78.75,1.05,14315.0,0.7,150.0,0.87,24
Aditya Birla Real Estate Ltd,Jun 2025,Other,Bull,23.64,-2.26,35.9,3.87,26.92,0.2,-2.64,-4.48,-29.0,0.35,1.65,-6.0,-28.43,-35.71,1.05,14315.0,-2.28,-100.0,-0.18,25
Aditya Birla Real Estate Ltd,Jun 2026,Other,Bull,14.6,-1.08,35.9,3.87,26.92,0.2,-2.64,-4.48,-30.0,0.35,1.65,-2.19,123.91,-53.33,1.05,14315.0,-3.45,-51.32,-0.08,20
Aditya Birla Real Estate Ltd,Mar 2024,Other,Bull,27.34,9.64,35.9,3.87,26.92,0.2,-2.64,-4.48,24.0,0.35,1.65,19.9,-8.95,-400.0,1.05,14315.0,0.34,109.86,0.93,30
Aditya Birla Real Estate Ltd,Mar 2025,Other,Bear,-22.49,19.65,35.9,3.87,26.92,0.2,-2.64,-4.48,-8.0,0.35,1.65,-2.58,11.9,-596.89,1.05,14315.0,-11.73,-100.0,0.57,24
Aditya Birla Real Estate Ltd,Mar 2026,Other,Bear,-33.18,-7.24,35.9,3.87,26.92,0.2,-2.64,-4.48,-200.0,0.35,1.65,-7.9,-43.15,-118.52,1.05,14315.0,0.97,108.27,0.78,25
Aditya Birla Real Estate Ltd,Sep 2023,Other,Bull,29.65,-1.13,35.9,3.87,26.92,0.2,-2.64,-4.48,6.0,0.35,1.65,4.9,123.91,-5.71,1.05,14315.0,-2.73,-100.0,0.13,23
Aditya Birla Real Estate Ltd,Sep 2024,Other,Bull,24.03,8.04,35.9,3.87,26.92,0.2,-2.64,-4.48,10.0,0.35,1.65,1.8,-55.39,-85.71,1.05,14315.0,0.23,108.42,-0.05,28
Aditya Birla Real Estate Ltd,Sep 2025,Other,Bear,-29.86,-1.79,35.9,3.87,26.92,0.2,-2.64,-4.48,-75.0,0.35,1.65,-4.11,-55.39,-86.67,1.05,14315.0,-1.41,-100.0,-0.2,28
Aditya Birla Sun Life AMC Ltd,Dec 2023,Banking,Bull,7.15,-10.02,31.8,7.93,23.85,2.3,25.2,32.2,57.0,0.45,1.65,194.0,8.74,9.96,1.05,32116.0,7.27,8.7,0.8,31
Aditya Birla Sun Life AMC Ltd,Dec 2024,Banking,Bear,11.58,0.85,31.8,7.93,23.85,2.3,25.2,32.2,62.0,0.45,1.65,137.0,8.74,9.96,1.05,32116.0,7.78,7.02,0.57,22
Aditya Birla Sun Life AMC Ltd,Dec 2025,Banking,Bull,0.69,-8.47,31.8,7.93,23.85,2.3,25.2,32.2,61.0,0.45,1.65,268.88,8.74,9.96,1.05,32116.0,9.33,19.92,0.86,26
Aditya Birla Sun Life AMC Ltd,Jun 2023,Banking,Bull,14.03,6.69,31.8,7.93,23.85,2.3,25.2,32.2,55.0,0.45,1.65,170.0,8.74,9.96,1.05,32116.0,6.41,-31.3,-0.18,22
Aditya Birla Sun Life AMC Ltd,Jun 2024,Banking,Bull,36.49,5.64,31.8,7.93,23.85,2.3,25.2,32.2,57.0,0.45,1.65,220.0,13.49,12.92,1.05,32116.0,8.18,27.61,0.87,29
Aditya Birla Sun Life AMC Ltd,Jun 2025,Banking,Bull,24.7,-1.57,31.8,7.93,23.85,2.3,25.2,32.2,59.0,0.45,1.65,266.0,0.45,23.66,1.05,32116.0,9.6,17.36,0.62,27
Aditya Birla Sun Life AMC Ltd,Jun 2026,Banking,Bull,28.1,2.84,31.8,7.93,23.85,2.3,25.2,32.2,56.0,0.45,1.65,258.0,-3.14,14.44,1.05,32116.0,10.7,11.46,0.46,28
Aditya Birla Sun Life AMC Ltd,Mar 2024,Banking,Bull,-4.1,28.13,31.8,7.93,23.85,2.3,25.2,32.2,56.0,0.45,1.65,102.5,17.68,12.43,1.05,32116.0,7.23,-32.43,-0.34,32
Aditya Birla Sun Life AMC Ltd,Mar 2025,Banking,Bear,-23.86,12.67,31.8,7.93,23.85,2.3,25.2,32.2,57.0,0.45,1.65,244.0,10.85,-3.39,1.05,32116.0,7.91,9.41,0.77,32
Aditya Birla Sun Life AMC Ltd,Mar 2026,Banking,Bear,4.14,6.87,31.8,7.93,23.85,2.3,25.2,32.2,58.0,0.45,1.65,266.0,2.46,-32.49,1.05,32116.0,6.48,-18.08,0.0,25
Aditya Birla Sun Life AMC Ltd,Sep 2023,Banking,Bull,16.35,1.53,31.8,7.93,23.85,2.3,25.2,32.2,57.0,0.45,1.65,96.0,-27.65,-42.39,1.05,32116.0,6.18,-4.63,-0.13,28
Aditya Birla Sun Life AMC Ltd,Sep 2024,Banking,Bull,15.16,3.12,31.8,7.93,23.85,2.3,25.2,32.2,59.0,0.45,1.65,250.0,15.85,16.35,1.05,32116.0,8.41,36.08,0.93,28
Aditya Birla Sun Life AMC Ltd,Sep 2025,Banking,Bear,2.86,0.01,31.8,7.93,23.85,2.3,25.2,32.2,61.0,0.45,1.65,268.88,7.46,5.7,1.05,32116.0,8.36,-0.59,0.78,22
ACC Ltd,Dec 2023,Manufacturing,Bull,8.67,-6.57,12.3,1.14,9.22,0.6,10.9,11.2,18.0,0.35,1.65,26.62,4.53,4.31,1.05,23408.0,28.63,8.7,0.2,30
ACC Ltd,Dec 2024,Manufacturing,Bear,-18.26,-5.11,12.3,1.14,9.22,0.6,10.9,11.2,19.0,0.35,1.65,39.86,4.53,4.31,1.05,23408.0,58.14,103.07,0.64,29
ACC Ltd,Dec 2025,Manufacturing,Bull,-4.94,-1.49,12.3,1.14,9.22,0.6,10.9,11.2,11.0,0.35,1.65,26.92,4.53,4.31,1.05,23408.0,21.52,-62.99,-0.08,25
ACC Ltd,Jun 2023,Manufacturing,Bull,6.13,7.72,12.3,1.14,9.22,0.6,10.9,11.2,15.0,0.35,1.65,30.84,4.53,4.31,1.05,23408.0,24.82,15.33,0.86,27
ACC Ltd,Jun 2024,Manufacturing,Bull,3.22,7.68,12.3,1.14,9.22,0.6,10.9,11.2,13.0,0.35,1.65,20.58,5.8,-33.09,1.05,23408.0,19.15,-22.84,-0.03,31
ACC Ltd,Jun 2025,Manufacturing,Bull,-1.4,0.37,12.3,1.14,9.22,0.6,10.9,11.2,13.0,0.35,1.65,25.93,1.93,-65.66,1.05,23408.0,19.99,4.39,0.32,27
ACC Ltd,Jun 2026,Manufacturing,Bull,0.53,-0.77,12.3,1.14,9.22,0.6,10.9,11.2,8.0,0.35,1.65,16.93,-10.41,-63.61,1.05,23408.0,7.83,-60.83,-0.08,30
ACC Ltd,Mar 2024,Manufacturing,Bull,11.07,7.24,12.3,1.14,9.22,0.6,10.9,11.2,15.0,0.35,1.65,12.49,4.0,102.36,1.05,23408.0,50.23,150.0,0.79,23
ACC Ltd,Mar 2025,Manufacturing,Bear,-5.39,-1.59,12.3,1.14,9.22,0.6,10.9,11.2,14.0,0.35,1.65,59.29,17.62,108.61,1.05,23408.0,39.99,-20.39,0.81,28
ACC Ltd,Mar 2026,Manufacturing,Bear,-27.91,-1.36,12.3,1.14,9.22,0.6,10.9,11.2,9.0,0.35,1.65,23.19,17.4,-36.53,1.05,23408.0,12.69,-68.27,-0.03,24
ACC Ltd,Sep 2023,Manufacturing,Bull,10.82,20.48,12.3,1.14,9.22,0.6,10.9,11.2,12.0,0.35,1.65,18.93,-23.64,163.95,1.05,23408.0,20.65,62.73,0.93,29
ACC Ltd,Sep 2024,Manufacturing,Bull,-8.59,2.77,12.3,1.14,9.22,0.6,10.9,11.2,9.0,0.35,1.65,13.21,-14.33,-78.79,1.05,23408.0,10.63,-48.52,0.2,31
ACC Ltd,Sep 2025,Manufacturing,Bear,-5.03,-3.74,12.3,1.14,9.22,0.6,10.9,11.2,14.0,0.35,1.65,29.17,-1.8,49.0,1.05,23408.0,59.6,150.0,0.87,32
Action Construction Equipment Ltd,Dec 2023,Manufacturing,Bull,23.01,0.51,30.8,6.68,23.1,0.18,22.8,31.6,14.0,0.35,1.65,17.17,4.53,4.31,1.05,13444.0,7.41,8.7,0.74,22
Action Construction Equipment Ltd,Dec 2024,Manufacturing,Bear,8.31,7.76,30.8,6.68,23.1,0.18,22.8,31.6,15.0,0.35,1.65,16.88,4.53,4.31,1.05,13444.0,9.38,26.59,0.88,27
Action Construction Equipment Ltd,Dec 2025,Manufacturing,Bull,-11.49,-0.93,30.8,6.68,23.1,0.18,22.8,31.6,15.0,0.35,1.65,26.0,4.53,4.31,1.05,13444.0,9.78,4.26,0.38,25
Action Construction Equipment Ltd,Jun 2023,Manufacturing,Bull,18.84,-9.98,30.8,6.68,23.1,0.18,22.8,31.6,13.0,0.35,1.65,27.33,4.53,4.31,1.05,13444.0,5.67,-42.02,0.46,24
Action Construction Equipment Ltd,Jun 2024,Manufacturing,Bull,-7.44,-0.86,30.8,6.68,23.1,0.18,22.8,31.6,13.0,0.35,1.65,14.14,-2.52,-4.55,1.05,13444.0,7.07,24.69,0.81,21
Action Construction Equipment Ltd,Jun 2025,Manufacturing,Bull,-2.99,17.0,30.8,6.68,23.1,0.18,22.8,31.6,14.0,0.35,1.65,11.62,-25.49,-12.5,1.05,13444.0,8.21,16.12,0.91,21
Action Construction Equipment Ltd,Jun 2026,Manufacturing,Bull,26.19,2.42,30.8,6.68,23.1,0.18,22.8,31.6,15.0,0.35,1.65,23.6,-8.07,2.59,1.05,13444.0,10.03,22.17,0.75,29
Action Construction Equipment Ltd,Mar 2024,Manufacturing,Bull,68.65,6.04,30.8,6.68,23.1,0.18,22.8,31.6,16.0,0.35,1.65,11.82,28.22,44.12,1.05,13444.0,8.27,-17.55,0.87,23
Action Construction Equipment Ltd,Mar 2025,Manufacturing,Bear,-19.04,-1.95,30.8,6.68,23.1,0.18,22.8,31.6,17.0,0.35,1.65,41.0,30.93,41.67,1.05,13444.0,9.96,20.44,0.36,30
Action Construction Equipment Ltd,Mar 2026,Manufacturing,Bear,-20.66,4.82,30.8,6.68,23.1,0.18,22.8,31.6,17.0,0.35,1.65,57.33,57.82,13.27,1.05,13444.0,9.31,-6.53,0.71,28
Action Construction Equipment Ltd,Sep 2023,Manufacturing,Bull,39.56,-1.83,30.8,6.68,23.1,0.18,22.8,31.6,13.0,0.35,1.65,22.25,-14.38,-37.82,1.05,13444.0,6.21,-33.3,0.15,23
Action Construction Equipment Ltd,Sep 2024,Manufacturing,Bull,-4.76,10.62,30.8,6.68,23.1,0.18,22.8,31.6,14.0,0.35,1.65,12.11,-9.45,-3.06,1.05,13444.0,7.96,28.18,0.78,24
Action Construction Equipment Ltd,Sep 2025,Manufacturing,Bear,-10.85,0.88,30.8,6.68,23.1,0.18,22.8,31.6,15.0,0.35,1.65,18.17,-22.58,-24.37,1.05,13444.0,7.56,-5.03,-0.53,28
ACME Solar Holdings Ltd,Dec 2023,Other,Bull,21.16,6.12,47.8,4.81,35.85,0.05,10.4,8.89,84.0,0.35,1.65,1.37,4.82,1.82,1.05,28438.0,4.26,8.7,0.23,30
ACME Solar Holdings Ltd,Dec 2024,Other,Bear,-6.91,-2.93,47.8,4.81,35.85,0.05,10.4,8.89,88.0,0.35,1.65,1.72,4.82,1.82,1.05,28438.0,1.85,-56.57,0.54,30
ACME Solar Holdings Ltd,Dec 2025,Other,Bull,-17.62,10.63,47.8,4.81,35.85,0.05,10.4,8.89,89.0,0.35,1.65,1.54,4.82,1.82,1.05,28438.0,1.88,1.62,0.78,25
ACME Solar Holdings Ltd,Jun 2023,Other,Bull,16.57,10.65,47.8,4.81,35.85,0.05,10.4,8.89,87.0,0.35,1.65,1.71,4.82,1.82,1.05,28438.0,7.88,150.0,0.81,22
ACME Solar Holdings Ltd,Jun 2024,Other,Bull,-2.18,-15.13,47.8,4.81,35.85,0.05,10.4,8.89,88.0,0.35,1.65,1.39,-6.63,-97.73,1.05,28438.0,0.03,-99.62,-0.53,31
ACME Solar Holdings Ltd,Jun 2025,Other,Bull,30.02,12.93,47.8,4.81,35.85,0.05,10.4,8.89,90.0,0.35,1.65,1.97,46.42,16.96,1.05,28438.0,2.16,150.0,0.9,27
ACME Solar Holdings Ltd,Jun 2026,Other,Bull,42.63,7.89,47.8,4.81,35.85,0.05,10.4,8.89,86.0,0.35,1.65,2.13,72.64,106.14,1.05,28438.0,3.33,54.17,0.71,22
ACME Solar Holdings Ltd,Mar 2024,Other,Bull,88.58,93.81,47.8,4.81,35.85,0.05,10.4,8.89,68.0,0.35,1.65,1.14,-20.05,548.78,1.05,28438.0,50.97,150.0,0.9,22
ACME Solar Holdings Ltd,Mar 2025,Other,Bear,-18.19,4.11,47.8,4.81,35.85,0.05,10.4,8.89,90.0,0.35,1.65,2.12,57.1,724.9,1.05,28438.0,2.04,-96.0,0.82,27
ACME Solar Holdings Ltd,Mar 2026,Other,Bear,10.09,21.65,47.8,4.81,35.85,0.05,10.4,8.89,87.0,0.35,1.65,1.42,7.24,5.34,1.05,28438.0,2.3,12.75,0.23,28
ACME Solar Holdings Ltd,Sep 2023,Other,Bull,-18.13,-21.25,47.8,4.81,35.85,0.05,10.4,8.89,90.0,0.35,1.65,1.45,-55.39,-83.4,1.05,28438.0,3.7,60.87,0.87,26
ACME Solar Holdings Ltd,Sep 2024,Other,Bull,-8.94,6.48,47.8,4.81,35.85,0.05,10.4,8.89,85.0,0.35,1.65,1.24,-11.86,-97.18,1.05,28438.0,0.29,-92.16,-0.3,29
ACME Solar Holdings Ltd,Sep 2025,Other,Bear,11.36,-8.58,47.8,4.81,35.85,0.05,10.4,8.89,86.0,0.35,1.65,1.51,-3.9,-5.74,1.05,28438.0,1.9,150.0,0.9,26
Acutaas Chemicals Ltd,Dec 2023,Pharma,Bull,-8.59,-0.79,71.7,16.75,53.78,0.07,24.0,31.6,16.0,0.35,1.65,9.0,8.41,5.51,1.05,27703.0,2.27,8.7,0.48,31
Acutaas Chemicals Ltd,Dec 2024,Pharma,Bear,24.93,-3.01,71.7,16.75,53.78,0.07,24.0,31.6,25.0,0.35,1.65,69.0,8.41,5.51,1.05,27703.0,5.49,141.85,0.84,28
Acutaas Chemicals Ltd,Dec 2025,Pharma,Bull,23.41,-0.3,71.7,16.75,53.78,0.07,24.0,31.6,38.0,0.35,1.65,151.0,8.41,5.51,1.05,27703.0,13.19,140.26,0.74,26
Acutaas Chemicals Ltd,Jun 2023,Pharma,Bull,38.32,-0.97,71.7,16.75,53.78,0.07,24.0,31.6,22.0,0.35,1.65,34.0,8.41,5.51,1.05,27703.0,2.71,-79.45,0.46,25
Acutaas Chemicals Ltd,Jun 2024,Pharma,Bull,16.02,20.21,71.7,16.75,53.78,0.07,24.0,31.6,17.0,0.35,1.65,7.5,6.63,-16.67,1.05,27703.0,1.71,-36.9,-0.57,24
Acutaas Chemicals Ltd,Jun 2025,Pharma,Bull,-9.45,8.39,71.7,16.75,53.78,0.07,24.0,31.6,25.0,0.35,1.65,51.0,-24.73,-2.22,1.05,27703.0,5.41,150.0,0.88,26
Acutaas Chemicals Ltd,Jun 2026,Pharma,Bull,51.2,2.61,71.7,16.75,53.78,0.07,24.0,31.6,34.0,0.35,1.65,113.0,-16.03,-29.25,1.05,27703.0,9.07,67.65,0.8,31
Acutaas Chemicals Ltd,Mar 2024,Pharma,Bull,-4.43,6.36,71.7,16.75,53.78,0.07,24.0,31.6,19.0,0.35,1.65,21.5,46.1,18.18,1.05,27703.0,3.41,-62.4,0.36,22
Acutaas Chemicals Ltd,Mar 2025,Pharma,Bear,17.05,-2.99,71.7,16.75,53.78,0.07,24.0,31.6,28.0,0.35,1.65,85.0,74.01,320.0,1.05,27703.0,7.63,123.75,0.64,25
Acutaas Chemicals Ltd,Mar 2026,Pharma,Bear,46.14,15.17,71.7,16.75,53.78,0.07,24.0,31.6,42.0,0.35,1.65,184.0,109.18,204.55,1.05,27703.0,16.09,110.88,0.8,25
Acutaas Chemicals Ltd,Sep 2023,Pharma,Bull,-3.45,6.19,71.7,16.75,53.78,0.07,24.0,31.6,14.0,0.35,1.65,25.0,-47.88,-122.67,1.05,27703.0,-2.55,-100.0,-0.74,29
Acutaas Chemicals Ltd,Sep 2024,Pharma,Bull,32.45,2.65,71.7,16.75,53.78,0.07,24.0,31.6,20.0,0.35,1.65,11.1,9.78,46.15,1.05,27703.0,4.56,150.0,0.87,32
Acutaas Chemicals Ltd,Sep 2025,Pharma,Bear,17.58,-4.6,71.7,16.75,53.78,0.07,24.0,31.6,31.0,0.35,1.65,95.0,-0.65,14.29,1.05,27703.0,8.82,93.42,0.87,28
Aegis Logistics Ltd,Dec 2023,Other,Bull,6.98,10.15,38.0,7.83,28.5,0.64,16.3,13.3,11.0,0.35,1.65,7.07,4.82,1.82,1.05,47511.0,3.71,8.7,0.88,24
Aegis Logistics Ltd,Dec 2024,Other,Bear,7.26,-10.25,38.0,7.83,28.5,0.64,16.3,13.3,14.0,0.35,1.65,4.57,4.82,1.82,1.05,47511.0,3.54,-4.58,0.53,23
Aegis Logistics Ltd,Dec 2025,Other,Bull,-8.84,8.96,38.0,7.83,28.5,0.64,16.3,13.3,17.0,0.35,1.65,11.42,4.82,1.82,1.05,47511.0,5.04,42.37,0.8,23
Aegis Logistics Ltd,Jun 2023,Other,Bull,-14.29,-5.21,38.0,7.83,28.5,0.64,16.3,13.3,9.0,0.35,1.65,6.53,4.82,1.82,1.05,47511.0,3.3,-34.52,-0.4,25
Aegis Logistics Ltd,Jun 2024,Other,Bull,101.45,6.96,38.0,7.83,28.5,0.64,16.3,13.3,15.0,0.35,1.65,7.48,-14.52,3.95,1.05,47511.0,3.75,13.64,0.75,29
Aegis Logistics Ltd,Jun 2025,Other,Bull,-0.51,1.19,38.0,7.83,28.5,0.64,16.3,13.3,14.0,0.35,1.65,7.27,0.7,9.38,1.05,47511.0,3.74,-0.27,0.71,25
Aegis Logistics Ltd,Jun 2026,Other,Bull,94.56,0.17,38.0,7.83,28.5,0.64,16.3,13.3,30.0,0.35,1.65,14.88,36.64,133.91,1.05,47511.0,13.8,150.0,0.82,32
Aegis Logistics Ltd,Mar 2024,Other,Bull,28.35,37.52,38.0,7.83,28.5,0.64,16.3,13.3,17.0,0.35,1.65,10.59,-12.57,78.2,1.05,47511.0,5.59,-59.49,0.92,30
Aegis Logistics Ltd,Mar 2025,Other,Bear,-1.11,-4.55,38.0,7.83,28.5,0.64,16.3,13.3,24.0,0.35,1.65,7.87,6.5,101.27,1.05,47511.0,8.02,43.47,0.9,25
Aegis Logistics Ltd,Mar 2026,Other,Bear,-16.07,40.09,38.0,7.83,28.5,0.64,16.3,13.3,24.0,0.35,1.65,9.9,50.9,160.0,1.05,47511.0,11.69,45.76,0.74,24
Aegis Logistics Ltd,Sep 2023,Other,Bull,1.28,17.51,38.0,7.83,28.5,0.64,16.3,13.3,17.0,0.35,1.65,7.7,-47.6,-72.48,1.05,47511.0,3.62,-69.03,-0.57,30
Aegis Logistics Ltd,Sep 2024,Other,Bull,-10.66,-7.52,38.0,7.83,28.5,0.64,16.3,13.3,13.0,0.35,1.65,7.47,-4.74,-35.86,1.05,47511.0,3.59,-0.83,0.1,26
Aegis Logistics Ltd,Sep 2025,Other,Bear,3.68,-5.76,38.0,7.83,28.5,0.64,16.3,13.3,13.0,0.35,1.65,12.12,34.55,-23.27,1.05,47511.0,5.12,42.62,0.82,32
Aegis Vopak Terminals Ltd,Dec 2024,Other,Bear,-0.28,1.97,121.0,7.62,90.75,0.07,11.0,7.56,73.0,0.35,1.65,2.38,4.82,1.82,1.05,32697.0,0.38,8.7,0.2,22
Aegis Vopak Terminals Ltd,Dec 2025,Other,Bull,-4.59,-0.96,121.0,7.62,90.75,0.07,11.0,7.56,75.0,0.35,1.65,8.95,4.82,1.82,1.05,32697.0,0.74,94.74,0.36,31
Aegis Vopak Terminals Ltd,Jun 2024,Other,Bull,13.81,4.3,121.0,7.62,90.75,0.07,11.0,7.56,74.0,0.35,1.65,2.38,4.82,1.82,1.05,32697.0,234.36,150.0,0.91,22
Aegis Vopak Terminals Ltd,Jun 2025,Other,Bull,1.39,1.1,121.0,7.62,90.75,0.07,11.0,7.56,75.0,0.35,1.65,5.17,4.82,1.82,1.05,32697.0,0.64,-99.73,0.2,30
Aegis Vopak Terminals Ltd,Jun 2026,Other,Bull,39.8,0.15,121.0,7.62,90.75,0.07,11.0,7.56,77.0,0.35,1.65,4.59,44.44,81.58,1.05,32697.0,0.6,-6.25,0.82,29
Aegis Vopak Terminals Ltd,Mar 2025,Other,Bear,-9.55,-2.6,121.0,7.62,90.75,0.07,11.0,7.56,72.0,0.35,1.65,3.0,-16.74,-28.09,1.05,32697.0,0.59,-1.67,0.13,27
Aegis Vopak Terminals Ltd,Mar 2026,Other,Bear,-35.91,10.18,121.0,7.62,90.75,0.07,11.0,7.56,74.0,0.35,1.65,4.37,57.79,184.62,1.05,32697.0,0.62,5.08,0.82,26
Aegis Vopak Terminals Ltd,Sep 2024,Other,Bull,-7.98,-12.6,121.0,7.62,90.75,0.07,11.0,7.56,74.0,0.35,1.65,2.32,-28.37,-72.15,1.05,32697.0,0.23,-62.9,-0.34,24
Aegis Vopak Terminals Ltd,Sep 2025,Other,Bear,6.74,-6.49,121.0,7.62,90.75,0.07,11.0,7.56,73.0,0.35,1.65,7.61,-19.66,-21.74,1.05,32697.0,0.49,113.04,0.86,26
Afcons Infrastructure Ltd,Dec 2023,Manufacturing,Bull,16.99,7.32,45.6,1.72,34.2,0.79,5.61,13.9,12.0,0.35,1.65,2.9,4.53,4.31,1.05,9334.0,15.24,8.7,0.8,27
Afcons Infrastructure Ltd,Dec 2024,Manufacturing,Bear,14.99,1.36,45.6,1.72,34.2,0.79,5.61,13.9,11.0,0.35,1.65,2.15,4.53,4.31,1.05,9334.0,4.05,-73.43,-0.3,27
Afcons Infrastructure Ltd,Dec 2025,Manufacturing,Bull,-14.84,4.57,45.6,1.72,34.2,0.79,5.61,13.9,14.0,0.35,1.65,2.46,4.53,4.31,1.05,9334.0,2.64,-34.81,-0.56,21
Afcons Infrastructure Ltd,Jun 2023,Manufacturing,Bull,12.87,4.06,45.6,1.72,34.2,0.79,5.61,13.9,10.0,0.35,1.65,2.62,4.53,4.31,1.05,9334.0,12.64,150.0,0.81,19
Afcons Infrastructure Ltd,Jun 2024,Manufacturing,Bull,1.56,0.11,45.6,1.72,34.2,0.79,5.61,13.9,11.0,0.35,1.65,2.4,0.9,-16.36,1.05,9334.0,2.69,-78.72,0.53,22
Afcons Infrastructure Ltd,Jun 2025,Manufacturing,Bull,-6.79,4.95,45.6,1.72,34.2,0.79,5.61,13.9,13.0,0.35,1.65,2.69,4.95,-8.05,1.05,9334.0,3.74,39.03,0.36,24
Afcons Infrastructure Ltd,Jun 2026,Manufacturing,Bull,10.57,5.5,45.6,1.72,34.2,0.79,5.61,13.9,9.0,0.35,1.65,1.45,-10.25,-69.07,1.05,9334.0,0.83,-77.81,0.72,19
Afcons Infrastructure Ltd,Mar 2024,Manufacturing,Bull,18.88,16.06,45.6,1.72,34.2,0.79,5.61,13.9,10.0,0.35,1.65,2.02,14.66,59.34,1.05,9334.0,4.25,150.0,0.78,24
Afcons Infrastructure Ltd,Mar 2025,Manufacturing,Bear,-9.75,-2.54,45.6,1.72,34.2,0.79,5.61,13.9,9.0,0.35,1.65,1.96,2.19,20.65,1.05,9334.0,3.02,-28.94,0.87,23
Afcons Infrastructure Ltd,Mar 2026,Manufacturing,Bear,-30.88,-3.12,45.6,1.72,34.2,0.79,5.61,13.9,1.6,0.35,1.65,0.25,-22.43,-164.96,1.05,9334.0,-2.4,-100.0,0.03,23
Afcons Infrastructure Ltd,Sep 2023,Manufacturing,Bull,40.98,43.17,45.6,1.72,34.2,0.79,5.61,13.9,10.0,0.35,1.65,2.11,24.82,246.67,1.05,9334.0,14.47,150.0,0.93,27
Afcons Infrastructure Ltd,Sep 2024,Manufacturing,Bull,2.26,11.69,45.6,1.72,34.2,0.79,5.61,13.9,12.0,0.35,1.65,2.1,-18.59,-6.9,1.05,9334.0,3.97,-72.56,0.05,27
Afcons Infrastructure Ltd,Sep 2025,Manufacturing,Bear,5.64,-0.93,45.6,1.72,34.2,0.79,5.61,13.9,11.0,0.35,1.65,1.94,-7.29,-5.41,1.05,9334.0,2.87,-27.71,-0.18,22
Affle 3i Ltd,Dec 2023,IT,Bull,17.14,-6.47,46.2,6.05,34.65,0.0,13.8,16.8,19.0,0.35,1.65,19.4,5.5,7.6,1.05,22090.0,5.48,8.7,-0.15,25
Affle 3i Ltd,Dec 2024,IT,Bear,11.57,-13.56,46.2,6.05,34.65,0.0,13.8,16.8,22.0,0.35,1.65,43.67,5.5,7.6,1.05,22090.0,7.13,30.11,0.88,24
Affle 3i Ltd,Dec 2025,IT,Bull,-8.42,-7.7,46.2,6.05,34.65,0.0,13.8,16.8,23.0,0.35,1.65,163.0,5.5,7.6,1.05,22090.0,8.48,18.93,0.91,27
Affle 3i Ltd,Jun 2023,IT,Bull,10.84,2.01,46.2,6.05,34.65,0.0,13.8,16.8,19.0,0.35,1.65,26.0,5.5,7.6,1.05,22090.0,4.97,-41.39,0.8,23
Affle 3i Ltd,Jun 2024,IT,Bull,24.54,1.65,46.2,6.05,34.65,0.0,13.8,16.8,20.0,0.35,1.65,26.0,4.21,12.99,1.05,22090.0,6.18,24.35,0.91,30
Affle 3i Ltd,Jun 2025,IT,Bull,25.33,7.29,46.2,6.05,34.65,0.0,13.8,16.8,23.0,0.35,1.65,70.0,3.16,6.0,1.05,22090.0,7.5,21.36,0.86,28
Affle 3i Ltd,Jun 2026,IT,Bull,-1.25,-4.91,46.2,6.05,34.65,0.0,13.8,16.8,22.0,0.35,1.65,168.0,4.18,7.56,1.05,22090.0,9.12,21.6,0.82,27
Affle 3i Ltd,Mar 2024,IT,Bull,-21.09,15.12,46.2,6.05,34.65,0.0,13.8,16.8,19.0,0.35,1.65,19.6,24.32,31.82,1.05,22090.0,6.24,-31.58,0.91,26
Affle 3i Ltd,Mar 2025,IT,Bear,-9.23,15.89,46.2,6.05,34.65,0.0,13.8,16.8,22.0,0.35,1.65,67.0,15.77,18.39,1.05,22090.0,7.34,17.63,0.88,27
Affle 3i Ltd,Mar 2026,IT,Bear,-18.65,-2.09,46.2,6.05,34.65,0.0,13.8,16.8,22.0,0.35,1.65,161.0,16.59,13.21,1.05,22090.0,8.49,15.67,0.71,31
Affle 3i Ltd,Sep 2023,IT,Bull,3.08,18.24,46.2,6.05,34.65,0.0,13.8,16.8,20.0,0.35,1.65,14.5,-42.3,-47.66,1.05,22090.0,5.01,-40.99,-0.62,27
Affle 3i Ltd,Sep 2024,IT,Bull,16.44,15.27,46.2,6.05,34.65,0.0,13.8,16.8,21.0,0.35,1.65,28.25,7.31,5.75,1.05,22090.0,6.56,30.94,0.78,32
Affle 3i Ltd,Sep 2025,IT,Bear,-0.8,-1.63,46.2,6.05,34.65,0.0,13.8,16.8,23.0,0.35,1.65,146.0,7.48,7.77,1.05,22090.0,7.86,19.82,0.88,27
AIA Engineering Ltd,Dec 2023,Manufacturing,Bull,4.42,-0.51,30.1,4.76,22.58,0.39,17.0,21.1,27.0,0.35,1.65,44.43,4.53,4.31,1.05,38230.0,29.64,8.7,0.78,24
AIA Engineering Ltd,Dec 2024,Manufacturing,Bear,-21.81,-5.98,30.1,4.76,22.58,0.39,17.0,21.1,27.0,0.35,1.65,268.88,4.53,4.31,1.05,38230.0,27.78,-6.28,0.64,33
AIA Engineering Ltd,Dec 2025,Manufacturing,Bull,23.7,-7.51,30.1,4.76,22.58,0.39,17.0,21.1,27.0,0.35,1.65,18.12,4.53,4.31,1.05,38230.0,31.55,13.57,0.89,23
AIA Engineering Ltd,Jun 2023,Manufacturing,Bull,8.31,0.08,30.1,4.76,22.58,0.39,17.0,21.1,28.0,0.35,1.65,42.88,4.53,4.31,1.05,38230.0,28.87,-8.49,0.4,31
AIA Engineering Ltd,Jun 2024,Manufacturing,Bull,4.78,-4.37,30.1,4.76,22.58,0.39,17.0,21.1,28.0,0.35,1.65,48.17,-12.75,-7.5,1.05,38230.0,27.52,-4.68,0.2,23
AIA Engineering Ltd,Jun 2025,Manufacturing,Bull,1.27,-0.49,30.1,4.76,22.58,0.39,17.0,21.1,29.0,0.35,1.65,43.71,-2.53,17.76,1.05,38230.0,32.69,18.79,0.82,30
AIA Engineering Ltd,Jun 2026,Manufacturing,Bull,38.04,-3.41,30.1,4.76,22.58,0.39,17.0,21.1,26.0,0.35,1.65,10.08,9.47,2.73,1.05,38230.0,32.27,-1.28,0.67,27
AIA Engineering Ltd,Mar 2024,Manufacturing,Bull,6.27,5.89,30.1,4.76,22.58,0.39,17.0,21.1,26.0,0.35,1.65,49.5,-7.26,-4.76,1.05,38230.0,27.62,-14.41,-0.27,30
AIA Engineering Ltd,Mar 2025,Manufacturing,Bear,-1.29,4.25,30.1,4.76,22.58,0.39,17.0,21.1,26.0,0.35,1.65,37.75,13.43,10.04,1.05,38230.0,30.56,10.64,0.54,33
AIA Engineering Ltd,Mar 2026,Manufacturing,Bear,-9.76,12.38,30.1,4.76,22.58,0.39,17.0,21.1,29.0,0.35,1.65,72.6,21.85,28.85,1.05,38230.0,42.14,37.89,0.87,28
AIA Engineering Ltd,Sep 2023,Manufacturing,Bull,11.78,0.42,30.1,4.76,22.58,0.39,17.0,21.1,30.0,0.35,1.65,54.57,10.87,7.64,1.05,38230.0,34.25,-18.72,0.13,32
AIA Engineering Ltd,Sep 2024,Manufacturing,Bull,3.3,2.4,30.1,4.76,22.58,0.39,17.0,21.1,26.0,0.35,1.65,55.2,-9.22,-1.54,1.05,38230.0,27.51,-19.68,-0.18,26
AIA Engineering Ltd,Sep 2025,Manufacturing,Bear,-6.9,3.55,30.1,4.76,22.58,0.39,17.0,21.1,28.0,0.35,1.65,37.12,-9.42,-2.81,1.05,38230.0,29.73,8.07,0.76,30
Authum Investment & Infrastructure Ltd,Dec 2023,Banking,Bull,5.69,1.46,22.0,3.14,16.5,0.02,12.8,13.3,44.0,0.45,1.65,14.93,8.74,9.96,1.05,46228.0,7.08,8.7,0.15,29
Authum Investment & Infrastructure Ltd,Dec 2024,Banking,Bear,-6.56,-1.57,22.0,3.14,16.5,0.02,12.8,13.3,44.0,0.45,1.65,14.93,8.74,9.96,1.05,46228.0,6.35,-10.31,-0.68,24
Authum Investment & Infrastructure Ltd,Dec 2025,Banking,Bull,1.53,-10.94,22.0,3.14,16.5,0.02,12.8,13.3,44.0,0.45,1.65,14.93,8.74,9.96,1.05,46228.0,1.9,-70.08,-0.76,27
Authum Investment & Infrastructure Ltd,Jun 2023,Banking,Bull,5.69,1.46,22.0,3.14,16.5,0.02,12.8,13.3,44.0,0.45,1.65,14.93,8.74,9.96,1.05,46228.0,2.29,20.53,0.87,28
Authum Investment & Infrastructure Ltd,Jun 2024,Banking,Bull,24.95,21.16,22.0,3.14,16.5,0.02,12.8,13.3,44.0,0.45,1.65,14.93,8.74,82.53,1.05,46228.0,12.91,150.0,0.82,28
Authum Investment & Infrastructure Ltd,Jun 2025,Banking,Bull,47.95,5.64,22.0,3.14,16.5,0.02,12.8,13.3,44.0,0.45,1.65,14.93,8.74,74.95,1.05,46228.0,11.1,-14.02,0.75,28
Authum Investment & Infrastructure Ltd,Jun 2026,Banking,Bull,21.24,-1.02,22.0,3.14,16.5,0.02,12.8,13.3,44.0,0.45,1.65,14.93,8.74,588.2,1.05,46228.0,13.08,17.84,0.89,28
Authum Investment & Infrastructure Ltd,Mar 2024,Banking,Bull,5.69,35.03,22.0,3.14,16.5,0.02,12.8,13.3,44.0,0.45,1.65,14.93,8.74,688.21,1.05,46228.0,18.1,38.38,0.9,33
Authum Investment & Infrastructure Ltd,Mar 2025,Banking,Bear,-8.22,14.04,22.0,3.14,16.5,0.02,12.8,13.3,44.0,0.45,1.65,14.93,8.74,60.71,1.05,46228.0,20.76,14.7,0.87,33
Authum Investment & Infrastructure Ltd,Mar 2026,Banking,Bear,-31.47,4.88,22.0,3.14,16.5,0.02,12.8,13.3,44.0,0.45,1.65,14.93,8.74,-93.85,1.05,46228.0,0.7,-96.63,-0.05,30
Authum Investment & Infrastructure Ltd,Sep 2023,Banking,Bull,5.69,1.46,22.0,3.14,16.5,0.02,12.8,13.3,44.0,0.45,1.65,14.93,8.74,75.09,1.05,46228.0,22.84,150.0,0.62,24
Authum Investment & Infrastructure Ltd,Sep 2024,Banking,Bull,56.89,14.43,22.0,3.14,16.5,0.02,12.8,13.3,44.0,0.45,1.65,14.93,8.74,-45.15,1.05,46228.0,9.92,-56.57,-0.57,27
Authum Investment & Infrastructure Ltd,Sep 2025,Banking,Bear,23.66,-3.51,22.0,3.14,16.5,0.02,12.8,13.3,44.0,0.45,1.65,14.93,8.74,-56.49,1.05,46228.0,9.03,-8.97,0.2,28
Ajanta Pharma Ltd,Dec 2023,Pharma,Bull,16.29,-4.15,38.9,9.76,29.18,0.91,27.1,34.5,28.0,0.35,1.65,157.0,8.41,5.51,1.05,44153.0,16.39,8.7,0.74,25
Ajanta Pharma Ltd,Dec 2024,Pharma,Bear,-9.06,-1.44,38.9,9.76,29.18,0.91,27.1,34.5,28.0,0.35,1.65,40.12,8.41,5.51,1.05,44153.0,18.64,13.73,-0.32,25
Ajanta Pharma Ltd,Dec 2025,Pharma,Bull,16.75,-3.15,38.9,9.76,29.18,0.91,27.1,34.5,28.0,0.35,1.65,76.4,8.41,5.51,1.05,44153.0,21.91,17.54,-0.05,24
Ajanta Pharma Ltd,Jun 2023,Pharma,Bull,20.39,1.15,38.9,9.76,29.18,0.91,27.1,34.5,27.0,0.35,1.65,268.88,8.41,5.51,1.05,44153.0,16.24,-25.88,-0.62,30
Ajanta Pharma Ltd,Jun 2024,Pharma,Bull,2.17,11.02,38.9,9.76,29.18,0.91,27.1,34.5,29.0,0.35,1.65,268.88,3.62,17.14,1.05,44153.0,19.68,21.18,0.78,25
Ajanta Pharma Ltd,Jun 2025,Pharma,Bull,-1.65,-4.16,38.9,9.76,29.18,0.91,27.1,34.5,27.0,0.35,1.65,70.2,13.7,9.44,1.05,44153.0,20.44,3.86,0.88,27
Ajanta Pharma Ltd,Jun 2026,Pharma,Bull,21.51,-4.34,38.9,9.76,29.18,0.91,27.1,34.5,26.0,0.35,1.65,141.33,18.25,21.9,1.05,44153.0,26.75,30.87,0.93,26
Ajanta Pharma Ltd,Mar 2024,Pharma,Bull,4.5,-0.68,38.9,9.76,29.18,0.91,27.1,34.5,26.0,0.35,1.65,139.0,3.23,-2.4,1.05,44153.0,15.82,-40.86,-0.4,25
Ajanta Pharma Ltd,Mar 2025,Pharma,Bear,-12.4,1.36,38.9,9.76,29.18,0.91,27.1,34.5,25.0,0.35,1.65,49.5,2.18,-8.54,1.05,44153.0,18.03,13.97,0.73,29
Ajanta Pharma Ltd,Mar 2026,Pharma,Bear,-4.54,-1.45,38.9,9.76,29.18,0.91,27.1,34.5,23.0,0.35,1.65,166.5,9.13,4.71,1.05,44153.0,21.35,18.41,0.71,23
Ajanta Pharma Ltd,Sep 2023,Pharma,Bull,23.83,-2.66,38.9,9.76,29.18,0.91,27.1,34.5,28.0,0.35,1.65,145.5,-36.78,-41.62,1.05,44153.0,15.24,-28.62,-0.08,24
Ajanta Pharma Ltd,Sep 2024,Pharma,Bull,41.9,-2.82,38.9,9.76,29.18,0.91,27.1,34.5,26.0,0.35,1.65,51.83,12.62,6.4,1.05,44153.0,17.33,13.71,0.57,31
Ajanta Pharma Ltd,Sep 2025,Pharma,Bear,-3.85,5.52,38.9,9.76,29.18,0.91,27.1,34.5,24.0,0.35,1.65,109.33,15.73,15.56,1.05,44153.0,20.83,20.2,0.64,23
Alkem Laboratories Ltd,Dec 2023,Pharma,Bull,45.59,-4.9,26.8,4.4,20.1,1.04,18.9,21.2,21.0,0.35,1.65,28.32,8.41,5.51,1.05,60829.0,49.76,8.7,0.4,29
Alkem Laboratories Ltd,Dec 2024,Pharma,Bear,-8.41,-4.37,26.8,4.4,20.1,1.04,18.9,21.2,23.0,0.35,1.65,21.08,8.41,5.51,1.05,60829.0,52.34,5.18,0.54,28
Alkem Laboratories Ltd,Dec 2025,Pharma,Bull,0.86,0.5,26.8,4.4,20.1,1.04,18.9,21.2,22.0,0.35,1.65,19.71,8.41,5.51,1.05,60829.0,53.19,1.62,0.25,25
Alkem Laboratories Ltd,Jun 2023,Pharma,Bull,3.33,-2.25,26.8,4.4,20.1,1.04,18.9,21.2,13.0,0.35,1.65,12.97,8.41,5.51,1.05,60829.0,23.98,-54.92,-0.53,26
Alkem Laboratories Ltd,Jun 2024,Pharma,Bull,-0.35,12.04,26.8,4.4,20.1,1.04,18.9,21.2,20.0,0.35,1.65,21.0,-8.78,-8.94,1.05,60829.0,45.6,90.16,0.34,31
Alkem Laboratories Ltd,Jun 2025,Pharma,Bull,2.14,1.91,26.8,4.4,20.1,1.04,18.9,21.2,22.0,0.35,1.65,24.63,-0.09,4.21,1.05,60829.0,55.56,21.84,0.9,30
Alkem Laboratories Ltd,Jun 2026,Pharma,Bull,6.21,-0.35,26.8,4.4,20.1,1.04,18.9,21.2,20.0,0.35,1.65,16.3,0.08,-20.21,1.05,60829.0,43.49,-21.72,-0.27,28
Alkem Laboratories Ltd,Mar 2024,Pharma,Bull,-2.84,-2.76,26.8,4.4,20.1,1.04,18.9,21.2,14.0,0.35,1.65,14.89,-1.08,5.56,1.05,60829.0,24.55,-43.55,-0.56,27
Alkem Laboratories Ltd,Mar 2025,Pharma,Bear,-11.68,-8.14,26.8,4.4,20.1,1.04,18.9,21.2,12.0,0.35,1.65,13.96,3.69,-41.45,1.05,60829.0,25.58,4.2,-0.49,28
Alkem Laboratories Ltd,Mar 2026,Pharma,Bear,-2.23,-3.43,26.8,4.4,20.1,1.04,18.9,21.2,14.0,0.35,1.65,9.57,6.88,-62.43,1.05,60829.0,19.78,-22.67,-0.74,27
Alkem Laboratories Ltd,Sep 2023,Pharma,Bull,3.45,13.22,26.8,4.4,20.1,1.04,18.9,21.2,22.0,0.35,1.65,24.9,-8.02,18.04,1.05,60829.0,51.9,150.0,0.57,33
Alkem Laboratories Ltd,Sep 2024,Pharma,Bull,22.17,-2.59,26.8,4.4,20.1,1.04,18.9,21.2,22.0,0.35,1.65,26.89,16.31,130.92,1.05,60829.0,57.6,10.98,0.9,27
Alkem Laboratories Ltd,Sep 2025,Pharma,Bear,12.06,-1.72,26.8,4.4,20.1,1.04,18.9,21.2,23.0,0.35,1.65,26.31,27.26,141.93,1.05,60829.0,63.99,11.09,0.88,34
Amber Enterprises India Ltd,Dec 2023,Manufacturing,Bull,6.86,3.32,124.0,5.83,93.0,0.0,5.99,10.3,6.06,0.35,1.65,2.13,4.53,4.31,1.05,25552.0,-0.14,-8.7,-0.15,31
Amber Enterprises India Ltd,Dec 2024,Manufacturing,Bear,52.46,-14.89,124.0,5.83,93.0,0.0,5.99,10.3,7.02,0.35,1.65,2.79,4.53,4.31,1.05,25552.0,10.61,150.0,0.79,26
Amber Enterprises India Ltd,Dec 2025,Manufacturing,Bull,-22.5,12.28,124.0,5.83,93.0,0.0,5.99,10.3,8.07,0.35,1.65,2.99,4.53,4.31,1.05,25552.0,-7.74,-100.0,-0.27,27
Amber Enterprises India Ltd,Jun 2023,Manufacturing,Bull,22.25,10.09,124.0,5.83,93.0,0.0,5.99,10.3,7.75,0.35,1.65,2.91,4.53,4.31,1.05,25552.0,13.55,150.0,0.25,27
Amber Enterprises India Ltd,Jun 2024,Manufacturing,Bull,22.57,12.11,124.0,5.83,93.0,0.0,5.99,10.3,7.94,0.35,1.65,3.68,85.46,-596.89,1.05,25552.0,21.48,58.52,0.93,28
Amber Enterprises India Ltd,Jun 2025,Manufacturing,Bull,-1.6,6.69,124.0,5.83,93.0,0.0,5.99,10.3,7.24,0.35,1.65,3.94,61.68,186.05,1.05,25552.0,30.66,42.74,-0.05,26
Amber Enterprises India Ltd,Jun 2026,Manufacturing,Bull,14.45,5.73,124.0,5.83,93.0,0.0,5.99,10.3,8.01,0.35,1.65,3.68,32.11,-133.08,1.05,25552.0,6.31,-79.42,-0.49,26
Amber Enterprises India Ltd,Mar 2024,Manufacturing,Bull,16.49,6.52,124.0,5.83,93.0,0.0,5.99,10.3,7.83,0.35,1.65,4.55,64.83,112.47,1.05,25552.0,28.1,150.0,0.87,24
Amber Enterprises India Ltd,Mar 2025,Manufacturing,Bear,-6.01,1.91,124.0,5.83,93.0,0.0,5.99,10.3,7.51,0.35,1.65,5.17,56.32,58.49,1.05,25552.0,34.32,22.14,0.87,25
Amber Enterprises India Ltd,Mar 2026,Manufacturing,Bear,1.57,-12.46,124.0,5.83,93.0,0.0,5.99,10.3,7.02,0.35,1.65,4.5,20.25,52.82,1.05,25552.0,38.04,10.84,0.92,29
Amber Enterprises India Ltd,Sep 2023,Manufacturing,Bull,31.83,4.66,124.0,5.83,93.0,0.0,5.99,10.3,6.42,0.35,1.65,1.63,-55.39,-282.85,1.05,25552.0,-2.06,-100.0,-0.3,32
Amber Enterprises India Ltd,Sep 2024,Manufacturing,Bull,7.15,-6.79,124.0,5.83,93.0,0.0,5.99,10.3,6.59,0.35,1.65,2.28,-39.95,-78.83,1.05,25552.0,5.69,150.0,0.34,22
Amber Enterprises India Ltd,Sep 2025,Manufacturing,Bear,14.2,-8.62,124.0,5.83,93.0,0.0,5.99,10.3,5.09,0.35,1.65,1.09,-55.39,-127.15,1.05,25552.0,-9.35,-100.0,-0.56,30
Anand Rathi Wealth Ltd,Dec 2023,Banking,Bull,49.81,2.32,79.0,36.79,59.25,0.29,47.3,59.2,44.0,0.45,1.65,40.0,8.74,9.96,1.05,36712.0,3.46,8.7,0.94,29
Anand Rathi Wealth Ltd,Dec 2024,Banking,Bear,1.74,-0.05,79.0,36.79,59.25,0.29,47.3,59.2,45.0,0.45,1.65,26.75,8.74,9.96,1.05,36712.0,4.64,34.1,0.96,27
Anand Rathi Wealth Ltd,Dec 2025,Banking,Bull,8.01,-5.47,79.0,36.79,59.25,0.29,47.3,59.2,45.0,0.45,1.65,32.75,8.74,9.96,1.05,36712.0,6.02,29.74,0.94,27
Anand Rathi Wealth Ltd,Jun 2023,Banking,Bull,7.75,-1.39,79.0,36.79,59.25,0.29,47.3,59.2,42.0,0.45,1.65,73.0,8.74,9.96,1.05,36712.0,3.18,-47.18,0.93,26
Anand Rathi Wealth Ltd,Jun 2024,Banking,Bull,8.17,8.8,79.0,36.79,59.25,0.29,47.3,59.2,41.0,0.45,1.65,98.0,30.77,25.86,1.05,36712.0,4.42,38.99,0.96,33
Anand Rathi Wealth Ltd,Jun 2025,Banking,Bull,18.32,6.74,79.0,36.79,59.25,0.29,47.3,59.2,47.0,0.45,1.65,32.0,15.61,22.08,1.05,36712.0,5.64,27.6,0.97,28
Anand Rathi Wealth Ltd,Jun 2026,Banking,Bull,27.18,1.72,79.0,36.79,59.25,0.29,47.3,59.2,34.0,0.45,1.65,27.25,11.03,63.0,1.05,36712.0,9.8,73.76,0.94,31
Anand Rathi Wealth Ltd,Mar 2024,Banking,Bull,43.89,1.57,79.0,36.79,59.25,0.29,47.3,59.2,40.0,0.45,1.65,36.5,5.14,7.55,1.05,36712.0,3.38,-65.51,0.9,28
Anand Rathi Wealth Ltd,Mar 2025,Banking,Bear,-2.92,12.21,79.0,36.79,59.25,0.29,47.3,59.2,41.0,0.45,1.65,22.75,-6.72,1.37,1.05,36712.0,4.42,30.77,0.96,32
Anand Rathi Wealth Ltd,Mar 2026,Banking,Bear,-1.92,-1.47,79.0,36.79,59.25,0.29,47.3,59.2,29.0,0.45,1.65,28.33,5.11,9.57,1.05,36712.0,6.21,40.5,0.96,27
Anand Rathi Wealth Ltd,Sep 2023,Banking,Bull,93.62,19.91,79.0,36.79,59.25,0.29,47.3,59.2,42.0,0.45,1.65,38.5,-43.17,-64.42,1.05,36712.0,3.44,-44.61,0.77,25
Anand Rathi Wealth Ltd,Sep 2024,Banking,Bull,0.12,7.1,79.0,36.79,59.25,0.29,47.3,59.2,43.0,0.45,1.65,34.67,31.52,33.33,1.05,36712.0,4.58,33.14,0.97,25
Anand Rathi Wealth Ltd,Sep 2025,Banking,Bear,34.06,-1.77,79.0,36.79,59.25,0.29,47.3,59.2,46.0,0.45,1.65,27.4,33.78,35.14,1.05,36712.0,5.98,30.57,0.95,27
Anant Raj Ltd,Dec 2023,Other,Bull,33.05,10.53,37.2,3.71,27.9,0.17,11.2,12.1,23.0,0.35,1.65,11.25,4.82,1.82,1.05,21533.0,2.22,8.7,0.66,31
Anant Raj Ltd,Dec 2024,Other,Bear,17.56,-13.47,37.2,3.71,27.9,0.17,11.2,12.1,25.0,0.35,1.65,44.67,4.82,1.82,1.05,21533.0,3.23,45.5,0.57,26
Anant Raj Ltd,Dec 2025,Other,Bull,-21.71,-5.44,37.2,3.71,27.9,0.17,11.2,12.1,26.0,0.35,1.65,56.67,4.82,1.82,1.05,21533.0,4.01,24.15,0.81,21
Anant Raj Ltd,Jun 2023,Other,Bull,41.57,9.03,37.2,3.71,27.9,0.17,11.2,12.1,19.0,0.35,1.65,8.57,4.82,1.82,1.05,21533.0,1.56,-61.1,-0.44,24
Anant Raj Ltd,Jun 2024,Other,Bull,32.6,10.19,37.2,3.71,27.9,0.17,11.2,12.1,22.0,0.35,1.65,25.75,20.41,28.17,1.05,21533.0,2.66,70.51,0.93,23
Anant Raj Ltd,Jun 2025,Other,Bull,18.67,-1.86,37.2,3.71,27.9,0.17,11.2,12.1,25.0,0.35,1.65,75.5,10.65,14.55,1.05,21533.0,3.67,37.97,0.8,24
Anant Raj Ltd,Jun 2026,Other,Bull,16.3,-3.41,37.2,3.71,27.9,0.17,11.2,12.1,29.0,0.35,1.65,183.0,-1.71,3.47,1.05,21533.0,4.16,13.35,0.46,28
Anant Raj Ltd,Mar 2024,Other,Bull,4.36,11.17,37.2,3.71,27.9,0.17,11.2,12.1,24.0,0.35,1.65,9.45,40.19,68.0,1.05,21533.0,2.29,-44.95,0.88,24
Anant Raj Ltd,Mar 2025,Other,Bear,-42.58,15.02,37.2,3.71,27.9,0.17,11.2,12.1,26.0,0.35,1.65,47.33,14.62,30.77,1.05,21533.0,3.46,51.09,0.78,21
Anant Raj Ltd,Mar 2026,Other,Bear,-26.57,9.54,37.2,3.71,27.9,0.17,11.2,12.1,26.0,0.35,1.65,41.75,9.29,18.25,1.05,21533.0,4.07,17.63,0.88,24
Anant Raj Ltd,Sep 2023,Other,Bull,17.97,18.93,37.2,3.71,27.9,0.17,11.2,12.1,24.0,0.35,1.65,10.0,-47.39,-59.73,1.05,21533.0,1.85,-54.55,0.57,30
Anant Raj Ltd,Sep 2024,Other,Bull,59.0,16.53,37.2,3.71,27.9,0.17,11.2,12.1,22.0,0.35,1.65,56.5,15.8,26.19,1.05,21533.0,3.09,67.03,0.84,27
Anant Raj Ltd,Sep 2025,Other,Bear,23.73,-13.08,37.2,3.71,27.9,0.17,11.2,12.1,27.0,0.35,1.65,56.0,16.64,15.97,1.05,21533.0,4.02,30.1,0.9,26
Angel One Ltd,Dec 2023,Banking,Bull,90.63,-2.6,27.0,4.54,20.25,1.33,15.6,14.8,38.0,0.45,1.65,11.06,8.74,9.96,1.05,27878.0,3.1,8.7,0.54,25
Angel One Ltd,Dec 2024,Banking,Bear,12.75,-19.72,27.0,4.54,20.25,1.33,15.6,14.8,39.0,0.45,1.65,5.9,8.74,9.96,1.05,27878.0,3.12,0.65,0.77,23
Angel One Ltd,Dec 2025,Banking,Bull,7.84,-10.48,27.0,4.54,20.25,1.33,15.6,14.8,40.0,0.45,1.65,4.17,8.74,9.96,1.05,27878.0,2.96,-5.13,0.67,31
Angel One Ltd,Jun 2023,Banking,Bull,47.51,0.82,27.0,4.54,20.25,1.33,15.6,14.8,40.0,0.45,1.65,17.78,8.74,9.96,1.05,27878.0,2.63,-11.15,-0.49,32
Angel One Ltd,Jun 2024,Banking,Bull,-14.0,13.5,27.0,4.54,20.25,1.33,15.6,14.8,33.0,0.45,1.65,8.39,32.67,12.69,1.05,27878.0,3.25,23.57,0.88,24
Angel One Ltd,Jun 2025,Banking,Bull,27.2,-16.67,27.0,4.54,20.25,1.33,15.6,14.8,24.0,0.45,1.65,3.31,-9.59,-59.43,1.05,27878.0,1.26,-61.23,0.6,23
Angel One Ltd,Jun 2026,Banking,Bull,37.43,0.17,27.0,4.54,20.25,1.33,15.6,14.8,34.0,0.45,1.65,3.76,7.12,-14.13,1.05,27878.0,2.53,100.79,0.87,29
Angel One Ltd,Mar 2024,Banking,Bull,-14.7,-2.94,27.0,4.54,20.25,1.33,15.6,14.8,39.0,0.45,1.65,9.46,67.95,53.85,1.05,27878.0,4.05,60.08,0.82,25
Angel One Ltd,Mar 2025,Banking,Bear,-22.63,14.87,27.0,4.54,20.25,1.33,15.6,14.8,32.0,0.45,1.65,4.29,-24.84,-40.27,1.05,27878.0,1.93,-52.35,0.54,23
Angel One Ltd,Mar 2026,Banking,Bear,-2.15,10.64,27.0,4.54,20.25,1.33,15.6,14.8,41.0,0.45,1.65,4.47,27.87,180.7,1.05,27878.0,3.52,82.38,0.79,31
Angel One Ltd,Sep 2023,Banking,Bull,6.5,7.45,27.0,4.54,20.25,1.33,15.6,14.8,42.0,0.45,1.65,17.04,-26.71,31.6,1.05,27878.0,3.63,3.12,0.62,25
Angel One Ltd,Sep 2024,Banking,Bull,-0.66,26.97,27.0,4.54,20.25,1.33,15.6,14.8,44.0,0.45,1.65,8.96,11.64,24.41,1.05,27878.0,4.7,29.48,0.92,32
Angel One Ltd,Sep 2025,Banking,Bear,-28.06,-9.3,27.0,4.54,20.25,1.33,15.6,14.8,35.0,0.45,1.65,4.46,13.83,21.14,1.05,27878.0,2.33,-50.43,0.86,32
Anthem Biosciences Ltd,Dec 2024,Pharma,Bear,0.3,1.67,89.3,17.36,66.97,0.21,22.3,30.4,32.0,0.35,1.65,53.33,8.41,5.51,1.05,53005.0,2.22,8.7,0.15,31
Anthem Biosciences Ltd,Dec 2025,Pharma,Bull,-15.49,-6.38,89.3,17.36,66.97,0.21,22.3,30.4,37.0,0.35,1.65,11.1,8.41,5.51,1.05,53005.0,1.65,-25.68,-0.03,25
Anthem Biosciences Ltd,Jun 2024,Pharma,Bull,13.37,9.18,89.3,17.36,66.97,0.21,22.3,30.4,36.0,0.35,1.65,30.25,8.41,5.51,1.05,53005.0,1.47,-10.91,0.82,32
Anthem Biosciences Ltd,Jun 2025,Pharma,Bull,14.94,4.1,89.3,17.36,66.97,0.21,22.3,30.4,35.0,0.35,1.65,95.5,8.41,5.51,1.05,53005.0,2.42,64.63,0.7,33
Anthem Biosciences Ltd,Jun 2026,Pharma,Bull,16.05,0.23,89.3,17.36,66.97,0.21,22.3,30.4,36.0,0.35,1.65,151.0,-16.06,-3.23,1.05,53005.0,2.13,-11.98,-0.53,30
Anthem Biosciences Ltd,Mar 2025,Pharma,Bear,9.75,-4.43,89.3,17.36,66.97,0.21,22.3,30.4,40.0,0.35,1.65,195.0,14.18,-10.75,1.05,53005.0,1.48,-30.52,0.1,32
Anthem Biosciences Ltd,Mar 2026,Pharma,Bear,2.84,0.69,89.3,17.36,66.97,0.21,22.3,30.4,44.0,0.35,1.65,133.5,80.24,131.71,1.05,53005.0,3.38,128.38,0.91,28
Anthem Biosciences Ltd,Sep 2024,Pharma,Bull,14.57,7.61,89.3,17.36,66.97,0.21,22.3,30.4,37.0,0.35,1.65,48.75,-2.78,19.12,1.05,53005.0,2.9,-14.2,-0.27,28
Anthem Biosciences Ltd,Sep 2025,Pharma,Bear,4.22,5.05,89.3,17.36,66.97,0.21,22.3,30.4,40.0,0.35,1.65,72.67,31.58,44.17,1.05,53005.0,3.09,6.55,0.92,28
Anupam Rasayan India Ltd,Dec 2023,Chemicals,Bull,19.72,22.24,79.5,4.2,59.62,0.12,5.55,7.38,27.0,0.35,1.65,3.16,4.4,0.0,1.05,13883.0,1.68,8.7,0.2,21
Anupam Rasayan India Ltd,Dec 2024,Chemicals,Bear,-5.78,2.21,79.5,4.2,59.62,0.12,5.55,7.38,32.0,0.35,1.65,3.88,4.4,0.0,1.05,13883.0,2.56,52.38,0.79,22
Anupam Rasayan India Ltd,Dec 2025,Chemicals,Bull,23.81,18.86,79.5,4.2,59.62,0.12,5.55,7.38,25.0,0.35,1.65,3.63,4.4,0.0,1.05,13883.0,4.31,68.36,0.88,27
Anupam Rasayan India Ltd,Jun 2023,Chemicals,Bull,22.08,1.6,79.5,4.2,59.62,0.12,5.55,7.38,26.0,0.35,1.65,5.61,4.4,0.0,1.05,13883.0,3.59,-16.71,0.36,23
Anupam Rasayan India Ltd,Jun 2024,Chemicals,Bull,-13.1,-4.38,79.5,4.2,59.62,0.12,5.55,7.38,21.0,0.35,1.65,2.41,-14.19,-53.85,1.05,13883.0,0.36,-89.97,-0.3,26
Anupam Rasayan India Ltd,Jun 2025,Chemicals,Bull,51.58,-2.42,79.5,4.2,59.62,0.12,5.55,7.38,26.0,0.35,1.65,3.44,24.62,-11.11,1.05,13883.0,3.1,150.0,0.74,22
Anupam Rasayan India Ltd,Jun 2026,Chemicals,Bull,-0.94,5.31,79.5,4.2,59.62,0.12,5.55,7.38,25.0,0.35,1.65,3.31,27.93,-16.39,1.05,13883.0,3.39,9.35,0.0,26
Anupam Rasayan India Ltd,Mar 2024,Chemicals,Bull,-18.84,-0.52,79.5,4.2,59.62,0.12,5.55,7.38,23.0,0.35,1.65,3.58,3.89,-23.08,1.05,13883.0,2.82,-16.81,-0.3,29
Anupam Rasayan India Ltd,Mar 2025,Chemicals,Bear,4.83,16.63,79.5,4.2,59.62,0.12,5.55,7.38,29.0,0.35,1.65,4.65,96.85,425.0,1.05,13883.0,4.05,43.62,0.75,26
Anupam Rasayan India Ltd,Mar 2026,Chemicals,Bear,-7.21,-9.14,79.5,4.2,59.62,0.12,5.55,7.38,22.0,0.35,1.65,3.26,30.86,16.67,1.05,13883.0,3.75,-7.41,0.75,28
Anupam Rasayan India Ltd,Sep 2023,Chemicals,Bull,-11.92,12.67,79.5,4.2,59.62,0.12,5.55,7.38,27.0,0.35,1.65,5.35,-40.15,-3.92,1.05,13883.0,3.78,0.8,0.2,26
Anupam Rasayan India Ltd,Sep 2024,Chemicals,Bull,-4.07,5.59,79.5,4.2,59.62,0.12,5.55,7.38,27.0,0.35,1.65,2.96,-26.68,-22.5,1.05,13883.0,1.52,-59.79,-0.08,24
Anupam Rasayan India Ltd,Sep 2025,Chemicals,Bear,-6.17,21.85,79.5,4.2,59.62,0.12,5.55,7.38,19.0,0.35,1.65,3.78,46.2,-9.52,1.05,13883.0,3.9,150.0,0.87,22
Apar Industries Ltd,Dec 2023,Manufacturing,Bull,10.14,-0.12,60.8,13.03,45.6,0.34,20.3,31.8,10.0,0.35,1.65,3.58,4.53,4.31,1.05,73277.0,54.16,8.7,-0.15,25
Apar Industries Ltd,Dec 2024,Manufacturing,Bear,6.68,-0.27,60.8,13.03,45.6,0.34,20.3,31.8,8.0,0.35,1.65,3.02,4.53,4.31,1.05,73277.0,43.55,-19.59,-0.68,34
Apar Industries Ltd,Dec 2025,Manufacturing,Bull,1.84,-17.78,60.8,13.03,45.6,0.34,20.3,31.8,8.0,0.35,1.65,4.26,4.53,4.31,1.05,73277.0,52.01,19.43,0.92,26
Apar Industries Ltd,Jun 2023,Manufacturing,Bull,33.49,19.48,60.8,13.03,45.6,0.34,20.3,31.8,9.0,0.35,1.65,4.94,4.53,4.31,1.05,73277.0,51.59,-0.81,0.4,31
Apar Industries Ltd,Jun 2024,Manufacturing,Bull,21.92,24.18,60.8,13.03,45.6,0.34,20.3,31.8,9.0,0.35,1.65,4.19,0.05,-6.88,1.05,73277.0,50.42,-2.27,0.64,31
Apar Industries Ltd,Jun 2025,Manufacturing,Bull,59.06,1.81,60.8,13.03,45.6,0.34,20.3,31.8,9.0,0.35,1.65,5.26,8.23,50.29,1.05,73277.0,65.45,29.81,0.71,32
Apar Industries Ltd,Jun 2026,Manufacturing,Bull,60.57,7.74,60.8,13.03,45.6,0.34,20.3,31.8,11.0,0.35,1.65,6.16,20.27,123.44,1.05,73277.0,116.36,77.78,0.34,27
Apar Industries Ltd,Mar 2024,Manufacturing,Bull,15.2,3.23,60.8,13.03,45.6,0.34,20.3,31.8,10.0,0.35,1.65,4.23,18.26,19.8,1.05,73277.0,58.81,-49.46,-0.49,26
Apar Industries Ltd,Mar 2025,Manufacturing,Bear,-46.76,-0.57,60.8,13.03,45.6,0.34,20.3,31.8,9.0,0.35,1.65,4.55,29.89,23.15,1.05,73277.0,62.24,5.83,0.88,34
Apar Industries Ltd,Mar 2026,Manufacturing,Bear,18.66,20.32,60.8,13.03,45.6,0.34,20.3,31.8,8.0,0.35,1.65,3.62,29.37,-3.8,1.05,73277.0,63.09,1.37,0.86,30
Apar Industries Ltd,Sep 2023,Manufacturing,Bull,56.23,-3.87,60.8,13.03,45.6,0.34,20.3,31.8,9.0,0.35,1.65,3.39,-40.45,-62.74,1.05,73277.0,45.44,-27.98,0.82,31
Apar Industries Ltd,Sep 2024,Manufacturing,Bull,13.05,12.83,60.8,13.03,45.6,0.34,20.3,31.8,8.0,0.35,1.65,3.53,4.26,-17.8,1.05,73277.0,48.27,6.23,-0.03,25
Apar Industries Ltd,Sep 2025,Manufacturing,Bear,-6.0,-1.52,60.8,13.03,45.6,0.34,20.3,31.8,8.0,0.35,1.65,4.31,9.69,0.8,1.05,73277.0,62.66,29.81,0.9,31
APL Apollo Tubes Ltd,Dec 2023,Manufacturing,Bull,-6.31,1.1,48.6,11.28,36.45,0.39,25.4,31.8,7.0,0.35,1.65,10.0,4.53,4.31,1.05,59794.0,5.96,8.7,-0.32,31
APL Apollo Tubes Ltd,Dec 2024,Manufacturing,Bear,-3.29,3.95,48.6,11.28,36.45,0.39,25.4,31.8,6.0,0.35,1.65,9.35,4.53,4.31,1.05,59794.0,7.82,31.21,0.91,29
APL Apollo Tubes Ltd,Dec 2025,Manufacturing,Bull,10.57,5.82,48.6,11.28,36.45,0.39,25.4,31.8,8.0,0.35,1.65,14.3,4.53,4.31,1.05,59794.0,11.17,42.84,0.82,28
APL Apollo Tubes Ltd,Jun 2023,Manufacturing,Bull,10.63,4.2,48.6,11.28,36.45,0.39,25.4,31.8,7.0,0.35,1.65,11.37,4.53,4.31,1.05,59794.0,6.98,-37.51,0.0,31
APL Apollo Tubes Ltd,Jun 2024,Manufacturing,Bull,3.46,3.66,48.6,11.28,36.45,0.39,25.4,31.8,6.0,0.35,1.65,10.79,19.05,16.27,1.05,59794.0,6.96,-0.29,0.77,34
APL Apollo Tubes Ltd,Jun 2025,Manufacturing,Bull,13.73,6.36,48.6,11.28,36.45,0.39,25.4,31.8,7.0,0.35,1.65,11.27,-4.84,9.22,1.05,59794.0,8.55,22.84,0.77,30
APL Apollo Tubes Ltd,Jun 2026,Manufacturing,Bull,-7.55,8.86,48.6,11.28,36.45,0.39,25.4,31.8,7.0,0.35,1.65,10.54,-6.27,-15.16,1.05,59794.0,9.48,10.88,0.53,29
APL Apollo Tubes Ltd,Mar 2024,Manufacturing,Bull,-2.14,-1.35,48.6,11.28,36.45,0.39,25.4,31.8,6.0,0.35,1.65,9.03,4.86,-12.37,1.05,59794.0,6.14,-35.23,-0.74,34
APL Apollo Tubes Ltd,Mar 2025,Manufacturing,Bear,-3.8,3.95,48.6,11.28,36.45,0.39,25.4,31.8,8.0,0.35,1.65,12.94,10.76,51.81,1.05,59794.0,10.56,71.99,0.78,30
APL Apollo Tubes Ltd,Mar 2026,Manufacturing,Bear,-1.68,-3.84,48.6,11.28,36.45,0.39,25.4,31.8,8.0,0.35,1.65,15.97,21.26,49.37,1.05,59794.0,12.76,20.83,0.91,29
APL Apollo Tubes Ltd,Sep 2023,Manufacturing,Bull,22.71,-2.79,48.6,11.28,36.45,0.39,25.4,31.8,7.0,0.35,1.65,12.04,-17.42,-22.81,1.05,59794.0,7.32,-42.63,0.62,25
APL Apollo Tubes Ltd,Sep 2024,Manufacturing,Bull,-1.47,8.56,48.6,11.28,36.45,0.39,25.4,31.8,2.9,0.35,1.65,3.83,0.17,-68.24,1.05,59794.0,1.94,-73.5,-0.03,34
APL Apollo Tubes Ltd,Sep 2025,Manufacturing,Bear,-3.84,-2.17,48.6,11.28,36.45,0.39,25.4,31.8,9.0,0.35,1.65,15.96,-5.5,3.07,1.05,59794.0,10.86,150.0,0.81,31
Apollo Tyres Ltd,Dec 2023,Manufacturing,Bull,22.09,-5.83,12.4,1.59,9.3,1.44,13.1,13.9,18.0,0.35,1.65,9.82,4.53,4.31,1.05,26525.0,7.82,8.7,0.51,26
Apollo Tyres Ltd,Dec 2024,Manufacturing,Bear,-3.88,-9.14,12.4,1.59,9.3,1.44,13.1,13.9,14.0,0.35,1.65,8.53,4.53,4.31,1.05,26525.0,5.31,-32.1,-0.53,24
Apollo Tyres Ltd,Dec 2025,Manufacturing,Bull,6.92,-3.36,12.4,1.59,9.3,1.44,13.1,13.9,15.0,0.35,1.65,11.86,4.53,4.31,1.05,26525.0,7.41,39.55,0.92,27
Apollo Tyres Ltd,Jun 2023,Manufacturing,Bull,25.99,-3.48,12.4,1.59,9.3,1.44,13.1,13.9,17.0,0.35,1.65,7.79,4.53,4.31,1.05,26525.0,6.25,-15.65,0.62,31
Apollo Tyres Ltd,Jun 2024,Manufacturing,Bull,16.46,8.56,12.4,1.59,9.3,1.44,13.1,13.9,14.0,0.35,1.65,8.5,-3.94,-39.24,1.05,26525.0,4.76,-23.84,-0.49,30
Apollo Tyres Ltd,Jun 2025,Manufacturing,Bull,6.21,2.37,12.4,1.59,9.3,1.44,13.1,13.9,13.0,0.35,1.65,8.59,-5.3,-96.14,1.05,26525.0,0.2,-95.8,-0.44,26
Apollo Tyres Ltd,Jun 2026,Manufacturing,Bull,3.6,1.56,12.4,1.59,9.3,1.44,13.1,13.9,12.0,0.35,1.65,9.54,-4.46,-25.9,1.05,26525.0,5.49,150.0,0.7,24
Apollo Tyres Ltd,Mar 2024,Manufacturing,Bull,2.91,0.5,12.4,1.59,9.3,1.44,13.1,13.9,16.0,0.35,1.65,8.94,0.21,-10.83,1.05,26525.0,5.58,1.64,0.03,32
Apollo Tyres Ltd,Mar 2025,Manufacturing,Bear,-19.24,-5.93,12.4,1.59,9.3,1.44,13.1,13.9,13.0,0.35,1.65,7.68,1.4,-38.74,1.05,26525.0,2.91,-47.85,-0.68,26
Apollo Tyres Ltd,Mar 2026,Manufacturing,Bear,-15.99,0.46,12.4,1.59,9.3,1.44,13.1,13.9,15.0,0.35,1.65,11.88,11.81,724.9,1.05,26525.0,9.93,150.0,0.62,24
Apollo Tyres Ltd,Sep 2023,Manufacturing,Bull,-6.15,5.19,12.4,1.59,9.3,1.44,13.1,13.9,18.0,0.35,1.65,8.72,-15.11,35.82,1.05,26525.0,7.47,-24.77,0.74,28
Apollo Tyres Ltd,Sep 2024,Manufacturing,Bull,1.51,16.05,12.4,1.59,9.3,1.44,13.1,13.9,14.0,0.35,1.65,7.32,2.86,-16.1,1.05,26525.0,4.68,-37.35,-0.62,28
Apollo Tyres Ltd,Sep 2025,Manufacturing,Bear,6.77,-1.46,12.4,1.59,9.3,1.44,13.1,13.9,15.0,0.35,1.65,10.11,6.34,39.46,1.05,26525.0,4.06,-13.25,0.82,27
Aptus Value Housing Finance India Ltd,Dec 2023,Banking,Bull,7.48,-9.74,12.7,2.47,9.52,1.81,20.1,15.4,44.0,0.45,1.65,14.93,8.74,9.96,1.05,12476.0,3.16,8.7,0.89,30
Aptus Value Housing Finance India Ltd,Dec 2024,Banking,Bear,-17.25,-12.6,12.7,2.47,9.52,1.81,20.1,15.4,44.0,0.45,1.65,14.93,8.74,9.96,1.05,12476.0,3.81,20.57,0.9,30
Aptus Value Housing Finance India Ltd,Dec 2025,Banking,Bull,-13.43,-4.12,12.7,2.47,9.52,1.81,20.1,15.4,44.0,0.45,1.65,14.93,8.74,9.96,1.05,12476.0,4.72,23.88,0.93,27
Aptus Value Housing Finance India Ltd,Jun 2023,Banking,Bull,4.44,-1.12,12.7,2.47,9.52,1.81,20.1,15.4,44.0,0.45,1.65,14.93,8.74,9.96,1.05,12476.0,2.86,-39.41,0.27,27
Aptus Value Housing Finance India Ltd,Jun 2024,Banking,Bull,0.42,11.06,12.7,2.47,9.52,1.81,20.1,15.4,44.0,0.45,1.65,14.93,8.74,8.86,1.05,12476.0,3.44,20.28,0.92,20
Aptus Value Housing Finance India Ltd,Jun 2025,Banking,Bull,9.03,-7.68,12.7,2.47,9.52,1.81,20.1,15.4,44.0,0.45,1.65,14.93,8.74,15.26,1.05,12476.0,4.39,27.62,0.87,30
Aptus Value Housing Finance India Ltd,Jun 2026,Banking,Bull,38.17,0.37,12.7,2.47,9.52,1.81,20.1,15.4,44.0,0.45,1.65,14.93,8.74,10.59,1.05,12476.0,5.21,18.68,0.9,30
Aptus Value Housing Finance India Ltd,Mar 2024,Banking,Bull,-5.84,10.47,12.7,2.47,9.52,1.81,20.1,15.4,44.0,0.45,1.65,14.93,8.74,15.49,1.05,12476.0,3.29,-36.85,0.61,26
Aptus Value Housing Finance India Ltd,Mar 2025,Banking,Bear,1.11,-1.66,12.7,2.47,9.52,1.81,20.1,15.4,44.0,0.45,1.65,14.93,8.74,20.35,1.05,12476.0,4.14,25.84,0.95,25
Aptus Value Housing Finance India Ltd,Mar 2026,Banking,Bear,-31.02,2.74,12.7,2.47,9.52,1.81,20.1,15.4,44.0,0.45,1.65,14.93,8.74,19.18,1.05,12476.0,5.21,25.85,0.92,30
Aptus Value Housing Finance India Ltd,Sep 2023,Banking,Bull,17.71,7.31,12.7,2.47,9.52,1.81,20.1,15.4,44.0,0.45,1.65,14.93,8.74,-43.3,1.05,12476.0,2.97,-42.99,0.49,27
Aptus Value Housing Finance India Ltd,Sep 2024,Banking,Bull,3.88,-2.48,12.7,2.47,9.52,1.81,20.1,15.4,44.0,0.45,1.65,14.93,8.74,10.98,1.05,12476.0,3.64,22.56,0.94,25
Aptus Value Housing Finance India Ltd,Sep 2025,Banking,Bear,-0.17,-1.02,12.7,2.47,9.52,1.81,20.1,15.4,44.0,0.45,1.65,14.93,8.74,9.66,1.05,12476.0,4.53,24.45,0.72,26
Amara Raja Energy & Mobility Ltd,Dec 2023,Manufacturing,Bull,27.82,-6.38,20.4,1.84,15.3,1.3,7.18,12.2,15.0,0.35,1.65,57.0,4.53,4.31,1.05,14896.0,15.68,8.7,0.75,31
Amara Raja Energy & Mobility Ltd,Dec 2024,Manufacturing,Bear,-14.65,-8.34,20.4,1.84,15.3,1.3,7.18,12.2,12.0,0.35,1.65,36.91,4.53,4.31,1.05,14896.0,16.3,3.95,0.83,26
Amara Raja Energy & Mobility Ltd,Dec 2025,Manufacturing,Bull,-7.93,0.56,20.4,1.84,15.3,1.3,7.18,12.2,11.0,0.35,1.65,37.4,4.53,4.31,1.05,14896.0,7.66,-53.01,0.15,21
Amara Raja Energy & Mobility Ltd,Jun 2023,Manufacturing,Bull,15.93,5.16,20.4,1.84,15.3,1.3,7.18,12.2,13.0,0.35,1.65,45.88,4.53,4.31,1.05,14896.0,11.61,51.57,0.96,28
Amara Raja Energy & Mobility Ltd,Jun 2024,Manufacturing,Bull,109.2,-9.64,20.4,1.84,15.3,1.3,7.18,12.2,13.0,0.35,1.65,48.56,7.16,-7.09,1.05,14896.0,13.61,17.23,0.93,23
Amara Raja Energy & Mobility Ltd,Jun 2025,Manufacturing,Bull,-4.93,7.51,20.4,1.84,15.3,1.3,7.18,12.2,11.0,0.35,1.65,33.09,3.94,-44.63,1.05,14896.0,9.0,-33.87,0.78,25
Amara Raja Energy & Mobility Ltd,Jun 2026,Manufacturing,Bull,17.94,-2.57,20.4,1.84,15.3,1.3,7.18,12.2,10.0,0.35,1.65,33.83,23.61,36.43,1.05,14896.0,10.43,15.89,0.88,23
Amara Raja Energy & Mobility Ltd,Mar 2024,Manufacturing,Bull,-7.84,19.22,20.4,1.84,15.3,1.3,7.18,12.2,14.0,0.35,1.65,37.27,4.01,16.16,1.05,14896.0,12.55,20.33,0.74,21
Amara Raja Energy & Mobility Ltd,Mar 2025,Manufacturing,Bear,-17.12,-1.58,20.4,1.84,15.3,1.3,7.18,12.2,11.0,0.35,1.65,34.1,-6.22,-34.94,1.05,14896.0,8.83,-29.64,-0.6,25
Amara Raja Energy & Mobility Ltd,Mar 2026,Manufacturing,Bear,-27.52,-0.04,20.4,1.84,15.3,1.3,7.18,12.2,11.0,0.35,1.65,25.73,3.97,90.3,1.05,14896.0,17.17,94.45,0.62,21
Amara Raja Energy & Mobility Ltd,Sep 2023,Manufacturing,Bull,-6.93,19.11,20.4,1.84,15.3,1.3,7.18,12.2,14.0,0.35,1.65,53.12,-29.77,24.61,1.05,14896.0,13.96,-18.7,0.92,29
Amara Raja Energy & Mobility Ltd,Sep 2024,Manufacturing,Bull,-16.58,5.63,20.4,1.84,15.3,1.3,7.18,12.2,13.0,0.35,1.65,30.93,11.8,2.61,1.05,14896.0,12.87,-7.81,0.74,31
Amara Raja Energy & Mobility Ltd,Sep 2025,Manufacturing,Bear,3.49,-3.05,20.4,1.84,15.3,1.3,7.18,12.2,11.0,0.35,1.65,41.56,13.3,70.37,1.05,14896.0,15.11,17.4,0.78,21
Asahi India Glass Ltd,Dec 2023,Manufacturing,Bull,-8.18,-10.07,56.3,6.4,42.22,0.2,10.3,11.5,16.0,0.35,1.65,4.79,4.53,4.31,1.05,25131.0,2.61,8.7,0.75,32
Asahi India Glass Ltd,Dec 2024,Manufacturing,Bear,-1.41,-5.67,56.3,6.4,42.22,0.2,10.3,11.5,16.0,0.35,1.65,5.47,4.53,4.31,1.05,25131.0,4.34,66.28,0.62,30
Asahi India Glass Ltd,Dec 2025,Manufacturing,Bull,16.87,-10.79,56.3,6.4,42.22,0.2,10.3,11.5,20.0,0.35,1.65,5.81,4.53,4.31,1.05,25131.0,3.9,-10.14,0.53,23
Asahi India Glass Ltd,Jun 2023,Manufacturing,Bull,6.62,15.06,56.3,6.4,42.22,0.2,10.3,11.5,19.0,0.35,1.65,6.15,4.53,4.31,1.05,25131.0,4.27,9.49,0.46,28
Asahi India Glass Ltd,Jun 2024,Manufacturing,Bull,21.31,7.6,56.3,6.4,42.22,0.2,10.3,11.5,16.0,0.35,1.65,5.66,8.52,22.22,1.05,25131.0,3.21,-24.82,0.78,30
Asahi India Glass Ltd,Jun 2025,Manufacturing,Bull,25.67,-2.19,56.3,6.4,42.22,0.2,10.3,11.5,16.0,0.35,1.65,3.25,9.34,-47.62,1.05,25131.0,2.31,-28.04,-0.03,28
Asahi India Glass Ltd,Jun 2026,Manufacturing,Bull,3.34,2.31,56.3,6.4,42.22,0.2,10.3,11.5,23.0,0.35,1.65,6.91,12.5,50.51,1.05,25131.0,5.85,150.0,0.82,22
Asahi India Glass Ltd,Mar 2024,Manufacturing,Bull,-5.86,1.04,56.3,6.4,42.22,0.2,10.3,11.5,16.0,0.35,1.65,5.39,1.47,-29.13,1.05,25131.0,3.04,-48.03,-0.2,24
Asahi India Glass Ltd,Mar 2025,Manufacturing,Bear,-20.25,-2.39,56.3,6.4,42.22,0.2,10.3,11.5,17.0,0.35,1.65,5.97,4.15,19.48,1.05,25131.0,3.8,25.0,-0.05,27
Asahi India Glass Ltd,Mar 2026,Manufacturing,Bear,-21.37,7.8,56.3,6.4,42.22,0.2,10.3,11.5,21.0,0.35,1.65,6.83,10.17,141.82,1.05,25131.0,5.2,36.84,0.93,25
Asahi India Glass Ltd,Sep 2023,Manufacturing,Bull,23.74,-1.58,56.3,6.4,42.22,0.2,10.3,11.5,17.0,0.35,1.65,5.47,-20.74,-42.28,1.05,25131.0,3.57,-31.35,0.0,27
Asahi India Glass Ltd,Sep 2024,Manufacturing,Bull,15.18,17.38,56.3,6.4,42.22,0.2,10.3,11.5,18.0,0.35,1.65,6.87,4.8,30.14,1.05,25131.0,3.93,10.08,0.9,30
Asahi India Glass Ltd,Sep 2025,Manufacturing,Bear,6.38,1.12,56.3,6.4,42.22,0.2,10.3,11.5,16.0,0.35,1.65,3.19,-2.46,-36.96,1.05,25131.0,2.22,-43.51,0.15,27
Ashok Leyland Ltd,Dec 2023,Manufacturing,Bull,2.22,-6.97,25.8,6.78,19.35,2.14,27.4,13.6,18.0,0.35,1.65,2.5,4.53,4.31,1.05,96184.0,0.95,8.7,-0.32,32
Ashok Leyland Ltd,Dec 2024,Manufacturing,Bear,-6.55,-7.25,25.8,6.78,19.35,2.14,27.4,13.6,19.0,0.35,1.65,2.31,4.53,4.31,1.05,96184.0,1.3,36.84,0.82,30
Ashok Leyland Ltd,Dec 2025,Manufacturing,Bull,27.74,-11.25,25.8,6.78,19.35,2.14,27.4,13.6,19.0,0.35,1.65,2.35,4.53,4.31,1.05,96184.0,1.38,6.15,0.54,28
Ashok Leyland Ltd,Jun 2023,Manufacturing,Bull,18.72,-4.61,25.8,6.78,19.35,2.14,27.4,13.6,16.0,0.35,1.65,2.3,4.53,4.31,1.05,96184.0,0.93,-32.61,-0.27,35
Ashok Leyland Ltd,Jun 2024,Manufacturing,Bull,42.5,-4.02,25.8,6.78,19.35,2.14,27.4,13.6,17.0,0.35,1.65,2.07,-3.33,-9.52,1.05,96184.0,0.87,-6.45,0.75,32
Ashok Leyland Ltd,Jun 2025,Manufacturing,Bull,22.14,1.77,25.8,6.78,19.35,2.14,27.4,13.6,19.0,0.35,1.65,1.95,-2.38,-19.76,1.05,96184.0,1.04,19.54,0.71,32
Ashok Leyland Ltd,Jun 2026,Manufacturing,Bull,7.57,-0.75,25.8,6.78,19.35,2.14,27.4,13.6,18.0,0.35,1.65,1.8,-11.87,-22.51,1.05,96184.0,1.05,0.96,0.57,30
Ashok Leyland Ltd,Mar 2024,Manufacturing,Bull,-7.91,19.09,25.8,6.78,19.35,2.14,27.4,13.6,19.0,0.35,1.65,3.1,39.74,59.93,1.05,96184.0,1.45,38.1,0.92,35
Ashok Leyland Ltd,Mar 2025,Manufacturing,Bear,-8.35,-0.17,25.8,6.78,19.35,2.14,27.4,13.6,20.0,0.35,1.65,2.84,37.04,126.13,1.05,96184.0,1.92,32.41,0.79,35
Ashok Leyland Ltd,Mar 2026,Manufacturing,Bear,-16.63,1.25,25.8,6.78,19.35,2.14,27.4,13.6,19.0,0.35,1.65,2.67,47.29,109.88,1.05,96184.0,2.2,14.58,0.92,26
Ashok Leyland Ltd,Sep 2023,Manufacturing,Bull,7.59,-0.26,25.8,6.78,19.35,2.14,27.4,13.6,16.0,0.35,1.65,2.62,-12.56,-14.82,1.05,96184.0,0.9,-59.09,-0.7,27
Ashok Leyland Ltd,Sep 2024,Manufacturing,Bull,-1.42,6.27,25.8,6.78,19.35,2.14,27.4,13.6,18.0,0.35,1.65,2.12,-17.68,-17.88,1.05,96184.0,1.2,33.33,0.71,30
Ashok Leyland Ltd,Sep 2025,Manufacturing,Bear,13.41,13.14,25.8,6.78,19.35,2.14,27.4,13.6,19.0,0.35,1.65,2.12,-14.42,-34.19,1.05,96184.0,1.29,7.5,-0.03,26
Aster DM Quality Care Ltd,Dec 2023,Pharma,Bull,20.96,9.08,184.0,9.41,138.0,0.39,11.3,11.6,16.0,0.35,1.65,5.96,8.41,5.51,1.05,66513.0,3.59,8.7,0.92,30
Aster DM Quality Care Ltd,Dec 2024,Pharma,Bear,23.15,-8.4,184.0,9.41,138.0,0.39,11.3,11.6,18.0,0.35,1.65,6.0,8.41,5.51,1.05,66513.0,1.14,-68.25,0.82,29
Aster DM Quality Care Ltd,Dec 2025,Pharma,Bull,-2.22,4.72,184.0,9.41,138.0,0.39,11.3,11.6,17.0,0.35,1.65,6.52,8.41,5.51,1.05,66513.0,1.01,-11.4,0.51,27
Aster DM Quality Care Ltd,Jun 2023,Pharma,Bull,15.67,9.88,184.0,9.41,138.0,0.39,11.3,11.6,14.0,0.35,1.65,4.76,8.41,5.51,1.05,66513.0,0.1,-90.1,0.72,29
Aster DM Quality Care Ltd,Jun 2024,Pharma,Bull,10.31,6.82,184.0,9.41,138.0,0.39,11.3,11.6,16.0,0.35,1.65,5.55,4.92,724.9,1.05,66513.0,103.0,150.0,0.97,34
Aster DM Quality Care Ltd,Jun 2025,Pharma,Bull,24.29,1.38,184.0,9.41,138.0,0.39,11.3,11.6,19.0,0.35,1.65,6.52,2.67,46.88,1.05,66513.0,1.65,-98.4,0.93,27
Aster DM Quality Care Ltd,Jun 2026,Pharma,Bull,14.53,-8.7,184.0,9.41,138.0,0.39,11.3,11.6,20.0,0.35,1.65,8.26,10.54,-50.85,1.05,66513.0,0.31,-81.21,0.84,25
Aster DM Quality Care Ltd,Mar 2024,Pharma,Bull,1.32,2.26,184.0,9.41,138.0,0.39,11.3,11.6,16.0,0.35,1.65,5.2,15.81,-110.0,1.05,66513.0,-0.48,-100.0,0.78,28
Aster DM Quality Care Ltd,Mar 2025,Pharma,Bear,-6.36,-2.02,184.0,9.41,138.0,0.39,11.3,11.6,18.0,0.35,1.65,5.69,-0.2,-98.33,1.05,66513.0,1.58,150.0,0.97,30
Aster DM Quality Care Ltd,Mar 2026,Pharma,Bear,10.43,8.13,184.0,9.41,138.0,0.39,11.3,11.6,19.0,0.35,1.65,7.47,9.65,63.83,1.05,66513.0,2.71,71.52,0.94,32
Aster DM Quality Care Ltd,Sep 2023,Pharma,Bull,14.27,17.56,184.0,9.41,138.0,0.39,11.3,11.6,15.0,0.35,1.65,4.73,-29.14,-151.72,1.05,66513.0,-0.62,-100.0,0.84,27
Aster DM Quality Care Ltd,Sep 2024,Pharma,Bull,18.99,11.61,184.0,9.41,138.0,0.39,11.3,11.6,20.0,0.35,1.65,7.0,11.5,-596.89,1.05,66513.0,1.94,150.0,0.97,25
Aster DM Quality Care Ltd,Sep 2025,Pharma,Bear,6.49,-9.01,184.0,9.41,138.0,0.39,11.3,11.6,20.0,0.35,1.65,7.61,19.7,40.7,1.05,66513.0,2.12,9.28,0.97,27
Astral Ltd,Dec 2023,Manufacturing,Bull,1.05,-6.22,64.0,9.34,48.0,0.28,13.8,19.2,15.0,0.35,1.65,25.62,4.53,4.31,1.05,37917.0,4.23,8.7,0.67,28
Astral Ltd,Dec 2024,Manufacturing,Bear,-16.25,3.83,64.0,9.34,48.0,0.28,13.8,19.2,16.0,0.35,1.65,15.64,4.53,4.31,1.05,37917.0,4.25,0.47,0.2,31
Astral Ltd,Dec 2025,Manufacturing,Bull,0.98,-10.58,64.0,9.34,48.0,0.28,13.8,19.2,15.0,0.35,1.65,18.23,4.53,4.31,1.05,37917.0,4.01,-5.65,0.72,26
Astral Ltd,Jun 2023,Manufacturing,Bull,48.37,-5.65,64.0,9.34,48.0,0.28,13.8,19.2,16.0,0.35,1.65,33.67,4.53,4.31,1.05,37917.0,4.46,11.22,0.8,28
Astral Ltd,Jun 2024,Manufacturing,Bull,17.3,2.38,64.0,9.34,48.0,0.28,13.8,19.2,16.0,0.35,1.65,26.75,1.02,6.19,1.05,37917.0,4.48,0.45,0.89,27
Astral Ltd,Jun 2025,Manufacturing,Bull,15.07,11.22,64.0,9.34,48.0,0.28,13.8,19.2,14.0,0.35,1.65,15.42,-2.58,-30.09,1.05,37917.0,3.02,-32.59,0.46,32
Astral Ltd,Jun 2026,Manufacturing,Bull,-14.95,-0.39,64.0,9.34,48.0,0.28,13.8,19.2,15.0,0.35,1.65,38.5,2.33,11.11,1.05,37917.0,4.47,48.01,0.82,26
Astral Ltd,Mar 2024,Manufacturing,Bull,4.53,2.57,64.0,9.34,48.0,0.28,13.8,19.2,18.0,0.35,1.65,36.38,26.66,52.1,1.05,37917.0,6.76,51.23,0.93,27
Astral Ltd,Mar 2025,Manufacturing,Bear,-21.63,13.7,64.0,9.34,48.0,0.28,13.8,19.2,18.0,0.35,1.65,30.2,21.46,48.33,1.05,37917.0,6.67,-1.33,0.75,23
Astral Ltd,Mar 2026,Manufacturing,Bear,11.44,-2.72,64.0,9.34,48.0,0.28,13.8,19.2,18.0,0.35,1.65,15.96,53.42,169.62,1.05,37917.0,7.93,18.89,0.9,24
Astral Ltd,Sep 2023,Manufacturing,Bull,-2.55,4.09,64.0,9.34,48.0,0.28,13.8,19.2,16.0,0.35,1.65,27.5,-13.62,10.0,1.05,37917.0,4.88,-38.46,-0.57,31
Astral Ltd,Sep 2024,Manufacturing,Bull,-16.24,6.88,64.0,9.34,48.0,0.28,13.8,19.2,15.0,0.35,1.65,21.0,-15.69,-39.78,1.05,37917.0,4.09,-16.19,-0.57,23
Astral Ltd,Sep 2025,Manufacturing,Bear,-8.41,-2.39,64.0,9.34,48.0,0.28,13.8,19.2,16.0,0.35,1.65,16.06,-6.19,-24.16,1.05,37917.0,5.02,22.74,0.88,24
Adani Total Gas Ltd,Dec 2023,Other,Bull,61.76,-16.6,103.0,13.46,77.25,0.04,14.4,15.3,25.0,0.35,1.65,9.29,4.82,1.82,1.05,65417.0,1.61,8.7,0.85,26
Adani Total Gas Ltd,Dec 2024,Other,Bear,-3.23,-1.83,103.0,13.46,77.25,0.04,14.4,15.3,20.0,0.35,1.65,9.81,4.82,1.82,1.05,65417.0,1.29,-19.88,-0.3,33
Adani Total Gas Ltd,Dec 2025,Other,Bull,-11.61,5.03,103.0,13.46,77.25,0.04,14.4,15.3,20.0,0.35,1.65,7.44,4.82,1.82,1.05,65417.0,1.44,11.63,0.8,25
Adani Total Gas Ltd,Jun 2023,Other,Bull,-22.56,1.0,103.0,13.46,77.25,0.04,14.4,15.3,23.0,0.35,1.65,10.33,4.82,1.82,1.05,65417.0,1.37,-4.86,0.32,24
Adani Total Gas Ltd,Jun 2024,Other,Bull,-7.56,-5.59,103.0,13.46,77.25,0.04,14.4,15.3,26.0,0.35,1.65,11.35,-0.95,-2.82,1.05,65417.0,1.56,13.87,0.26,32
Adani Total Gas Ltd,Jun 2025,Other,Bull,14.16,-2.88,103.0,13.46,77.25,0.04,14.4,15.3,21.0,0.35,1.65,10.46,6.57,16.2,1.05,65417.0,1.5,-3.85,0.69,30
Adani Total Gas Ltd,Jun 2026,Other,Bull,40.49,-1.61,103.0,13.46,77.25,0.04,14.4,15.3,15.0,0.35,1.65,6.92,16.39,-10.69,1.05,65417.0,1.29,-14.0,0.36,24
Adani Total Gas Ltd,Mar 2024,Other,Bull,-7.43,3.29,103.0,13.46,77.25,0.04,14.4,15.3,25.0,0.35,1.65,9.93,10.51,12.0,1.05,65417.0,1.53,18.6,0.92,25
Adani Total Gas Ltd,Mar 2025,Other,Bear,-19.66,-0.21,103.0,13.46,77.25,0.04,14.4,15.3,20.0,0.35,1.65,11.08,17.12,-9.88,1.05,65417.0,1.41,-7.84,0.81,26
Adani Total Gas Ltd,Mar 2026,Other,Bear,-14.16,18.26,103.0,13.46,77.25,0.04,14.4,15.3,19.0,0.35,1.65,8.6,12.91,1.82,1.05,65417.0,1.53,8.51,0.78,32
Adani Total Gas Ltd,Sep 2023,Other,Bull,-6.72,93.97,103.0,13.46,77.25,0.04,14.4,15.3,26.0,0.35,1.65,10.37,-37.51,21.83,1.05,65417.0,1.57,2.61,0.88,33
Adani Total Gas Ltd,Sep 2024,Other,Bull,-11.44,7.16,103.0,13.46,77.25,0.04,14.4,15.3,25.0,0.35,1.65,13.3,4.46,10.71,1.05,65417.0,1.69,7.64,0.78,30
Adani Total Gas Ltd,Sep 2025,Other,Bear,-6.21,-4.71,103.0,13.46,77.25,0.04,14.4,15.3,20.0,0.35,1.65,11.35,8.2,5.16,1.05,65417.0,1.49,-11.83,-0.18,24
Ather Energy Ltd,Jun 2025,Manufacturing,Bull,9.92,30.94,38.3,5.23,28.72,0.0,14.6,16.5,-21.0,0.35,1.65,-5.58,4.53,4.31,1.05,65678.0,-4.79,-8.7,0.84,24
Ather Energy Ltd,Jun 2026,Manufacturing,Bull,47.92,8.83,38.3,5.23,28.72,0.0,14.6,16.5,-2.7,0.35,1.65,-1.5,4.53,4.31,1.05,65678.0,-1.33,72.23,0.84,27
Ather Energy Ltd,Mar 2026,Manufacturing,Bear,2.1,9.74,38.3,5.23,28.72,0.0,14.6,16.5,-6.0,0.35,1.65,-3.89,4.53,4.31,1.05,65678.0,-2.62,-96.99,-0.08,28
Atul Ltd,Dec 2023,Chemicals,Bull,2.48,-2.79,23.1,2.96,17.33,0.48,11.5,14.9,13.0,0.35,1.65,76.0,4.4,0.0,1.05,18385.0,24.04,8.7,0.8,31
Atul Ltd,Dec 2024,Chemicals,Bear,-13.03,-5.76,23.1,2.96,17.33,0.48,11.5,14.9,16.0,0.35,1.65,56.0,4.4,0.0,1.05,18385.0,36.93,53.62,0.84,30
Atul Ltd,Dec 2025,Chemicals,Bull,-0.74,7.61,23.1,2.96,17.33,0.48,11.5,14.9,16.0,0.35,1.65,61.75,4.4,0.0,1.05,18385.0,54.6,47.85,0.62,25
Atul Ltd,Jun 2023,Chemicals,Bull,1.04,8.18,23.1,2.96,17.33,0.48,11.5,14.9,15.0,0.35,1.65,91.0,4.4,0.0,1.05,18385.0,35.02,-35.86,0.32,25
Atul Ltd,Jun 2024,Chemicals,Bull,11.77,0.79,23.1,2.96,17.33,0.48,11.5,14.9,17.0,0.35,1.65,44.6,16.17,55.56,1.05,18385.0,38.0,8.51,0.9,26
Atul Ltd,Jun 2025,Chemicals,Bull,28.65,0.35,23.1,2.96,17.33,0.48,11.5,14.9,16.0,0.35,1.65,47.2,4.3,12.82,1.05,18385.0,43.4,14.21,0.86,23
Atul Ltd,Jun 2026,Chemicals,Bull,0.44,-3.89,23.1,2.96,17.33,0.48,11.5,14.9,21.0,0.35,1.65,98.5,17.41,54.88,1.05,18385.0,83.32,91.98,0.89,24
Atul Ltd,Mar 2024,Chemicals,Bull,-19.93,6.55,23.1,2.96,17.33,0.48,11.5,14.9,12.0,0.35,1.65,29.6,2.54,-42.16,1.05,18385.0,19.84,-76.19,-0.05,22
Atul Ltd,Mar 2025,Chemicals,Bear,-11.19,2.57,23.1,2.96,17.33,0.48,11.5,14.9,15.0,0.35,1.65,44.6,9.83,16.07,1.05,18385.0,42.97,116.58,0.91,31
Atul Ltd,Mar 2026,Chemicals,Bear,3.23,-8.2,23.1,2.96,17.33,0.48,11.5,14.9,17.0,0.35,1.65,70.25,12.99,59.85,1.05,18385.0,71.38,66.12,0.78,21
Atul Ltd,Sep 2023,Chemicals,Bull,2.27,4.63,23.1,2.96,17.33,0.48,11.5,14.9,13.0,0.35,1.65,77.5,-35.39,-64.17,1.05,18385.0,30.6,-57.13,0.03,23
Atul Ltd,Sep 2024,Chemicals,Bull,17.05,0.5,23.1,2.96,17.33,0.48,11.5,14.9,17.0,0.35,1.65,27.0,14.93,137.29,1.05,18385.0,46.47,51.86,0.89,24
Atul Ltd,Sep 2025,Chemicals,Bear,-17.94,-2.77,23.1,2.96,17.33,0.48,11.5,14.9,17.0,0.35,1.65,53.4,6.89,40.0,1.05,18385.0,60.88,31.01,0.88,26
Aurobindo Pharma Ltd,Dec 2023,Pharma,Bull,19.65,1.44,25.6,2.58,19.2,0.24,10.1,12.9,22.0,0.35,1.65,21.04,8.41,5.51,1.05,96652.0,15.98,8.7,0.76,33
Aurobindo Pharma Ltd,Dec 2024,Pharma,Bear,-7.22,-1.42,25.6,2.58,19.2,0.24,10.1,12.9,20.0,0.35,1.65,13.37,8.41,5.51,1.05,96652.0,14.56,-8.89,-0.46,31
Aurobindo Pharma Ltd,Dec 2025,Pharma,Bull,8.93,-4.95,25.6,2.58,19.2,0.24,10.1,12.9,21.0,0.35,1.65,19.06,8.41,5.51,1.05,96652.0,15.67,7.62,-0.38,26
Aurobindo Pharma Ltd,Jun 2023,Pharma,Bull,39.78,2.52,25.6,2.58,19.2,0.24,10.1,12.9,17.0,0.35,1.65,20.16,8.41,5.51,1.05,96652.0,9.74,-37.84,-0.13,29
Aurobindo Pharma Ltd,Jun 2024,Pharma,Bull,8.47,4.29,25.6,2.58,19.2,0.24,10.1,12.9,21.0,0.35,1.65,14.58,2.92,-2.34,1.05,96652.0,15.69,61.09,0.91,31
Aurobindo Pharma Ltd,Jun 2025,Pharma,Bull,0.06,0.47,25.6,2.58,19.2,0.24,10.1,12.9,20.0,0.35,1.65,16.36,-1.39,-2.6,1.05,96652.0,14.2,-9.5,0.86,31
Aurobindo Pharma Ltd,Jun 2026,Pharma,Bull,17.63,1.11,25.6,2.58,19.2,0.24,10.1,12.9,21.0,0.35,1.65,18.43,5.83,13.41,1.05,96652.0,17.95,26.41,0.92,31
Aurobindo Pharma Ltd,Mar 2024,Pharma,Bull,0.94,8.68,25.6,2.58,19.2,0.24,10.1,12.9,22.0,0.35,1.65,18.65,10.64,59.12,1.05,96652.0,15.51,-13.59,0.86,31
Aurobindo Pharma Ltd,Mar 2025,Pharma,Bear,-14.24,-5.48,25.6,2.58,19.2,0.24,10.1,12.9,21.0,0.35,1.65,15.3,10.77,-1.63,1.05,96652.0,15.56,0.32,0.86,26
Aurobindo Pharma Ltd,Mar 2026,Pharma,Bear,9.34,-2.58,25.6,2.58,19.2,0.24,10.1,12.9,20.0,0.35,1.65,17.86,12.52,11.77,1.05,96652.0,15.86,1.93,0.25,25
Aurobindo Pharma Ltd,Sep 2023,Pharma,Bull,28.35,6.47,25.6,2.58,19.2,0.24,10.1,12.9,19.0,0.35,1.65,20.19,-21.1,-27.13,1.05,96652.0,12.92,-18.54,0.54,29
Aurobindo Pharma Ltd,Sep 2024,Pharma,Bull,20.54,-2.19,25.6,2.58,19.2,0.24,10.1,12.9,20.0,0.35,1.65,13.86,2.85,-9.92,1.05,96652.0,14.07,8.9,0.64,33
Aurobindo Pharma Ltd,Sep 2025,Pharma,Bear,-3.93,-4.09,25.6,2.58,19.2,0.24,10.1,12.9,20.0,0.35,1.65,17.66,-1.15,-6.09,1.05,96652.0,14.61,3.84,0.69,33
AWL Agri Business Ltd,Dec 2023,Other,Bull,6.45,7.57,20.5,2.3,15.38,0.54,10.7,18.3,3.9,0.35,1.65,2.7,4.82,1.82,1.05,24047.0,1.55,8.7,0.77,32
AWL Agri Business Ltd,Dec 2024,Other,Bear,-11.76,2.11,20.5,2.3,15.38,0.54,10.7,18.3,4.7,0.35,1.65,3.88,4.82,1.82,1.05,24047.0,3.16,103.87,0.36,27
AWL Agri Business Ltd,Dec 2025,Other,Bull,-9.79,4.08,20.5,2.3,15.38,0.54,10.7,18.3,3.0,0.35,1.65,2.99,4.82,1.82,1.05,24047.0,2.07,-34.49,-0.56,25
AWL Agri Business Ltd,Jun 2023,Other,Bull,3.6,-4.71,20.5,2.3,15.38,0.54,10.7,18.3,1.0,0.35,1.65,0.76,4.82,1.82,1.05,24047.0,-0.61,-100.0,0.03,26
AWL Agri Business Ltd,Jun 2024,Other,Bull,-2.38,-0.8,20.5,2.3,15.38,0.54,10.7,18.3,4.4,0.35,1.65,3.77,10.34,55.72,1.05,24047.0,2.41,150.0,0.86,32
AWL Agri Business Ltd,Jun 2025,Other,Bull,-2.09,3.64,20.5,2.3,15.38,0.54,10.7,18.3,2.1,0.35,1.65,2.3,1.31,-42.09,1.05,24047.0,1.82,-24.48,-0.27,23
AWL Agri Business Ltd,Jun 2026,Other,Bull,1.06,1.52,20.5,2.3,15.38,0.54,10.7,18.3,3.5,0.35,1.65,3.73,7.77,30.48,1.05,24047.0,2.7,48.35,0.71,31
AWL Agri Business Ltd,Mar 2024,Other,Bull,-12.43,2.87,20.5,2.3,15.38,0.54,10.7,18.3,2.7,0.35,1.65,2.09,2.28,-298.73,1.05,24047.0,1.21,-55.19,0.32,32
AWL Agri Business Ltd,Mar 2025,Other,Bear,-21.41,-0.3,20.5,2.3,15.38,0.54,10.7,18.3,2.5,0.35,1.65,2.52,28.8,-38.98,1.05,24047.0,1.46,20.66,0.57,30
AWL Agri Business Ltd,Mar 2026,Other,Bear,-25.76,-4.46,20.5,2.3,15.38,0.54,10.7,18.3,2.4,0.35,1.65,3.01,25.83,23.11,1.05,24047.0,2.25,54.11,0.84,32
AWL Agri Business Ltd,Sep 2023,Other,Bull,-16.95,24.52,20.5,2.3,15.38,0.54,10.7,18.3,1.2,0.35,1.65,0.65,-38.81,-137.32,1.05,24047.0,-1.01,-100.0,-0.57,32
AWL Agri Business Ltd,Sep 2024,Other,Bull,4.72,-5.87,20.5,2.3,15.38,0.54,10.7,18.3,4.3,0.35,1.65,3.47,9.35,98.09,1.05,24047.0,2.39,150.0,0.9,23
AWL Agri Business Ltd,Sep 2025,Other,Bear,1.22,-10.4,20.5,2.3,15.38,0.54,10.7,18.3,3.9,0.35,1.65,3.64,-3.43,28.27,1.05,24047.0,1.88,-21.34,0.88,32
Balkrishna Industries Ltd,Dec 2023,Manufacturing,Bull,2.16,-2.63,29.8,3.82,22.35,0.74,9.66,11.2,24.0,0.35,1.65,15.03,4.53,4.31,1.05,41845.0,15.8,8.7,0.03,26
Balkrishna Industries Ltd,Dec 2024,Manufacturing,Bear,-4.83,-2.91,29.8,3.82,22.35,0.74,9.66,11.2,23.0,0.35,1.65,37.56,4.53,4.31,1.05,41845.0,23.25,47.15,0.91,26
Balkrishna Industries Ltd,Dec 2025,Manufacturing,Bull,0.78,-5.3,29.8,3.82,22.35,0.74,9.66,11.2,24.0,0.35,1.65,18.91,4.53,4.31,1.05,41845.0,19.77,-14.97,-0.34,30
Balkrishna Industries Ltd,Jun 2023,Manufacturing,Bull,21.95,5.65,29.8,3.82,22.35,0.74,9.66,11.2,23.0,0.35,1.65,22.77,4.53,4.31,1.05,41845.0,17.17,-13.15,0.1,29
Balkrishna Industries Ltd,Jun 2024,Manufacturing,Bull,41.33,9.94,29.8,3.82,22.35,0.74,9.66,11.2,24.0,0.35,1.65,30.18,19.35,60.66,1.05,41845.0,25.35,47.64,0.82,27
Balkrishna Industries Ltd,Jun 2025,Manufacturing,Bull,-3.1,-1.96,29.8,3.82,22.35,0.74,9.66,11.2,18.0,0.35,1.65,16.32,7.81,-35.86,1.05,41845.0,14.91,-41.18,-0.7,24
Balkrishna Industries Ltd,Jun 2026,Manufacturing,Bull,2.48,-2.79,29.8,3.82,22.35,0.74,9.66,11.2,22.0,0.35,1.65,20.11,26.23,18.06,1.05,41845.0,23.32,56.41,0.62,32
Balkrishna Industries Ltd,Mar 2024,Manufacturing,Bull,-9.9,28.77,29.8,3.82,22.35,0.74,9.66,11.2,25.0,0.35,1.65,21.97,24.22,46.69,1.05,41845.0,25.18,7.98,0.36,27
Balkrishna Industries Ltd,Mar 2025,Manufacturing,Bear,-10.96,-8.71,29.8,3.82,22.35,0.74,9.66,11.2,22.0,0.35,1.65,12.28,1.4,-24.69,1.05,41845.0,19.06,-24.31,-0.49,29
Balkrishna Industries Ltd,Mar 2026,Manufacturing,Bear,-9.92,-6.29,29.8,3.82,22.35,0.74,9.66,11.2,22.0,0.35,1.65,17.78,6.27,3.82,1.05,41845.0,15.49,-18.73,-0.7,29
Balkrishna Industries Ltd,Sep 2023,Manufacturing,Bull,9.28,-2.41,29.8,3.82,22.35,0.74,9.66,11.2,24.0,0.35,1.65,22.21,-34.79,-23.06,1.05,41845.0,17.97,16.01,0.8,25
Balkrishna Industries Ltd,Sep 2024,Manufacturing,Bull,-4.15,3.94,29.8,3.82,22.35,0.74,9.66,11.2,24.0,0.35,1.65,14.15,-9.77,-28.75,1.05,41845.0,17.95,-0.11,-0.46,30
Balkrishna Industries Ltd,Sep 2025,Manufacturing,Bear,-7.07,0.8,29.8,3.82,22.35,0.74,9.66,11.2,21.0,0.35,1.65,15.48,-13.05,-26.02,1.05,41845.0,14.13,-21.28,-0.46,29
Balrampur Chini Mills Ltd,Dec 2023,Other,Bull,-4.11,5.42,39.4,3.37,29.55,0.51,9.54,9.28,9.0,0.35,1.65,14.12,4.82,1.82,1.05,14630.0,4.53,8.7,0.48,25
Balrampur Chini Mills Ltd,Dec 2024,Other,Bear,-21.7,-3.71,39.4,3.37,29.55,0.51,9.54,9.28,10.0,0.35,1.65,17.71,4.82,1.82,1.05,14630.0,3.49,-22.96,-0.7,22
Balrampur Chini Mills Ltd,Dec 2025,Other,Bull,-2.01,7.65,39.4,3.37,29.55,0.51,9.54,9.28,14.0,0.35,1.65,50.5,4.82,1.82,1.05,14630.0,5.62,61.03,0.79,26
Balrampur Chini Mills Ltd,Jun 2023,Other,Bull,-5.41,10.57,39.4,3.37,29.55,0.51,9.54,9.28,12.0,0.35,1.65,4.79,4.82,1.82,1.05,14630.0,3.64,-35.23,-0.57,29
Balrampur Chini Mills Ltd,Jun 2024,Other,Bull,13.86,6.65,39.4,3.37,29.55,0.51,9.54,9.28,12.0,0.35,1.65,4.61,15.61,-23.08,1.05,14630.0,3.48,-4.4,-0.53,21
Balrampur Chini Mills Ltd,Jun 2025,Other,Bull,6.63,-7.56,39.4,3.37,29.55,0.51,9.54,9.28,9.0,0.35,1.65,3.94,29.36,-25.71,1.05,14630.0,2.55,-26.72,-0.53,27
Balrampur Chini Mills Ltd,Jun 2026,Other,Bull,12.12,-0.14,39.4,3.37,29.55,0.51,9.54,9.28,7.0,0.35,1.65,3.56,12.59,-61.06,1.05,14630.0,2.09,-18.04,0.2,30
Balrampur Chini Mills Ltd,Mar 2024,Other,Bull,-12.68,14.04,39.4,3.37,29.55,0.51,9.54,9.28,24.0,0.35,1.65,13.8,3.17,174.32,1.05,14630.0,10.08,150.0,0.62,22
Balrampur Chini Mills Ltd,Mar 2025,Other,Bear,0.41,8.79,39.4,3.37,29.55,0.51,9.54,9.28,24.0,0.35,1.65,12.17,5.77,227.14,1.05,14630.0,11.35,12.6,0.84,27
Balrampur Chini Mills Ltd,Mar 2026,Other,Bear,13.42,0.06,39.4,3.37,29.55,0.51,9.54,9.28,18.0,0.35,1.65,10.96,4.02,207.69,1.05,14630.0,7.9,-30.4,0.92,20
Balrampur Chini Mills Ltd,Sep 2023,Other,Bull,13.72,-11.32,39.4,3.37,29.55,0.51,9.54,9.28,11.0,0.35,1.65,9.71,-5.99,277.27,1.05,14630.0,8.24,4.3,0.75,30
Balrampur Chini Mills Ltd,Sep 2024,Other,Bull,49.45,12.09,39.4,3.37,29.55,0.51,9.54,9.28,3.8,0.35,1.65,2.45,-9.48,-67.0,1.05,14630.0,3.33,-59.59,-0.2,22
Balrampur Chini Mills Ltd,Sep 2025,Other,Bear,-22.24,-5.27,39.4,3.37,29.55,0.51,9.54,9.28,7.0,0.35,1.65,8.57,11.1,-76.42,1.05,14630.0,2.67,-19.82,0.03,27
Bank of India,Dec 2023,Banking,Bull,-0.18,-4.67,5.61,0.7,4.21,3.32,12.4,5.93,44.0,0.45,1.65,14.93,8.74,9.96,1.05,63737.0,4.24,8.7,0.79,32
Bank of India,Dec 2024,Banking,Bear,-8.11,-6.05,5.61,0.7,4.21,3.32,12.4,5.93,44.0,0.45,1.65,14.93,8.74,9.96,1.05,63737.0,5.79,36.56,0.89,24
Bank of India,Dec 2025,Banking,Bull,15.42,-4.27,5.61,0.7,4.21,3.32,12.4,5.93,44.0,0.45,1.65,14.93,8.74,9.96,1.05,63737.0,6.18,6.74,0.57,26
Bank of India,Jun 2023,Banking,Bull,-0.44,19.77,5.61,0.7,4.21,3.32,12.4,5.93,44.0,0.45,1.65,14.93,8.74,9.96,1.05,63737.0,3.81,-38.35,-0.4,25
Bank of India,Jun 2024,Banking,Bull,-12.49,-3.15,5.61,0.7,4.21,3.32,12.4,5.93,44.0,0.45,1.65,14.93,8.74,-2.12,1.05,63737.0,4.15,8.92,0.78,25
Bank of India,Jun 2025,Banking,Bull,11.4,2.16,5.61,0.7,4.21,3.32,12.4,5.93,44.0,0.45,1.65,14.93,8.74,-30.59,1.05,63737.0,4.02,-3.13,-0.4,34
Bank of India,Jun 2026,Banking,Bull,2.32,0.17,5.61,0.7,4.21,3.32,12.4,5.93,44.0,0.45,1.65,14.93,8.74,17.41,1.05,63737.0,7.25,80.35,0.81,27
Bank of India,Mar 2024,Banking,Bull,21.23,0.93,5.61,0.7,4.21,3.32,12.4,5.93,44.0,0.45,1.65,14.93,8.74,0.77,1.05,63737.0,3.46,-52.28,-0.53,34
Bank of India,Mar 2025,Banking,Bear,4.36,6.26,5.61,0.7,4.21,3.32,12.4,5.93,44.0,0.45,1.65,14.93,8.74,37.67,1.05,63737.0,5.72,65.32,0.86,33
Bank of India,Mar 2026,Banking,Bear,-6.8,5.75,5.61,0.7,4.21,3.32,12.4,5.93,44.0,0.45,1.65,14.93,8.74,68.71,1.05,63737.0,6.78,18.53,0.57,28
Bank of India,Sep 2023,Banking,Bull,41.53,4.21,5.61,0.7,4.21,3.32,12.4,5.93,44.0,0.45,1.65,14.93,8.74,-54.63,1.05,63737.0,3.65,-46.17,-0.13,33
Bank of India,Sep 2024,Banking,Bull,-8.6,9.68,5.61,0.7,4.21,3.32,12.4,5.93,44.0,0.45,1.65,14.93,8.74,53.88,1.05,63737.0,5.32,45.75,0.34,30
Bank of India,Sep 2025,Banking,Bear,1.92,-3.79,5.61,0.7,4.21,3.32,12.4,5.93,44.0,0.45,1.65,14.93,8.74,-1.0,1.05,63737.0,5.66,6.39,0.15,31
Bata India Ltd,Dec 2023,Manufacturing,Bull,2.03,-3.85,48.0,5.23,36.0,3.85,10.6,12.7,20.0,0.35,1.65,6.28,4.53,4.31,1.05,8337.0,4.51,8.7,0.8,23
Bata India Ltd,Dec 2024,Manufacturing,Bear,-3.67,-1.4,48.0,5.23,36.0,3.85,10.6,12.7,22.0,0.35,1.65,6.45,4.53,4.31,1.05,8337.0,4.57,1.33,0.57,21
Bata India Ltd,Dec 2025,Manufacturing,Bull,-20.63,-6.97,48.0,5.23,36.0,3.85,10.6,12.7,22.0,0.35,1.65,6.62,4.53,4.31,1.05,8337.0,5.14,12.47,0.46,20
Bata India Ltd,Jun 2023,Manufacturing,Bull,17.05,0.78,48.0,5.23,36.0,3.85,10.6,12.7,25.0,0.35,1.65,8.57,4.53,4.31,1.05,8337.0,8.32,61.87,0.93,25
Bata India Ltd,Jun 2024,Manufacturing,Bull,10.56,1.18,48.0,5.23,36.0,3.85,10.6,12.7,20.0,0.35,1.65,5.97,4.65,200.0,1.05,8337.0,13.54,62.74,0.87,27
Bata India Ltd,Jun 2025,Manufacturing,Bull,-0.84,12.4,48.0,5.23,36.0,3.85,10.6,12.7,21.0,0.35,1.65,5.69,2.5,-11.86,1.05,8337.0,4.05,-70.09,-0.44,25
Bata India Ltd,Jun 2026,Manufacturing,Bull,8.9,-7.04,48.0,5.23,36.0,3.85,10.6,12.7,21.0,0.35,1.65,6.18,3.6,-3.03,1.05,8337.0,4.98,22.96,0.25,24
Bata India Ltd,Mar 2024,Manufacturing,Bull,-16.9,9.39,48.0,5.23,36.0,3.85,10.6,12.7,23.0,0.35,1.65,5.87,-16.7,-40.19,1.05,8337.0,4.95,-0.6,-0.7,27
Bata India Ltd,Mar 2025,Manufacturing,Bear,-12.68,-1.77,48.0,5.23,36.0,3.85,10.6,12.7,23.0,0.35,1.65,5.09,-16.61,-73.56,1.05,8337.0,3.57,-27.88,-0.03,20
Bata India Ltd,Mar 2026,Manufacturing,Bear,-35.83,-3.6,48.0,5.23,36.0,3.85,10.6,12.7,18.0,0.35,1.65,4.44,-12.1,-96.15,1.05,8337.0,0.17,-95.24,-0.76,19
Bata India Ltd,Sep 2023,Manufacturing,Bull,-1.67,3.38,48.0,5.23,36.0,3.85,10.6,12.7,22.0,0.35,1.65,6.5,-16.34,-46.88,1.05,8337.0,2.64,150.0,0.77,26
Bata India Ltd,Sep 2024,Manufacturing,Bull,-2.34,11.1,48.0,5.23,36.0,3.85,10.6,12.7,21.0,0.35,1.65,5.44,4.89,-18.75,1.05,8337.0,4.04,53.03,0.7,27
Bata India Ltd,Sep 2025,Manufacturing,Bear,-4.72,-5.45,48.0,5.23,36.0,3.85,10.6,12.7,18.0,0.35,1.65,4.26,1.65,-69.57,1.05,8337.0,1.08,-73.27,-0.57,23
Bayer CropScience Ltd,Dec 2005,Chemicals,Bull,2.2,1.0,363.0,36.79,272.25,3.77,15.8,20.1,13.0,0.35,1.65,14.5,4.4,0.0,1.05,17860.0,1.97,8.7,-0.15,31
Bayer CropScience Ltd,Dec 2006,Chemicals,Bull,-5.15,-2.35,363.0,36.79,272.25,3.77,15.8,20.1,7.0,0.35,1.65,6.0,4.4,0.0,1.05,17860.0,4.37,121.83,0.91,27
The Bombay Burmah Trading Corporation Ltd,Dec 2023,Other,Bull,27.27,-6.31,8.02,1.41,6.02,1.19,18.7,33.0,18.0,0.35,1.65,15.08,4.82,1.82,1.05,9932.0,65.46,8.7,0.75,22
The Bombay Burmah Trading Corporation Ltd,Dec 2024,Other,Bear,-26.49,-7.15,8.02,1.41,6.02,1.19,18.7,33.0,19.0,0.35,1.65,17.12,4.82,1.82,1.05,9932.0,48.58,-25.79,-0.4,20
The Bombay Burmah Trading Corporation Ltd,Dec 2025,Other,Bull,4.79,-12.62,8.02,1.41,6.02,1.19,18.7,33.0,19.0,0.35,1.65,24.18,4.82,1.82,1.05,9932.0,45.34,-6.67,0.67,30
The Bombay Burmah Trading Corporation Ltd,Jun 2023,Other,Bull,22.2,27.25,8.02,1.41,6.02,1.19,18.7,33.0,8.0,0.35,1.65,2.67,4.82,1.82,1.05,9932.0,-22.38,-100.0,-0.53,23
The Bombay Burmah Trading Corporation Ltd,Jun 2024,Other,Bull,25.9,17.81,8.02,1.41,6.02,1.19,18.7,33.0,17.0,0.35,1.65,23.74,-0.09,-35.43,1.05,9932.0,31.86,150.0,-0.05,28
The Bombay Burmah Trading Corporation Ltd,Jun 2025,Other,Bull,13.57,1.28,8.02,1.41,6.02,1.19,18.7,33.0,15.0,0.35,1.65,21.29,0.58,-20.57,1.05,9932.0,34.5,8.29,-0.4,28
The Bombay Burmah Trading Corporation Ltd,Jun 2026,Other,Bull,9.31,6.81,8.02,1.41,6.02,1.19,18.7,33.0,16.0,0.35,1.65,30.15,0.45,-10.99,1.05,9932.0,41.3,19.71,0.36,29
The Bombay Burmah Trading Corporation Ltd,Mar 2024,Other,Bull,3.36,6.4,8.02,1.41,6.02,1.19,18.7,33.0,18.0,0.35,1.65,26.31,1.84,707.35,1.05,9932.0,40.73,-1.38,0.62,22
The Bombay Burmah Trading Corporation Ltd,Mar 2025,Other,Bear,-20.89,6.89,8.02,1.41,6.02,1.19,18.7,33.0,18.0,0.35,1.65,20.56,4.29,23.94,1.05,9932.0,44.24,8.62,0.82,21
The Bombay Burmah Trading Corporation Ltd,Mar 2026,Other,Bear,-28.53,-0.26,8.02,1.41,6.02,1.19,18.7,33.0,17.0,0.35,1.65,34.46,2.25,56.83,1.05,9932.0,63.63,43.83,0.62,21
The Bombay Burmah Trading Corporation Ltd,Sep 2023,Other,Bull,25.64,-4.16,8.02,1.41,6.02,1.19,18.7,33.0,17.0,0.35,1.65,5.08,-11.1,-29.33,1.05,9932.0,17.49,-72.51,0.62,26
The Bombay Burmah Trading Corporation Ltd,Sep 2024,Other,Bull,37.72,-8.66,8.02,1.41,6.02,1.19,18.7,33.0,15.0,0.35,1.65,19.57,14.39,-6.01,1.05,9932.0,36.22,107.09,0.8,24
The Bombay Burmah Trading Corporation Ltd,Sep 2025,Other,Bear,-11.55,1.39,8.02,1.41,6.02,1.19,18.7,33.0,19.0,0.35,1.65,22.83,9.38,-3.25,1.05,9932.0,34.64,-4.36,-0.36,30
Belrise Industries Ltd,Dec 2024,Manufacturing,Bear,-5.44,2.31,43.2,3.88,32.4,0.24,12.6,14.5,12.0,0.35,1.65,3.4,4.53,4.31,1.05,22051.0,1.55,8.7,0.08,32
Belrise Industries Ltd,Dec 2025,Manufacturing,Bull,16.49,4.99,43.2,3.88,32.4,0.24,12.6,14.5,12.0,0.35,1.65,5.74,4.53,4.31,1.05,22051.0,1.37,-11.61,0.46,28
Belrise Industries Ltd,Jun 2024,Manufacturing,Bull,5.24,1.1,43.2,3.88,32.4,0.24,12.6,14.5,13.0,0.35,1.65,3.12,4.53,4.31,1.05,22051.0,1.1,-19.71,-0.76,26
Belrise Industries Ltd,Jun 2025,Manufacturing,Bull,7.96,3.72,43.2,3.88,32.4,0.24,12.6,14.5,12.0,0.35,1.65,3.51,4.53,4.31,1.05,22051.0,1.26,14.55,0.44,27
Belrise Industries Ltd,Jun 2026,Manufacturing,Bull,26.0,-2.63,43.2,3.88,32.4,0.24,12.6,14.5,12.0,0.35,1.65,6.37,17.49,20.79,1.05,22051.0,1.37,8.73,0.34,22
Belrise Industries Ltd,Mar 2024,Manufacturing,Bull,-15.68,-15.09,43.2,3.88,32.4,0.24,12.6,14.5,12.0,0.35,1.65,2.59,-34.81,-86.89,1.05,22051.0,0.25,-81.75,0.05,28
Belrise Industries Ltd,Mar 2025,Manufacturing,Bear,11.48,4.65,43.2,3.88,32.4,0.24,12.6,14.5,12.0,0.35,1.65,4.31,27.68,52.78,1.05,22051.0,1.69,150.0,0.88,29
Belrise Industries Ltd,Mar 2026,Manufacturing,Bear,1.04,8.96,43.2,3.88,32.4,0.24,12.6,14.5,11.0,0.35,1.65,6.3,12.86,16.07,1.05,22051.0,1.46,-13.61,-0.34,24
Belrise Industries Ltd,Sep 2024,Manufacturing,Bull,-2.04,-5.29,43.2,3.88,32.4,0.24,12.6,14.5,12.0,0.35,1.65,2.73,-18.74,-40.16,1.05,22051.0,1.13,-22.6,0.6,28
Belrise Industries Ltd,Sep 2025,Manufacturing,Bear,51.42,-0.05,43.2,3.88,32.4,0.24,12.6,14.5,13.0,0.35,1.65,5.29,54.26,724.9,1.05,22051.0,1.49,31.86,0.91,31
BEML Ltd,Dec 2023,Manufacturing,Bull,22.43,-11.51,94.4,5.75,70.8,0.85,4.78,7.66,5.0,0.35,1.65,7.0,4.53,4.31,1.05,16853.0,5.79,8.7,0.48,29
BEML Ltd,Dec 2024,Manufacturing,Bear,10.77,-9.68,94.4,5.75,70.8,0.85,4.78,7.66,7.0,0.35,1.65,3.53,4.53,4.31,1.05,16853.0,2.93,-49.4,0.62,22
BEML Ltd,Dec 2025,Manufacturing,Bull,-13.87,-6.46,94.4,5.75,70.8,0.85,4.78,7.66,0.3,0.35,1.65,0.33,4.53,4.31,1.05,16853.0,-2.69,-100.0,-0.4,27
BEML Ltd,Jun 2023,Manufacturing,Bull,28.45,23.34,94.4,5.75,70.8,0.85,4.78,7.66,-9.0,0.35,1.65,-5.1,4.53,4.31,1.05,16853.0,-9.0,-100.0,-0.46,29
BEML Ltd,Jun 2024,Manufacturing,Bull,37.14,5.59,94.4,5.75,70.8,0.85,4.78,7.66,-8.0,0.35,1.65,-5.56,-39.45,-245.83,1.05,16853.0,-8.46,6.0,-0.57,22
BEML Ltd,Jun 2025,Manufacturing,Bull,41.24,7.94,94.4,5.75,70.8,0.85,4.78,7.66,-8.0,0.35,1.65,-4.9,-27.63,-366.67,1.05,16853.0,-7.7,8.98,-0.62,31
BEML Ltd,Jun 2026,Manufacturing,Bull,19.36,4.0,94.4,5.75,70.8,0.85,4.78,7.66,0.2,0.35,1.65,0.14,-24.28,22.73,1.05,16853.0,-3.24,57.92,0.88,29
BEML Ltd,Mar 2024,Manufacturing,Bull,12.11,24.84,94.4,5.75,70.8,0.85,4.78,7.66,24.0,0.35,1.65,33.64,123.91,-442.67,1.05,16853.0,30.83,150.0,0.82,31
BEML Ltd,Mar 2025,Manufacturing,Bear,-21.73,26.81,94.4,5.75,70.8,0.85,4.78,7.66,26.0,0.35,1.65,32.46,123.91,-511.43,1.05,16853.0,34.52,11.97,-0.49,24
BEML Ltd,Mar 2026,Manufacturing,Bear,-25.77,-0.56,94.4,5.75,70.8,0.85,4.78,7.66,15.0,0.35,1.65,19.43,123.91,-381.25,1.05,16853.0,21.59,-37.46,-0.03,21
BEML Ltd,Sep 2023,Manufacturing,Bull,45.63,13.9,94.4,5.75,70.8,0.85,4.78,7.66,6.0,0.35,1.65,5.36,11.83,-292.59,1.05,16853.0,6.22,-71.19,-0.18,31
BEML Ltd,Sep 2024,Manufacturing,Bull,-18.31,18.2,94.4,5.75,70.8,0.85,4.78,7.66,8.0,0.35,1.65,4.56,-43.2,-80.16,1.05,16853.0,6.13,-1.45,0.32,26
BEML Ltd,Sep 2025,Manufacturing,Bear,-5.8,-13.36,94.4,5.75,70.8,0.85,4.78,7.66,9.0,0.35,1.65,7.3,-49.24,-83.33,1.05,16853.0,5.77,-5.87,0.8,21
Berger Paints India Ltd,Dec 2023,Manufacturing,Bull,7.68,6.23,43.5,7.72,32.62,0.87,17.3,21.6,17.0,0.35,1.65,24.0,4.53,4.31,1.05,53409.0,2.57,8.7,0.2,34
Berger Paints India Ltd,Dec 2024,Manufacturing,Bear,-27.61,0.8,43.5,7.72,32.62,0.87,17.3,21.6,16.0,0.35,1.65,29.5,4.53,4.31,1.05,53409.0,2.53,-1.56,-0.36,29
Berger Paints India Ltd,Dec 2025,Manufacturing,Bull,1.3,3.92,43.5,7.72,32.62,0.87,17.3,21.6,16.0,0.35,1.65,33.64,4.53,4.31,1.05,53409.0,2.33,-7.91,0.64,27
Berger Paints India Ltd,Jun 2023,Manufacturing,Bull,16.99,4.42,43.5,7.72,32.62,0.87,17.3,21.6,18.0,0.35,1.65,27.85,4.53,4.31,1.05,53409.0,3.04,30.47,0.88,25
Berger Paints India Ltd,Jun 2024,Manufacturing,Bull,-10.99,13.23,43.5,7.72,32.62,0.87,17.3,21.6,17.0,0.35,1.65,34.8,7.25,18.0,1.05,53409.0,3.03,-0.33,0.79,27
Berger Paints India Ltd,Jun 2025,Manufacturing,Bull,20.09,-2.18,43.5,7.72,32.62,0.87,17.3,21.6,17.0,0.35,1.65,37.71,7.6,6.42,1.05,53409.0,2.7,-10.89,0.53,27
Berger Paints India Ltd,Jun 2026,Manufacturing,Bull,22.09,-10.01,43.5,7.72,32.62,0.87,17.3,21.6,17.0,0.35,1.65,50.58,20.11,49.45,1.05,53409.0,3.47,28.52,0.91,32
Berger Paints India Ltd,Mar 2024,Manufacturing,Bull,-5.1,3.63,43.5,7.72,32.62,0.87,17.3,21.6,14.0,0.35,1.65,19.5,-16.83,-37.18,1.05,53409.0,1.91,-44.96,-0.44,24
Berger Paints India Ltd,Mar 2025,Manufacturing,Bear,9.18,-0.37,43.5,7.72,32.62,0.87,17.3,21.6,16.0,0.35,1.65,28.53,-12.52,-25.71,1.05,53409.0,2.25,17.8,0.79,30
Berger Paints India Ltd,Mar 2026,Manufacturing,Bear,-23.17,-3.43,43.5,7.72,32.62,0.87,17.3,21.6,17.0,0.35,1.65,40.17,-10.4,6.35,1.05,53409.0,2.87,27.56,0.62,34
Berger Paints India Ltd,Sep 2023,Manufacturing,Bull,1.59,1.83,43.5,7.72,32.62,0.87,17.3,21.6,17.0,0.35,1.65,22.57,-22.8,-27.9,1.05,53409.0,2.5,-12.89,-0.08,24
Berger Paints India Ltd,Sep 2024,Manufacturing,Bull,23.47,-0.91,43.5,7.72,32.62,0.87,17.3,21.6,16.0,0.35,1.65,25.53,10.12,21.08,1.05,53409.0,2.31,-7.6,0.79,28
Berger Paints India Ltd,Sep 2025,Manufacturing,Bear,-12.69,-6.57,43.5,7.72,32.62,0.87,17.3,21.6,12.0,0.35,1.65,20.71,4.55,-21.67,1.05,53409.0,1.77,-23.38,-0.13,29
Bharat Forge Ltd,Dec 2023,Manufacturing,Bull,14.27,-4.19,92.1,9.72,69.07,0.44,12.0,12.6,18.0,0.35,1.65,5.09,4.53,4.31,1.05,92983.0,5.68,8.7,0.76,34
Bharat Forge Ltd,Dec 2024,Manufacturing,Bear,-15.08,1.04,92.1,9.72,69.07,0.44,12.0,12.6,18.0,0.35,1.65,6.49,4.53,4.31,1.05,92983.0,4.45,-21.65,-0.56,29
Bharat Forge Ltd,Dec 2025,Manufacturing,Bull,20.56,-0.35,92.1,9.72,69.07,0.44,12.0,12.6,17.0,0.35,1.65,9.69,4.53,4.31,1.05,92983.0,5.53,24.27,0.74,31
Bharat Forge Ltd,Jun 2023,Manufacturing,Bull,8.51,15.42,92.1,9.72,69.07,0.44,12.0,12.6,15.0,0.35,1.65,5.22,4.53,4.31,1.05,92983.0,4.8,-13.2,0.53,26
Bharat Forge Ltd,Jun 2024,Manufacturing,Bull,45.42,2.0,92.1,9.72,69.07,0.44,12.0,12.6,18.0,0.35,1.65,5.98,6.21,-31.1,1.05,92983.0,4.36,-9.17,-0.68,26
Bharat Forge Ltd,Jun 2025,Manufacturing,Bull,13.88,3.25,92.1,9.72,69.07,0.44,12.0,12.6,17.0,0.35,1.65,8.17,12.46,33.33,1.05,92983.0,5.93,36.01,0.92,29
Bharat Forge Ltd,Jun 2026,Manufacturing,Bull,28.51,-2.64,92.1,9.72,69.07,0.44,12.0,12.6,15.0,0.35,1.65,7.76,6.84,-132.97,1.05,92983.0,-1.88,-100.0,-0.76,31
Bharat Forge Ltd,Mar 2024,Manufacturing,Bull,-9.25,17.41,92.1,9.72,69.07,0.44,12.0,12.6,15.0,0.35,1.65,5.54,7.4,6.07,1.05,92983.0,5.07,150.0,0.91,35
Bharat Forge Ltd,Mar 2025,Manufacturing,Bear,-9.85,5.11,92.1,9.72,69.07,0.44,12.0,12.6,18.0,0.35,1.65,7.72,-6.16,61.71,1.05,92983.0,5.9,16.37,0.62,32
Bharat Forge Ltd,Mar 2026,Manufacturing,Bear,14.48,1.67,92.1,9.72,69.07,0.44,12.0,12.6,17.0,0.35,1.65,9.25,15.84,-17.96,1.05,92983.0,4.86,-17.63,0.2,28
Bharat Forge Ltd,Sep 2023,Manufacturing,Bull,30.7,12.7,92.1,9.72,69.07,0.44,12.0,12.6,16.0,0.35,1.65,5.01,-18.66,-338.89,1.05,92983.0,4.88,0.41,0.82,32
Bharat Forge Ltd,Sep 2024,Manufacturing,Bull,-8.61,3.35,92.1,9.72,69.07,0.44,12.0,12.6,18.0,0.35,1.65,5.88,-11.41,7.05,1.05,92983.0,5.23,7.17,0.57,34
Bharat Forge Ltd,Sep 2025,Manufacturing,Bear,-5.15,2.2,92.1,9.72,69.07,0.44,12.0,12.6,18.0,0.35,1.65,9.05,4.65,5.65,1.05,92983.0,6.26,19.69,0.71,35
Bharat Heavy Electricals Ltd,Dec 2023,Manufacturing,Bull,47.58,6.34,61.7,5.74,46.28,0.32,6.23,9.14,3.9,0.35,1.65,1.14,4.53,4.31,1.05,150077.0,0.17,8.7,0.65,27
Bharat Heavy Electricals Ltd,Dec 2024,Manufacturing,Bear,-18.2,-4.75,61.7,5.74,46.28,0.32,6.23,9.14,4.2,0.35,1.65,1.65,4.53,4.31,1.05,150077.0,0.39,129.41,0.9,26
Bharat Heavy Electricals Ltd,Dec 2025,Manufacturing,Bull,19.69,1.01,61.7,5.74,46.28,0.32,6.23,9.14,6.0,0.35,1.65,2.99,4.53,4.31,1.05,150077.0,1.12,150.0,0.82,30
Bharat Heavy Electricals Ltd,Jun 2023,Manufacturing,Bull,25.57,30.1,61.7,5.74,46.28,0.32,6.23,9.14,-3.6,0.35,1.65,-1.06,4.53,4.31,1.05,150077.0,-0.59,-100.0,-0.03,32
Bharat Heavy Electricals Ltd,Jun 2024,Manufacturing,Bull,18.56,-10.88,61.7,5.74,46.28,0.32,6.23,9.14,-3.1,0.35,1.65,-1.04,-0.35,-451.67,1.05,150077.0,-0.61,-3.39,0.05,30
Bharat Heavy Electricals Ltd,Jun 2025,Manufacturing,Bull,25.8,5.59,61.7,5.74,46.28,0.32,6.23,9.14,-10.0,0.35,1.65,-2.97,-24.6,-437.78,1.05,150077.0,-1.31,-100.0,-0.13,29
Bharat Heavy Electricals Ltd,Jun 2026,Manufacturing,Bull,64.43,-1.17,61.7,5.74,46.28,0.32,6.23,9.14,7.0,0.35,1.65,3.6,-9.15,-3.33,1.05,150077.0,1.08,150.0,0.88,32
Bharat Heavy Electricals Ltd,Mar 2024,Manufacturing,Bull,24.8,4.93,61.7,5.74,46.28,0.32,6.23,9.14,9.0,0.35,1.65,3.77,65.1,-339.02,1.05,150077.0,1.41,30.56,0.9,26
Bharat Heavy Electricals Ltd,Mar 2025,Manufacturing,Bear,-7.2,3.2,61.7,5.74,46.28,0.32,6.23,9.14,9.0,0.35,1.65,4.14,63.96,-338.86,1.05,150077.0,1.45,2.84,0.32,31
Bharat Heavy Electricals Ltd,Mar 2026,Manufacturing,Bear,-15.77,-4.91,61.7,5.74,46.28,0.32,6.23,9.14,14.0,0.35,1.65,8.85,123.91,-382.89,1.05,150077.0,3.71,150.0,0.91,35
Bharat Heavy Electricals Ltd,Sep 2023,Manufacturing,Bull,48.95,32.13,61.7,5.74,46.28,0.32,6.23,9.14,-3.0,0.35,1.65,-0.86,-33.42,-116.71,1.05,150077.0,-0.18,-100.0,0.54,34
Bharat Heavy Electricals Ltd,Sep 2024,Manufacturing,Bull,-7.43,9.02,61.7,5.74,46.28,0.32,6.23,9.14,4.2,0.35,1.65,1.37,-20.29,-78.37,1.05,150077.0,0.3,150.0,0.79,36
Bharat Heavy Electricals Ltd,Sep 2025,Manufacturing,Bear,-9.71,-1.02,61.7,5.74,46.28,0.32,6.23,9.14,8.0,0.35,1.65,2.98,-16.47,-25.6,1.05,150077.0,1.08,150.0,0.82,31
Bikaji Foods International Ltd,Dec 2023,Other,Bull,11.95,-6.59,52.6,8.55,39.45,0.23,17.5,19.8,12.0,0.35,1.65,25.0,4.82,1.82,1.05,13747.0,1.86,8.7,0.89,21
Bikaji Foods International Ltd,Dec 2024,Other,Bear,-17.52,-10.08,52.6,8.55,39.45,0.23,17.5,19.8,8.0,0.35,1.65,13.75,4.82,1.82,1.05,13747.0,1.14,-38.71,-0.08,20
Bikaji Foods International Ltd,Dec 2025,Other,Bull,2.42,17.63,52.6,8.55,39.45,0.23,17.5,19.8,12.0,0.35,1.65,24.5,4.82,1.82,1.05,13747.0,2.48,117.54,0.62,24
Bikaji Foods International Ltd,Jun 2023,Other,Bull,16.71,1.97,52.6,8.55,39.45,0.23,17.5,19.8,14.0,0.35,1.65,33.0,4.82,1.82,1.05,13747.0,1.67,-32.66,0.53,26
Bikaji Foods International Ltd,Jun 2024,Other,Bull,44.48,3.47,52.6,8.55,39.45,0.23,17.5,19.8,16.0,0.35,1.65,30.67,-8.33,26.09,1.05,13747.0,2.33,39.52,0.84,28
Bikaji Foods International Ltd,Jun 2025,Other,Bull,7.02,0.63,52.6,8.55,39.45,0.23,17.5,19.8,15.0,0.35,1.65,19.2,-8.67,110.71,1.05,13747.0,2.39,2.58,0.74,21
Bikaji Foods International Ltd,Jun 2026,Other,Bull,4.72,0.84,52.6,8.55,39.45,0.23,17.5,19.8,13.0,0.35,1.65,19.8,-7.09,-4.84,1.05,13747.0,2.4,0.42,0.69,24
Bikaji Foods International Ltd,Mar 2024,Other,Bull,-10.24,40.05,52.6,8.55,39.45,0.23,17.5,19.8,26.0,0.35,1.65,53.67,27.39,182.93,1.05,13747.0,4.64,93.33,0.77,20
Bikaji Foods International Ltd,Mar 2025,Other,Bear,-12.9,4.59,52.6,8.55,39.45,0.23,17.5,19.8,12.0,0.35,1.65,14.8,6.82,-31.03,1.05,13747.0,1.78,-61.64,0.6,20
Bikaji Foods International Ltd,Mar 2026,Other,Bear,-15.77,0.71,52.6,8.55,39.45,0.23,17.5,19.8,12.0,0.35,1.65,22.0,10.41,-5.08,1.05,13747.0,2.25,26.4,0.36,20
Bikaji Foods International Ltd,Sep 2023,Other,Bull,18.6,-0.34,52.6,8.55,39.45,0.23,17.5,19.8,14.0,0.35,1.65,29.33,-17.03,1.69,1.05,13747.0,2.45,8.89,0.46,21
Bikaji Foods International Ltd,Sep 2024,Other,Bull,28.4,5.43,52.6,8.55,39.45,0.23,17.5,19.8,15.0,0.35,1.65,35.67,17.43,-40.52,1.05,13747.0,2.76,12.65,-0.44,28
Bikaji Foods International Ltd,Sep 2025,Other,Bear,0.53,3.71,52.6,8.55,39.45,0.23,17.5,19.8,15.0,0.35,1.65,25.6,35.84,95.0,1.05,13747.0,3.18,15.22,0.93,27
Biocon Ltd,Dec 2023,Pharma,Bull,-8.45,-15.04,87.5,1.86,65.62,0.13,1.4,3.61,23.0,0.35,1.65,3.38,8.41,5.51,1.05,63664.0,5.5,8.7,0.84,34
Biocon Ltd,Dec 2024,Pharma,Bear,-1.43,-8.26,87.5,1.86,65.62,0.13,1.4,3.61,20.0,0.35,1.65,3.37,8.41,5.51,1.05,63664.0,0.21,-96.18,-0.53,25
Biocon Ltd,Dec 2025,Pharma,Bull,13.7,-4.11,87.5,1.86,65.62,0.13,1.4,3.61,20.0,0.35,1.65,3.97,8.41,5.51,1.05,63664.0,1.08,150.0,0.91,27
Biocon Ltd,Jun 2023,Pharma,Bull,26.82,6.92,87.5,1.86,65.62,0.13,1.4,3.61,20.0,0.35,1.65,2.92,8.41,5.51,1.05,63664.0,0.84,-22.22,-0.85,32
Biocon Ltd,Jun 2024,Pharma,Bull,30.18,11.15,87.5,1.86,65.62,0.13,1.4,3.61,18.0,0.35,1.65,2.63,-13.18,14.48,1.05,63664.0,5.49,150.0,0.92,26
Biocon Ltd,Jun 2025,Pharma,Bull,4.9,0.25,87.5,1.86,65.62,0.13,1.4,3.61,19.0,0.35,1.65,2.77,3.17,9.88,1.05,63664.0,0.23,-95.81,-0.46,33
Biocon Ltd,Jun 2026,Pharma,Bull,14.54,-0.22,87.5,1.86,65.62,0.13,1.4,3.61,20.0,0.35,1.65,3.98,3.91,-363.46,1.05,63664.0,0.87,150.0,0.79,32
Biocon Ltd,Mar 2024,Pharma,Bull,3.37,7.34,87.5,1.86,65.62,0.13,1.4,3.61,23.0,0.35,1.65,4.02,14.43,49.66,1.05,63664.0,1.13,29.89,0.92,28
Biocon Ltd,Mar 2025,Pharma,Bear,-7.35,4.96,87.5,1.86,65.62,0.13,1.4,3.61,24.0,0.35,1.65,5.08,28.66,-46.75,1.05,63664.0,2.87,150.0,0.88,31
Biocon Ltd,Mar 2026,Pharma,Bear,-6.92,-2.58,87.5,1.86,65.62,0.13,1.4,3.61,23.0,0.35,1.65,4.4,14.59,123.6,1.05,63664.0,0.78,-72.82,0.82,34
Biocon Ltd,Sep 2023,Pharma,Bull,3.9,9.86,87.5,1.86,65.62,0.13,1.4,3.61,21.0,0.35,1.65,2.89,-20.16,26.28,1.05,63664.0,1.05,34.62,0.84,26
Biocon Ltd,Sep 2024,Pharma,Bull,1.66,8.44,87.5,1.86,65.62,0.13,1.4,3.61,19.0,0.35,1.65,3.03,-8.35,-87.89,1.05,63664.0,-0.13,-100.0,0.57,28
Biocon Ltd,Sep 2025,Pharma,Bear,-5.81,-7.2,87.5,1.86,65.62,0.13,1.4,3.61,19.0,0.35,1.65,3.07,-2.74,-71.02,1.05,63664.0,0.63,150.0,0.62,25
BLS International Services Ltd,Dec 2023,Other,Bull,27.99,-7.49,13.5,3.88,10.12,1.08,32.7,29.3,20.0,0.35,1.65,7.03,4.82,1.82,1.05,9535.0,2.05,8.7,-0.46,26
BLS International Services Ltd,Dec 2024,Other,Bear,28.82,-2.36,13.5,3.88,10.12,1.08,32.7,29.3,31.0,0.35,1.65,14.36,4.82,1.82,1.05,9535.0,2.93,42.93,-0.05,19
BLS International Services Ltd,Dec 2025,Other,Bull,-3.03,-8.97,13.5,3.88,10.12,1.08,32.7,29.3,27.0,0.35,1.65,39.6,4.82,1.82,1.05,9535.0,3.95,34.81,0.74,22
BLS International Services Ltd,Jun 2023,Other,Bull,25.51,16.65,13.5,3.88,10.12,1.08,32.7,29.3,21.0,0.35,1.65,7.03,4.82,1.82,1.05,9535.0,1.68,-57.47,0.03,28
BLS International Services Ltd,Jun 2024,Other,Bull,6.92,16.08,13.5,3.88,10.12,1.08,32.7,29.3,27.0,0.35,1.65,66.5,12.56,39.08,1.05,9535.0,2.77,64.88,0.78,21
BLS International Services Ltd,Jun 2025,Other,Bull,-5.98,-0.55,13.5,3.88,10.12,1.08,32.7,29.3,29.0,0.35,1.65,34.0,38.6,41.41,1.05,9535.0,4.15,49.82,0.81,19
BLS International Services Ltd,Jun 2026,Other,Bull,-1.88,-12.3,13.5,3.88,10.12,1.08,32.7,29.3,28.0,0.35,1.65,31.5,21.06,18.82,1.05,9535.0,4.62,11.33,-0.32,24
BLS International Services Ltd,Mar 2024,Other,Bull,-4.05,8.56,13.5,3.88,10.12,1.08,32.7,29.3,20.0,0.35,1.65,90.0,16.97,19.72,1.05,9535.0,1.96,-57.58,0.0,22
BLS International Services Ltd,Mar 2025,Other,Bear,-17.57,-6.43,13.5,3.88,10.12,1.08,32.7,29.3,25.0,0.35,1.65,19.33,40.57,19.83,1.05,9535.0,3.28,67.35,0.84,21
BLS International Services Ltd,Mar 2026,Other,Bear,-25.15,3.64,13.5,3.88,10.12,1.08,32.7,29.3,25.0,0.35,1.65,34.0,14.63,3.31,1.05,9535.0,4.32,31.71,0.86,27
BLS International Services Ltd,Sep 2023,Other,Bull,18.19,11.91,13.5,3.88,10.12,1.08,32.7,29.3,21.0,0.35,1.65,87.0,-54.21,-59.41,1.05,9535.0,1.91,-55.79,-0.53,26
BLS International Services Ltd,Sep 2024,Other,Bull,-1.29,20.66,13.5,3.88,10.12,1.08,32.7,29.3,33.0,0.35,1.65,27.33,10.49,71.76,1.05,9535.0,3.36,75.92,0.62,25
BLS International Services Ltd,Sep 2025,Other,Bear,-11.15,-2.59,13.5,3.88,10.12,1.08,32.7,29.3,29.0,0.35,1.65,35.5,6.35,28.28,1.05,9535.0,4.26,26.79,0.87,21
Blue Dart Express Ltd,Dec 2023,Other,Bull,8.12,-3.31,35.4,6.45,26.55,0.52,15.7,15.8,15.0,0.35,1.65,10.65,4.82,1.82,1.05,11464.0,37.46,8.7,0.75,23
Blue Dart Express Ltd,Dec 2024,Other,Bear,-19.37,-6.44,35.4,6.45,26.55,0.52,15.7,15.8,16.0,0.35,1.65,11.38,4.82,1.82,1.05,11464.0,34.14,-8.86,0.89,28
Blue Dart Express Ltd,Dec 2025,Other,Bull,-3.37,-4.32,35.4,6.45,26.55,0.52,15.7,15.8,17.0,0.35,1.65,11.71,4.82,1.82,1.05,11464.0,28.8,-15.64,0.32,21
Blue Dart Express Ltd,Jun 2023,Other,Bull,17.77,6.79,35.4,6.45,26.55,0.52,15.7,15.8,15.0,0.35,1.65,10.05,4.82,1.82,1.05,11464.0,25.83,-10.31,-0.53,24
Blue Dart Express Ltd,Jun 2024,Other,Bull,29.81,1.58,35.4,6.45,26.55,0.52,15.7,15.8,15.0,0.35,1.65,9.62,-2.89,-40.45,1.05,11464.0,22.51,-12.85,-0.4,30
Blue Dart Express Ltd,Jun 2025,Other,Bull,2.81,-2.23,35.4,6.45,26.55,0.52,15.7,15.8,14.0,0.35,1.65,10.32,-4.63,-39.51,1.05,11464.0,20.58,-8.57,0.57,25
Blue Dart Express Ltd,Jun 2026,Other,Bull,-0.45,-2.64,35.4,6.45,26.55,0.52,15.7,15.8,16.0,0.35,1.65,12.43,2.6,29.41,1.05,11464.0,37.29,81.2,0.78,21
Blue Dart Express Ltd,Mar 2024,Other,Bull,-15.7,11.41,35.4,6.45,26.55,0.52,15.7,15.8,17.0,0.35,1.65,11.89,6.87,27.87,1.05,11464.0,32.78,-12.09,0.62,22
Blue Dart Express Ltd,Mar 2025,Other,Bear,-12.1,-8.75,35.4,6.45,26.55,0.52,15.7,15.8,15.0,0.35,1.65,10.65,5.51,3.77,1.05,11464.0,23.24,-29.1,0.2,23
Blue Dart Express Ltd,Mar 2026,Other,Bear,-16.37,-6.16,35.4,6.45,26.55,0.52,15.7,15.8,14.0,0.35,1.65,10.09,6.31,0.0,1.05,11464.0,20.59,-11.4,-0.3,30
Blue Dart Express Ltd,Sep 2023,Other,Bull,-7.56,8.08,35.4,6.45,26.55,0.52,15.7,15.8,17.0,0.35,1.65,11.15,-20.14,-17.05,1.05,11464.0,30.79,49.54,0.62,21
Blue Dart Express Ltd,Sep 2024,Other,Bull,1.11,6.04,35.4,6.45,26.55,0.52,15.7,15.8,15.0,0.35,1.65,10.38,9.45,-19.23,1.05,11464.0,26.48,-14.0,-0.25,20
Blue Dart Express Ltd,Sep 2025,Other,Bear,-16.34,-10.2,35.4,6.45,26.55,0.52,15.7,15.8,16.0,0.35,1.65,11.45,9.32,47.27,1.05,11464.0,34.3,29.53,0.82,23
Blue Star Ltd,Dec 2023,Manufacturing,Bull,6.96,3.97,60.5,9.33,45.38,0.55,17.2,21.2,7.0,0.35,1.65,15.5,4.53,4.31,1.05,32035.0,4.88,8.7,0.78,23
Blue Star Ltd,Dec 2024,Manufacturing,Bear,2.07,3.76,60.5,9.33,45.38,0.55,17.2,21.2,7.0,0.35,1.65,13.06,4.53,4.31,1.05,32035.0,6.45,32.17,0.88,32
Blue Star Ltd,Dec 2025,Manufacturing,Bull,-7.83,3.32,60.5,9.33,45.38,0.55,17.2,21.2,8.0,0.35,1.65,10.0,4.53,4.31,1.05,32035.0,3.92,-39.22,0.53,28
Blue Star Ltd,Jun 2023,Manufacturing,Bull,10.55,5.9,60.5,9.33,45.38,0.55,17.2,21.2,7.0,0.35,1.65,8.06,4.53,4.31,1.05,32035.0,4.33,10.46,0.48,32
Blue Star Ltd,Jun 2024,Manufacturing,Bull,28.01,9.85,60.5,9.33,45.38,0.55,17.2,21.2,8.0,0.35,1.65,29.75,27.84,69.0,1.05,32035.0,8.21,89.61,0.86,29
Blue Star Ltd,Jun 2025,Manufacturing,Bull,-21.57,-1.61,60.5,9.33,45.38,0.55,17.2,21.2,7.0,0.35,1.65,19.9,6.23,-8.33,1.05,32035.0,5.88,-28.38,-0.56,29
Blue Star Ltd,Jun 2026,Manufacturing,Bull,4.63,-1.86,60.5,9.33,45.38,0.55,17.2,21.2,5.0,0.35,1.65,13.46,15.49,27.16,1.05,32035.0,4.99,-15.14,0.93,32
Blue Star Ltd,Mar 2024,Manufacturing,Bull,34.24,16.74,60.5,9.33,45.38,0.55,17.2,21.2,7.0,0.35,1.65,20.17,49.51,92.77,1.05,32035.0,7.81,56.51,0.88,24
Blue Star Ltd,Mar 2025,Manufacturing,Bear,-5.46,4.68,60.5,9.33,45.38,0.55,17.2,21.2,7.0,0.35,1.65,14.68,40.28,14.79,1.05,32035.0,9.42,20.61,0.92,32
Blue Star Ltd,Mar 2026,Manufacturing,Bear,-9.11,-4.48,60.5,9.33,45.38,0.55,17.2,21.2,8.0,0.35,1.65,14.17,36.55,87.6,1.05,32035.0,11.04,17.2,0.92,25
Blue Star Ltd,Sep 2023,Manufacturing,Bull,14.93,0.15,60.5,9.33,45.38,0.55,17.2,21.2,6.0,0.35,1.65,6.83,-44.05,-31.07,1.05,32035.0,3.44,-68.84,0.13,31
Blue Star Ltd,Sep 2024,Manufacturing,Bull,27.69,15.43,60.5,9.33,45.38,0.55,17.2,21.2,7.0,0.35,1.65,24.83,-31.61,-40.0,1.05,32035.0,4.68,36.05,0.86,25
Blue Star Ltd,Sep 2025,Manufacturing,Bear,10.86,0.97,60.5,9.33,45.38,0.55,17.2,21.2,8.0,0.35,1.65,10.71,-39.74,-48.97,1.05,32035.0,4.82,2.99,-0.53,27
Brigade Enterprises Ltd,Dec 2023,Other,Bull,54.27,-4.75,30.6,3.06,22.95,0.31,10.5,10.5,22.0,0.35,1.65,1.94,4.82,1.82,1.05,20837.0,2.39,8.7,0.64,29
Brigade Enterprises Ltd,Dec 2024,Other,Bear,-13.15,-11.84,30.6,3.06,22.95,0.31,10.5,10.5,28.0,0.35,1.65,3.63,4.82,1.82,1.05,20837.0,7.25,150.0,0.8,30
Brigade Enterprises Ltd,Dec 2025,Other,Bull,-1.16,-5.13,30.6,3.06,22.95,0.31,10.5,10.5,26.0,0.35,1.65,4.57,4.82,1.82,1.05,20837.0,5.72,-21.1,0.05,25
Brigade Enterprises Ltd,Jun 2023,Other,Bull,20.65,6.55,30.6,3.06,22.95,0.31,10.5,10.5,27.0,0.35,1.65,1.62,4.82,1.82,1.05,20837.0,1.25,-78.15,-0.25,22
Brigade Enterprises Ltd,Jun 2024,Other,Bull,40.96,15.9,30.6,3.06,22.95,0.31,10.5,10.5,27.0,0.35,1.65,1.93,-8.18,44.64,1.05,20837.0,2.72,117.6,0.88,30
Brigade Enterprises Ltd,Jun 2025,Other,Bull,15.79,-1.77,30.6,3.06,22.95,0.31,10.5,10.5,25.0,0.35,1.65,3.05,-12.5,-33.05,1.05,20837.0,4.6,69.12,0.92,27
Brigade Enterprises Ltd,Jun 2026,Other,Bull,-0.75,8.18,30.6,3.06,22.95,0.31,10.5,10.5,32.0,0.35,1.65,3.31,-29.14,5.34,1.05,20837.0,6.14,33.48,0.79,29
Brigade Enterprises Ltd,Mar 2024,Other,Bull,4.53,25.45,30.6,3.06,22.95,0.31,10.5,10.5,25.0,0.35,1.65,3.14,123.91,724.9,1.05,20837.0,6.69,8.96,0.82,25
Brigade Enterprises Ltd,Mar 2025,Other,Bear,-21.25,11.29,30.6,3.06,22.95,0.31,10.5,10.5,28.0,0.35,1.65,3.89,35.44,207.41,1.05,20837.0,7.58,13.3,0.91,28
Brigade Enterprises Ltd,Mar 2026,Other,Bear,-27.42,-1.4,30.6,3.06,22.95,0.31,10.5,10.5,25.0,0.35,1.65,3.26,13.82,20.89,1.05,20837.0,4.46,-41.16,0.62,22
Brigade Enterprises Ltd,Sep 2023,Other,Bull,1.32,15.9,30.6,3.06,22.95,0.31,10.5,10.5,24.0,0.35,1.65,2.95,22.49,-48.39,1.05,20837.0,4.34,-2.69,0.57,31
Brigade Enterprises Ltd,Sep 2024,Other,Bull,4.95,9.97,30.6,3.06,22.95,0.31,10.5,10.5,27.0,0.35,1.65,2.37,-37.02,-45.5,1.05,20837.0,3.65,-15.9,0.05,24
Brigade Enterprises Ltd,Sep 2025,Other,Bear,-17.95,-6.45,30.6,3.06,22.95,0.31,10.5,10.5,24.0,0.35,1.65,3.22,-5.27,-31.73,1.05,20837.0,4.98,36.44,0.92,25
BSE Ltd,Dec 2023,Banking,Bull,71.14,-9.02,48.8,20.63,36.6,0.3,46.0,60.0,34.0,0.45,1.65,14.93,8.74,9.96,1.05,138028.0,2.66,8.7,0.48,36
BSE Ltd,Dec 2024,Banking,Bear,38.0,-10.39,48.8,20.63,36.6,0.3,46.0,60.0,31.0,0.45,1.65,14.93,8.74,9.96,1.05,138028.0,5.41,103.38,0.91,26
BSE Ltd,Dec 2025,Banking,Bull,26.46,-23.93,48.8,20.63,36.6,0.3,46.0,60.0,59.0,0.45,1.65,14.93,8.74,9.96,1.05,138028.0,14.82,150.0,0.86,36
BSE Ltd,Jun 2023,Banking,Bull,35.38,52.78,48.8,20.63,36.6,0.3,46.0,60.0,44.0,0.45,1.65,16.29,8.74,9.96,1.05,138028.0,10.89,-26.52,-0.18,27
BSE Ltd,Jun 2024,Banking,Bull,-4.17,9.7,48.8,20.63,36.6,0.3,46.0,60.0,47.0,0.45,1.65,14.93,41.31,149.06,1.05,138028.0,6.53,-40.04,0.93,29
BSE Ltd,Jun 2025,Banking,Bull,52.52,-11.77,48.8,20.63,36.6,0.3,46.0,60.0,65.0,0.45,1.65,14.93,24.74,145.66,1.05,138028.0,13.28,103.37,0.34,30
BSE Ltd,Jun 2026,Banking,Bull,34.8,2.19,48.8,20.63,36.6,0.3,46.0,60.0,67.0,0.45,1.65,14.93,25.88,46.23,1.05,138028.0,21.43,61.37,0.9,29
BSE Ltd,Mar 2024,Banking,Bull,14.2,-2.35,48.8,20.63,36.6,0.3,46.0,60.0,28.0,0.45,1.65,14.93,107.31,-75.68,1.05,138028.0,2.64,-87.68,-0.62,34
BSE Ltd,Mar 2025,Banking,Bear,0.99,13.79,48.8,20.63,36.6,0.3,46.0,60.0,57.0,0.45,1.65,14.93,40.7,87.12,1.05,138028.0,12.17,150.0,0.74,36
BSE Ltd,Mar 2026,Banking,Bear,2.11,1.01,48.8,20.63,36.6,0.3,46.0,60.0,67.0,0.45,1.65,14.93,63.26,47.77,1.05,138028.0,19.55,60.64,0.82,28
BSE Ltd,Sep 2023,Banking,Bull,96.71,0.49,48.8,20.63,36.6,0.3,46.0,60.0,52.0,0.45,1.65,21.0,-55.39,-86.48,1.05,138028.0,2.97,-84.81,-0.53,36
BSE Ltd,Sep 2024,Banking,Bull,43.14,19.74,48.8,20.63,36.6,0.3,46.0,60.0,56.0,0.45,1.65,14.93,50.83,223.36,1.05,138028.0,8.54,150.0,0.88,30
BSE Ltd,Sep 2025,Banking,Bear,-26.48,-5.8,48.8,20.63,36.6,0.3,46.0,60.0,64.0,0.45,1.65,14.93,26.09,12.75,1.05,138028.0,13.75,61.01,0.81,33
Birlasoft Ltd,Dec 2023,IT,Bull,46.13,-5.63,13.2,1.92,9.9,2.31,14.1,21.2,16.0,0.35,1.65,35.67,5.5,7.6,1.05,7877.0,5.84,8.7,0.23,19
Birlasoft Ltd,Dec 2024,IT,Bear,-5.44,-10.49,13.2,1.92,9.9,2.31,14.1,21.2,12.0,0.35,1.65,23.29,5.5,7.6,1.05,7877.0,4.23,-27.57,-0.76,26
Birlasoft Ltd,Dec 2025,IT,Bull,24.48,-18.55,13.2,1.92,9.9,2.31,14.1,21.2,18.0,0.35,1.65,40.83,5.5,7.6,1.05,7877.0,4.3,1.65,0.89,27
Birlasoft Ltd,Jun 2023,IT,Bull,34.57,12.0,13.2,1.92,9.9,2.31,14.1,21.2,15.0,0.35,1.65,48.25,5.5,7.6,1.05,7877.0,5.0,16.28,0.91,23
Birlasoft Ltd,Jun 2024,IT,Bull,-9.38,10.05,13.2,1.92,9.9,2.31,14.1,21.2,15.0,0.35,1.65,48.75,-1.19,-6.83,1.05,7877.0,5.44,8.8,0.72,23
Birlasoft Ltd,Jun 2025,IT,Bull,11.64,0.97,13.2,1.92,9.9,2.31,14.1,21.2,12.0,0.35,1.65,31.8,-5.72,-9.4,1.05,7877.0,3.83,-29.6,-0.03,24
Birlasoft Ltd,Jun 2026,IT,Bull,-18.12,-3.19,13.2,1.92,9.9,2.31,14.1,21.2,16.0,0.35,1.65,55.75,2.3,34.17,1.05,7877.0,5.76,50.39,0.74,19
Birlasoft Ltd,Mar 2024,IT,Bull,5.65,10.69,13.2,1.92,9.9,2.31,14.1,21.2,16.0,0.35,1.65,55.5,7.92,30.43,1.05,7877.0,6.53,13.37,0.8,29
Birlasoft Ltd,Mar 2025,IT,Bear,-31.14,-2.92,13.2,1.92,9.9,2.31,14.1,21.2,13.0,0.35,1.65,29.0,-0.75,-18.67,1.05,7877.0,4.39,-32.77,-0.49,19
Birlasoft Ltd,Mar 2026,IT,Bear,-23.02,0.51,13.2,1.92,9.9,2.31,14.1,21.2,18.0,0.35,1.65,62.25,4.98,66.04,1.05,7877.0,6.29,43.28,0.62,26
Birlasoft Ltd,Sep 2023,IT,Bull,37.2,17.5,13.2,1.92,9.9,2.31,14.1,21.2,16.0,0.35,1.65,34.5,-5.0,-9.94,1.05,7877.0,5.27,-16.22,-0.85,19
Birlasoft Ltd,Sep 2024,IT,Bull,-15.64,10.41,13.2,1.92,9.9,2.31,14.1,21.2,12.0,0.35,1.65,23.57,0.37,-28.89,1.05,7877.0,4.61,-12.52,-0.2,28
Birlasoft Ltd,Sep 2025,IT,Bear,-18.71,11.23,13.2,1.92,9.9,2.31,14.1,21.2,16.0,0.35,1.65,42.6,0.91,-4.92,1.05,7877.0,4.17,-9.54,0.57,23
Computer Age Management Services Ltd,Dec 2023,Banking,Bull,5.69,-5.69,35.7,13.34,26.78,1.76,36.3,47.0,45.0,0.45,1.65,64.5,8.74,9.96,1.05,17663.0,3.63,8.7,0.25,21
Computer Age Management Services Ltd,Dec 2024,Banking,Bear,11.41,3.36,35.7,13.34,26.78,1.76,36.3,47.0,47.0,0.45,1.65,86.5,8.74,9.96,1.05,17663.0,5.08,39.94,0.92,28
Computer Age Management Services Ltd,Dec 2025,Banking,Bull,-2.74,1.28,35.7,13.34,26.78,1.76,36.3,47.0,46.0,0.45,1.65,89.5,8.74,9.96,1.05,17663.0,5.07,-0.2,0.75,30
Computer Age Management Services Ltd,Jun 2023,Banking,Bull,4.15,4.75,35.7,13.34,26.78,1.76,36.3,47.0,42.0,0.45,1.65,55.0,8.74,9.96,1.05,17663.0,3.11,-38.66,-0.49,24
Computer Age Management Services Ltd,Jun 2024,Banking,Bull,20.74,3.01,35.7,13.34,26.78,1.76,36.3,47.0,45.0,0.45,1.65,75.0,14.14,20.22,1.05,17663.0,4.4,41.48,0.88,28
Computer Age Management Services Ltd,Jun 2025,Banking,Bull,16.86,-0.98,35.7,13.34,26.78,1.76,36.3,47.0,43.0,0.45,1.65,77.0,-4.32,-12.9,1.05,17663.0,4.41,0.23,0.46,21
Computer Age Management Services Ltd,Jun 2026,Banking,Bull,21.59,-1.84,35.7,13.34,26.78,1.76,36.3,47.0,46.0,0.45,1.65,182.0,1.28,1.6,1.05,17663.0,5.16,17.01,0.91,26
Computer Age Management Services Ltd,Mar 2024,Banking,Bull,10.54,8.58,35.7,13.34,26.78,1.76,36.3,47.0,46.0,0.45,1.65,71.5,18.77,35.53,1.05,17663.0,4.21,-18.41,0.91,21
Computer Age Management Services Ltd,Mar 2025,Banking,Bear,-26.62,6.82,35.7,13.34,26.78,1.76,36.3,47.0,45.0,0.45,1.65,79.5,7.55,5.61,1.05,17663.0,4.61,9.5,0.74,31
Computer Age Management Services Ltd,Mar 2026,Banking,Bear,-14.45,-3.37,35.7,13.34,26.78,1.76,36.3,47.0,46.0,0.45,1.65,91.5,11.58,15.74,1.05,17663.0,5.1,10.63,0.2,28
Computer Age Management Services Ltd,Sep 2023,Banking,Bull,10.42,-2.6,35.7,13.34,26.78,1.76,36.3,47.0,44.0,0.45,1.65,61.0,-30.38,-33.86,1.05,17663.0,3.44,-32.55,-0.56,21
Computer Age Management Services Ltd,Sep 2024,Banking,Bull,21.51,15.39,35.7,13.34,26.78,1.76,36.3,47.0,47.0,0.45,1.65,85.0,17.74,17.48,1.05,17663.0,4.97,44.48,0.36,31
Computer Age Management Services Ltd,Sep 2025,Banking,Bear,-10.75,-4.75,35.7,13.34,26.78,1.76,36.3,47.0,44.0,0.45,1.65,84.0,5.9,0.88,1.05,17663.0,4.64,-6.64,0.54,30
Caplin Point Laboratories Ltd,Dec 2023,Pharma,Bull,29.14,-10.7,31.5,6.22,23.62,0.29,20.9,24.2,33.0,0.35,1.65,11.1,8.41,5.51,1.05,20940.0,15.43,8.7,0.75,26
Caplin Point Laboratories Ltd,Dec 2024,Pharma,Bear,20.33,-16.78,31.5,6.22,23.62,0.29,20.9,24.2,33.0,0.35,1.65,11.1,8.41,5.51,1.05,20940.0,18.28,18.47,0.87,29
Caplin Point Laboratories Ltd,Dec 2025,Pharma,Bull,-10.71,-6.93,31.5,6.22,23.62,0.29,20.9,24.2,35.0,0.35,1.65,11.1,8.41,5.51,1.05,20940.0,21.56,17.94,0.57,25
Caplin Point Laboratories Ltd,Jun 2023,Pharma,Bull,32.57,-2.58,31.5,6.22,23.62,0.29,20.9,24.2,32.0,0.35,1.65,11.1,8.41,5.51,1.05,20940.0,13.62,-36.83,-0.76,23
Caplin Point Laboratories Ltd,Jun 2024,Pharma,Bull,7.56,21.69,31.5,6.22,23.62,0.29,20.9,24.2,33.0,0.35,1.65,11.1,5.28,4.17,1.05,20940.0,16.31,19.75,0.88,25
Caplin Point Laboratories Ltd,Jun 2025,Pharma,Bull,7.22,4.5,31.5,6.22,23.62,0.29,20.9,24.2,35.0,0.35,1.65,11.1,3.45,7.86,1.05,20940.0,20.1,23.24,0.78,27
Caplin Point Laboratories Ltd,Jun 2026,Pharma,Bull,67.58,-0.19,31.5,6.22,23.62,0.29,20.9,24.2,35.0,0.35,1.65,11.1,12.34,7.83,1.05,20940.0,23.27,15.77,0.88,24
Caplin Point Laboratories Ltd,Mar 2024,Pharma,Bull,-2.99,2.61,31.5,6.22,23.62,0.29,20.9,24.2,32.0,0.35,1.65,11.1,14.68,16.35,1.05,20940.0,16.01,-31.2,-0.85,28
Caplin Point Laboratories Ltd,Mar 2025,Pharma,Bear,-20.4,7.13,31.5,6.22,23.62,0.29,20.9,24.2,33.0,0.35,1.65,11.1,9.37,16.0,1.05,20940.0,18.76,17.18,0.62,23
Caplin Point Laboratories Ltd,Mar 2026,Pharma,Bear,-16.35,20.7,31.5,6.22,23.62,0.29,20.9,24.2,34.0,0.35,1.65,11.1,17.65,14.57,1.05,20940.0,22.38,19.3,0.91,27
Caplin Point Laboratories Ltd,Sep 2023,Pharma,Bull,27.77,-3.31,31.5,6.22,23.62,0.29,20.9,24.2,34.0,0.35,1.65,11.1,-32.79,-35.2,1.05,20940.0,15.13,-32.39,-0.3,31
Caplin Point Laboratories Ltd,Sep 2024,Pharma,Bull,30.85,23.02,31.5,6.22,23.62,0.29,20.9,24.2,34.0,0.35,1.65,11.1,6.62,8.26,1.05,20940.0,17.21,13.75,0.75,29
Caplin Point Laboratories Ltd,Sep 2025,Pharma,Bear,-1.47,0.64,31.5,6.22,23.62,0.29,20.9,24.2,35.0,0.35,1.65,11.1,6.37,10.34,1.05,20940.0,20.32,18.07,0.82,22
Carborundum Universal Ltd,Dec 2023,Manufacturing,Bull,-4.82,-0.63,81.7,5.24,61.28,0.37,6.92,10.5,17.0,0.35,1.65,38.2,4.53,4.31,1.05,20483.0,5.86,8.7,0.75,21
Carborundum Universal Ltd,Dec 2024,Manufacturing,Bear,-12.94,-1.08,81.7,5.24,61.28,0.37,6.92,10.5,14.0,0.35,1.65,44.25,4.53,4.31,1.05,20483.0,1.83,-68.77,-0.08,31
Carborundum Universal Ltd,Dec 2025,Manufacturing,Bull,-6.61,-0.29,81.7,5.24,61.28,0.37,6.92,10.5,12.0,0.35,1.65,31.4,4.53,4.31,1.05,20483.0,3.99,118.03,0.9,23
Carborundum Universal Ltd,Jun 2023,Manufacturing,Bull,20.07,9.9,81.7,5.24,61.28,0.37,6.92,10.5,14.0,0.35,1.65,33.8,4.53,4.31,1.05,20483.0,5.96,49.37,0.84,23
Carborundum Universal Ltd,Jun 2024,Manufacturing,Bull,28.61,-4.75,81.7,5.24,61.28,0.37,6.92,10.5,16.0,0.35,1.65,64.67,4.08,2.68,1.05,20483.0,5.94,-0.34,0.4,21
Carborundum Universal Ltd,Jun 2025,Manufacturing,Bull,-3.26,13.51,81.7,5.24,61.28,0.37,6.92,10.5,10.0,0.35,1.65,40.33,-2.87,57.89,1.05,20483.0,3.25,-45.29,0.93,23
Carborundum Universal Ltd,Jun 2026,Manufacturing,Bull,46.82,-0.53,81.7,5.24,61.28,0.37,6.92,10.5,9.0,0.35,1.65,22.5,10.53,9.59,1.05,20483.0,4.01,23.38,-0.05,29
Carborundum Universal Ltd,Mar 2024,Manufacturing,Bull,13.72,15.68,81.7,5.24,61.28,0.37,6.92,10.5,17.0,0.35,1.65,52.25,-0.17,21.19,1.05,20483.0,7.09,76.81,0.62,24
Carborundum Universal Ltd,Mar 2025,Manufacturing,Bear,-21.66,-3.39,81.7,5.24,61.28,0.37,6.92,10.5,12.0,0.35,1.65,48.67,1.59,-73.91,1.05,20483.0,1.53,-78.42,-0.03,27
Carborundum Universal Ltd,Mar 2026,Manufacturing,Bear,-9.61,-4.47,81.7,5.24,61.28,0.37,6.92,10.5,10.0,0.35,1.65,24.0,14.68,-166.67,1.05,20483.0,-0.92,-100.0,-0.44,24
Carborundum Universal Ltd,Sep 2023,Manufacturing,Bull,-2.02,9.22,81.7,5.24,61.28,0.37,6.92,10.5,15.0,0.35,1.65,33.6,-19.69,30.0,1.05,20483.0,5.36,150.0,0.57,25
Carborundum Universal Ltd,Sep 2024,Manufacturing,Bull,-10.6,-7.3,81.7,5.24,61.28,0.37,6.92,10.5,16.0,0.35,1.65,48.75,1.92,-18.88,1.05,20483.0,6.09,13.62,-0.79,27
Carborundum Universal Ltd,Sep 2025,Manufacturing,Bear,-7.03,-0.35,81.7,5.24,61.28,0.37,6.92,10.5,12.0,0.35,1.65,39.0,6.66,146.67,1.05,20483.0,3.91,-35.8,0.36,27
Cartrade Tech Ltd,Dec 2023,Other,Bull,22.04,-26.25,62.9,5.95,47.18,0.0,9.65,11.8,18.0,0.35,1.65,12.5,4.82,1.82,1.05,14980.0,-5.17,-8.7,0.46,25
Cartrade Tech Ltd,Dec 2024,Other,Bear,49.94,-6.56,62.9,5.95,47.18,0.0,9.65,11.8,28.0,0.35,1.65,16.67,4.82,1.82,1.05,14980.0,9.01,150.0,0.82,21
Cartrade Tech Ltd,Dec 2025,Other,Bull,15.65,4.1,62.9,5.95,47.18,0.0,9.65,11.8,37.0,0.35,1.65,26.0,4.82,1.82,1.05,14980.0,11.68,29.63,0.89,25
Cartrade Tech Ltd,Jun 2023,Other,Bull,18.2,14.71,62.9,5.95,47.18,0.0,9.65,11.8,6.0,0.35,1.65,2.5,4.82,1.82,1.05,14980.0,2.77,-76.28,0.6,25
Cartrade Tech Ltd,Jun 2024,Other,Bull,10.26,12.81,62.9,5.95,47.18,0.0,9.65,11.8,16.0,0.35,1.65,7.33,2.16,-195.83,1.05,14980.0,4.72,70.4,0.82,31
Cartrade Tech Ltd,Jun 2025,Other,Bull,6.55,-5.82,62.9,5.95,47.18,0.0,9.65,11.8,25.0,0.35,1.65,14.67,-1.7,2.17,1.05,14980.0,9.03,91.31,0.78,22
Cartrade Tech Ltd,Jun 2026,Other,Bull,53.34,7.78,62.9,5.95,47.18,0.0,9.65,11.8,31.0,0.35,1.65,21.0,-4.29,-8.06,1.05,14980.0,10.67,18.16,0.7,27
Cartrade Tech Ltd,Mar 2024,Other,Bull,-11.63,-14.64,62.9,5.95,47.18,0.0,9.65,11.8,19.0,0.35,1.65,9.0,68.6,78.57,1.05,14980.0,4.8,-55.01,0.82,26
Cartrade Tech Ltd,Mar 2025,Other,Bear,8.62,-2.99,62.9,5.95,47.18,0.0,9.65,11.8,27.0,0.35,1.65,15.33,19.72,100.0,1.05,14980.0,8.82,83.75,0.86,21
Cartrade Tech Ltd,Mar 2026,Other,Bear,-41.69,28.52,62.9,5.95,47.18,0.0,9.65,11.8,35.0,0.35,1.65,24.0,17.34,51.06,1.05,14980.0,13.49,52.95,0.89,26
Cartrade Tech Ltd,Sep 2023,Other,Bull,11.87,-10.02,62.9,5.95,47.18,0.0,9.65,11.8,18.0,0.35,1.65,10.5,-40.3,-91.23,1.05,14980.0,0.64,-95.26,-0.2,29
Cartrade Tech Ltd,Sep 2024,Other,Bull,24.75,27.97,62.9,5.95,47.18,0.0,9.65,11.8,21.0,0.35,1.65,11.0,6.21,24.0,1.05,14980.0,5.89,150.0,0.87,31
Cartrade Tech Ltd,Sep 2025,Other,Bear,44.52,-14.68,62.9,5.95,47.18,0.0,9.65,11.8,33.0,0.35,1.65,21.33,13.53,39.13,1.05,14980.0,12.53,112.73,0.92,23
CCL Products (India) Ltd,Dec 2023,Other,Bull,-2.58,5.62,33.4,6.14,25.05,0.53,18.0,15.8,17.0,0.35,1.65,4.83,4.82,1.82,1.05,14434.0,4.76,8.7,-0.64,22
CCL Products (India) Ltd,Dec 2024,Other,Bear,6.6,-11.73,33.4,6.14,25.05,0.53,18.0,15.8,16.0,0.35,1.65,4.0,4.82,1.82,1.05,14434.0,4.72,-0.84,0.78,23
CCL Products (India) Ltd,Dec 2025,Other,Bull,10.61,-6.66,33.4,6.14,25.05,0.53,18.0,15.8,18.0,0.35,1.65,5.78,4.82,1.82,1.05,14434.0,7.51,59.11,0.7,27
CCL Products (India) Ltd,Jun 2023,Other,Bull,14.98,10.61,33.4,6.14,25.05,0.53,18.0,15.8,16.0,0.35,1.65,7.07,4.82,1.82,1.05,14434.0,4.56,-39.28,-0.57,23
CCL Products (India) Ltd,Jun 2024,Other,Bull,0.52,7.0,33.4,6.14,25.05,0.53,18.0,15.8,17.0,0.35,1.65,6.19,16.42,12.7,1.05,14434.0,5.35,17.32,0.92,30
CCL Products (India) Ltd,Jun 2025,Other,Bull,51.04,-1.67,33.4,6.14,25.05,0.53,18.0,15.8,15.0,0.35,1.65,4.68,39.31,14.29,1.05,14434.0,5.43,1.5,0.73,21
CCL Products (India) Ltd,Jun 2026,Other,Bull,9.14,-0.65,33.4,6.14,25.05,0.53,18.0,15.8,16.0,0.35,1.65,6.69,14.18,17.0,1.05,14434.0,8.75,61.14,0.81,24
CCL Products (India) Ltd,Mar 2024,Other,Bull,-7.1,8.38,33.4,6.14,25.05,0.53,18.0,15.8,16.0,0.35,1.65,5.62,10.99,6.56,1.05,14434.0,4.88,-44.23,-0.25,24
CCL Products (India) Ltd,Mar 2025,Other,Bear,-23.9,14.98,33.4,6.14,25.05,0.53,18.0,15.8,20.0,0.35,1.65,4.79,8.15,43.66,1.05,14434.0,7.63,56.35,0.62,29
CCL Products (India) Ltd,Mar 2026,Other,Bear,14.68,1.16,33.4,6.14,25.05,0.53,18.0,15.8,16.0,0.35,1.65,6.4,15.91,59.72,1.05,14434.0,8.58,12.45,0.8,27
CCL Products (India) Ltd,Sep 2023,Other,Bull,-2.64,0.73,33.4,6.14,25.05,0.53,18.0,15.8,18.0,0.35,1.65,6.11,-49.33,-47.86,1.05,14434.0,4.57,-46.74,-0.3,27
CCL Products (India) Ltd,Sep 2024,Other,Bull,18.95,10.96,33.4,6.14,25.05,0.53,18.0,15.8,19.0,0.35,1.65,5.07,1.51,13.85,1.05,14434.0,5.54,21.23,0.88,26
CCL Products (India) Ltd,Sep 2025,Other,Bear,1.45,-5.91,33.4,6.14,25.05,0.53,18.0,15.8,18.0,0.35,1.65,5.97,34.81,-0.98,1.05,14434.0,7.55,36.28,0.86,26
Central Depository Services (India) Ltd,Dec 2023,Banking,Bull,36.45,-3.85,60.3,14.5,45.22,0.94,24.5,32.0,61.0,0.45,1.65,14.93,8.74,9.96,1.05,28424.0,5.14,8.7,0.72,24
Central Depository Services (India) Ltd,Dec 2024,Banking,Bear,22.41,-8.45,60.3,14.5,45.22,0.94,24.5,32.0,58.0,0.45,1.65,14.93,8.74,9.96,1.05,28424.0,6.22,21.01,0.88,24
Central Depository Services (India) Ltd,Dec 2025,Banking,Bull,-2.16,-12.32,60.3,14.5,45.22,0.94,24.5,32.0,52.0,0.45,1.65,14.93,8.74,9.96,1.05,28424.0,6.38,2.57,0.57,30
Central Depository Services (India) Ltd,Jun 2023,Banking,Bull,19.76,15.44,60.3,14.5,45.22,0.94,24.5,32.0,53.0,0.45,1.65,14.93,8.74,9.96,1.05,28424.0,3.52,-44.83,-0.74,25
Central Depository Services (India) Ltd,Jun 2024,Banking,Bull,29.9,-0.91,60.3,14.5,45.22,0.94,24.5,32.0,60.0,0.45,1.65,14.93,20.09,25.23,1.05,28424.0,6.42,82.39,0.87,22
Central Depository Services (India) Ltd,Jun 2025,Banking,Bull,49.77,-1.86,60.3,14.5,45.22,0.94,24.5,32.0,50.0,0.45,1.65,14.93,-6.83,-21.54,1.05,28424.0,4.9,-23.68,0.0,29
Central Depository Services (India) Ltd,Jun 2026,Banking,Bull,10.37,4.27,60.3,14.5,45.22,0.94,24.5,32.0,47.0,0.45,1.65,14.93,-3.62,-11.28,1.05,28424.0,5.62,14.69,-0.49,27
Central Depository Services (India) Ltd,Mar 2024,Banking,Bull,-5.85,-0.33,60.3,14.5,45.22,0.94,24.5,32.0,61.0,0.45,1.65,14.93,60.67,74.32,1.05,28424.0,6.18,9.96,0.57,22
Central Depository Services (India) Ltd,Mar 2025,Banking,Bear,-32.54,24.12,60.3,14.5,45.22,0.94,24.5,32.0,49.0,0.45,1.65,14.93,-12.84,-25.37,1.05,28424.0,4.8,-22.33,0.57,30
Central Depository Services (India) Ltd,Mar 2026,Banking,Bear,-22.6,3.47,60.3,14.5,45.22,0.94,24.5,32.0,44.0,0.45,1.65,14.93,1.54,-21.57,1.05,28424.0,3.84,-20.0,-0.05,29
Central Depository Services (India) Ltd,Sep 2023,Banking,Bull,19.7,4.34,60.3,14.5,45.22,0.94,24.5,32.0,62.0,0.45,1.65,14.93,-29.35,-7.63,1.05,28424.0,5.21,35.68,0.86,28
Central Depository Services (India) Ltd,Sep 2024,Banking,Bull,18.98,29.17,60.3,14.5,45.22,0.94,24.5,32.0,62.0,0.45,1.65,14.93,33.61,25.58,1.05,28424.0,7.75,48.75,0.88,23
Central Depository Services (India) Ltd,Sep 2025,Banking,Bear,-18.19,-6.98,60.3,14.5,45.22,0.94,24.5,32.0,55.0,0.45,1.65,14.93,42.41,40.0,1.05,28424.0,6.71,-13.42,0.77,29
CEAT Ltd,Dec 2023,Manufacturing,Bull,13.21,-5.92,20.8,2.63,15.6,1.07,16.1,19.2,14.09,0.35,1.65,6.37,4.53,4.31,1.05,13262.0,44.87,8.7,0.48,24
CEAT Ltd,Dec 2024,Manufacturing,Bear,1.21,-11.31,20.8,2.63,15.6,1.07,16.1,19.2,10.33,0.35,1.65,4.54,4.53,4.31,1.05,13262.0,24.01,-46.49,-0.34,23
CEAT Ltd,Dec 2025,Manufacturing,Bull,9.29,-0.96,20.8,2.63,15.6,1.07,16.1,19.2,13.55,0.35,1.65,5.37,4.53,4.31,1.05,13262.0,38.51,60.39,0.78,22
CEAT Ltd,Jun 2023,Manufacturing,Bull,44.37,-8.93,20.8,2.63,15.6,1.07,16.1,19.2,13.19,0.35,1.65,5.52,4.53,4.31,1.05,13262.0,35.75,-7.17,-0.36,25
CEAT Ltd,Jun 2024,Manufacturing,Bull,6.37,14.17,20.8,2.63,15.6,1.07,16.1,19.2,11.99,0.35,1.65,6.19,7.75,-14.95,1.05,13262.0,38.11,6.6,0.13,22
CEAT Ltd,Jun 2025,Manufacturing,Bull,28.08,1.48,20.8,2.63,15.6,1.07,16.1,19.2,10.97,0.35,1.65,4.72,6.94,15.43,1.05,13262.0,27.69,-27.34,-0.08,23
CEAT Ltd,Jun 2026,Manufacturing,Bull,2.86,-2.69,20.8,2.63,15.6,1.07,16.1,19.2,8.45,0.35,1.65,2.5,3.87,-97.43,1.05,13262.0,0.99,-96.42,-0.03,20
CEAT Ltd,Mar 2024,Manufacturing,Bull,10.34,11.25,20.8,2.63,15.6,1.07,16.1,19.2,13.09,0.35,1.65,6.35,1.93,-28.98,1.05,13262.0,26.84,150.0,0.92,23
CEAT Ltd,Mar 2025,Manufacturing,Bear,-9.96,-5.31,20.8,2.63,15.6,1.07,16.1,19.2,11.35,0.35,1.65,5.22,7.13,-35.98,1.05,13262.0,24.6,-8.35,-0.03,21
CEAT Ltd,Mar 2026,Manufacturing,Bear,-14.1,3.8,20.8,2.63,15.6,1.07,16.1,19.2,14.06,0.35,1.65,6.98,19.55,117.86,1.05,13262.0,60.32,145.2,0.88,27
CEAT Ltd,Sep 2023,Manufacturing,Bull,2.41,11.87,20.8,2.63,15.6,1.07,16.1,19.2,14.94,0.35,1.65,6.36,-29.29,724.9,1.05,13262.0,51.42,-14.75,0.92,22
CEAT Ltd,Sep 2024,Manufacturing,Bull,12.47,14.99,20.8,2.63,15.6,1.07,16.1,19.2,10.96,0.35,1.65,5.45,10.45,18.75,1.05,13262.0,30.13,-41.4,-0.34,25
CEAT Ltd,Sep 2025,Manufacturing,Bear,-6.57,-4.89,20.8,2.63,15.6,1.07,16.1,19.2,13.34,0.35,1.65,5.79,10.29,88.14,1.05,13262.0,45.97,52.57,0.87,30
Cemindia Projects Ltd,Dec 2023,Manufacturing,Bull,27.3,-0.56,35.5,8.89,26.62,0.24,27.8,32.8,10.0,0.35,1.65,3.53,4.53,4.31,1.05,21376.0,4.56,8.7,0.23,24
Cemindia Projects Ltd,Dec 2024,Manufacturing,Bear,0.07,-14.12,35.5,8.89,26.62,0.24,27.8,32.8,9.0,0.35,1.65,3.51,4.53,4.31,1.05,21376.0,5.07,11.18,0.8,22
Cemindia Projects Ltd,Dec 2025,Manufacturing,Bull,-3.3,5.58,35.5,8.89,26.62,0.24,27.8,32.8,10.0,0.35,1.65,4.44,4.53,4.31,1.05,21376.0,6.46,27.42,0.88,29
Cemindia Projects Ltd,Jun 2023,Manufacturing,Bull,52.88,15.75,35.5,8.89,26.62,0.24,27.8,32.8,9.0,0.35,1.65,3.18,4.53,4.31,1.05,21376.0,3.04,-52.94,0.72,26
Cemindia Projects Ltd,Jun 2024,Manufacturing,Bull,58.5,-11.15,35.5,8.89,26.62,0.24,27.8,32.8,9.0,0.35,1.65,4.17,18.05,26.58,1.05,21376.0,5.83,91.78,0.93,25
Cemindia Projects Ltd,Jun 2025,Manufacturing,Bull,68.17,0.0,35.5,8.89,26.62,0.24,27.8,32.8,9.0,0.35,1.65,4.8,13.48,57.47,1.05,21376.0,7.99,37.05,0.74,26
Cemindia Projects Ltd,Jun 2026,Manufacturing,Bull,144.37,-4.06,35.5,8.89,26.62,0.24,27.8,32.8,10.0,0.35,1.65,5.5,17.54,27.03,1.05,21376.0,8.2,2.63,0.81,22
Cemindia Projects Ltd,Mar 2024,Manufacturing,Bull,15.11,24.14,35.5,8.89,26.62,0.24,27.8,32.8,10.0,0.35,1.65,3.88,23.19,73.08,1.05,21376.0,5.21,-36.46,0.92,30
Cemindia Projects Ltd,Mar 2025,Manufacturing,Bear,2.71,14.12,35.5,8.89,26.62,0.24,27.8,32.8,10.0,0.35,1.65,4.11,6.34,13.0,1.05,21376.0,6.6,26.68,0.81,30
Cemindia Projects Ltd,Mar 2026,Manufacturing,Bear,-33.69,25.09,35.5,8.89,26.62,0.24,27.8,32.8,12.0,0.35,1.65,5.87,15.41,76.64,1.05,21376.0,14.1,113.64,0.91,31
Cemindia Projects Ltd,Sep 2023,Manufacturing,Bull,33.44,17.58,35.5,8.89,26.62,0.24,27.8,32.8,10.0,0.35,1.65,3.04,-40.83,-61.7,1.05,21376.0,3.12,-77.87,-0.18,24
Cemindia Projects Ltd,Sep 2024,Manufacturing,Bull,-5.84,-0.83,35.5,8.89,26.62,0.24,27.8,32.8,9.0,0.35,1.65,3.19,-11.82,-20.0,1.05,21376.0,4.19,34.29,0.86,26
Cemindia Projects Ltd,Sep 2025,Manufacturing,Bear,-10.2,-2.03,35.5,8.89,26.62,0.24,27.8,32.8,9.0,0.35,1.65,3.81,-13.31,-4.42,1.05,21376.0,6.27,49.64,0.62,27
Central Bank of India,Dec 2023,Banking,Bull,-4.57,-9.98,6.1,0.7,4.57,3.9,11.9,5.64,44.0,0.45,1.65,14.93,8.74,9.96,1.05,27824.0,0.85,8.7,-0.15,30
Central Bank of India,Dec 2024,Banking,Bear,-9.1,-11.79,6.1,0.7,4.57,3.9,11.9,5.64,44.0,0.45,1.65,14.93,8.74,9.96,1.05,27824.0,1.11,30.59,0.92,26
Central Bank of India,Dec 2025,Banking,Bull,-0.1,-12.99,6.1,0.7,4.57,3.9,11.9,5.64,44.0,0.45,1.65,14.93,8.74,9.96,1.05,27824.0,1.4,26.13,0.89,27
Central Bank of India,Jun 2023,Banking,Bull,17.14,27.45,6.1,0.7,4.57,3.9,11.9,5.64,44.0,0.45,1.65,14.93,8.74,9.96,1.05,27824.0,0.57,-59.29,0.1,32
Central Bank of India,Jun 2024,Banking,Bull,-0.88,3.07,6.1,0.7,4.57,3.9,11.9,5.64,44.0,0.45,1.65,14.93,8.74,28.05,1.05,27824.0,1.09,91.23,0.62,22
Central Bank of India,Jun 2025,Banking,Bull,-3.99,-0.98,6.1,0.7,4.57,3.9,11.9,5.64,44.0,0.45,1.65,14.93,8.74,32.92,1.05,27824.0,1.42,30.28,0.92,28
Central Bank of India,Jun 2026,Banking,Bull,-0.05,-2.33,6.1,0.7,4.57,3.9,11.9,5.64,44.0,0.45,1.65,14.93,8.74,4.74,1.05,27824.0,1.46,2.82,0.23,23
Central Bank of India,Mar 2024,Banking,Bull,18.77,7.79,6.1,0.7,4.57,3.9,11.9,5.64,44.0,0.45,1.65,14.93,8.74,64.06,1.05,27824.0,0.94,-35.62,0.75,31
Central Bank of India,Mar 2025,Banking,Bear,-20.56,4.38,6.1,0.7,4.57,3.9,11.9,5.64,44.0,0.45,1.65,14.93,8.74,17.04,1.05,27824.0,1.22,29.79,0.87,26
Central Bank of India,Mar 2026,Banking,Bear,-15.96,-9.11,6.1,0.7,4.57,3.9,11.9,5.64,44.0,0.45,1.65,14.93,8.74,-41.74,1.05,27824.0,0.82,-32.79,-0.27,24
Central Bank of India,Sep 2023,Banking,Bull,71.57,3.06,6.1,0.7,4.57,3.9,11.9,5.64,44.0,0.45,1.65,14.93,8.74,-52.98,1.05,27824.0,0.72,-12.2,-0.49,26
Central Bank of India,Sep 2024,Banking,Bull,-6.8,9.25,6.1,0.7,4.57,3.9,11.9,5.64,44.0,0.45,1.65,14.93,8.74,13.34,1.05,27824.0,1.06,47.22,0.84,25
Central Bank of India,Sep 2025,Banking,Bear,-5.73,-5.92,6.1,0.7,4.57,3.9,11.9,5.64,44.0,0.45,1.65,14.93,8.74,11.57,1.05,27824.0,1.36,28.3,0.81,32
CESC Ltd,Dec 2023,Other,Bull,45.6,-5.63,12.4,1.53,9.3,4.13,12.0,10.9,11.0,0.35,1.65,1.17,4.82,1.82,1.05,19270.0,2.12,8.7,0.53,27
CESC Ltd,Dec 2024,Other,Bear,-7.48,-12.09,12.4,1.53,9.3,4.13,12.0,10.9,17.0,0.35,1.65,1.8,4.82,1.82,1.05,19270.0,2.0,-5.66,0.71,23
CESC Ltd,Dec 2025,Other,Bull,6.66,11.17,12.4,1.53,9.3,4.13,12.0,10.9,19.0,0.35,1.65,2.27,4.82,1.82,1.05,19270.0,2.15,7.5,0.65,22
CESC Ltd,Jun 2023,Other,Bull,5.73,14.4,12.4,1.53,9.3,4.13,12.0,10.9,17.0,0.35,1.65,2.35,4.82,1.82,1.05,19270.0,2.62,21.86,0.78,25
CESC Ltd,Jun 2024,Other,Bull,29.56,16.97,12.4,1.53,9.3,4.13,12.0,10.9,8.0,0.35,1.65,1.15,49.91,28.9,1.05,19270.0,2.85,8.78,0.36,28
CESC Ltd,Jun 2025,Other,Bull,12.27,-2.67,12.4,1.53,9.3,4.13,12.0,10.9,17.0,0.35,1.65,2.38,46.08,43.26,1.05,19270.0,2.92,2.46,0.78,30
CESC Ltd,Jun 2026,Other,Bull,10.25,-9.77,12.4,1.53,9.3,4.13,12.0,10.9,16.0,0.35,1.65,2.87,36.95,37.83,1.05,19270.0,3.03,3.77,0.62,29
CESC Ltd,Mar 2024,Other,Bull,-8.22,6.55,12.4,1.53,9.3,4.13,12.0,10.9,12.0,0.35,1.65,1.26,-21.42,12.77,1.05,19270.0,3.02,-0.33,0.53,31
CESC Ltd,Mar 2025,Other,Bear,-14.85,0.86,12.4,1.53,9.3,4.13,12.0,10.9,21.0,0.35,1.65,2.42,-20.28,-0.77,1.05,19270.0,2.81,-6.95,0.27,30
CESC Ltd,Mar 2026,Other,Bear,-10.13,-6.63,12.4,1.53,9.3,4.13,12.0,10.9,18.0,0.35,1.65,2.34,-21.26,13.61,1.05,19270.0,3.31,17.79,0.25,31
CESC Ltd,Sep 2023,Other,Bull,24.07,34.34,12.4,1.53,9.3,4.13,12.0,10.9,15.0,0.35,1.65,2.12,-20.66,-13.37,1.05,19270.0,2.63,-20.54,-0.03,31
CESC Ltd,Sep 2024,Other,Bull,24.76,9.59,12.4,1.53,9.3,4.13,12.0,10.9,19.0,0.35,1.65,2.73,38.77,-10.12,1.05,19270.0,2.66,1.14,-0.44,24
CESC Ltd,Sep 2025,Other,Bear,-8.22,-2.7,12.4,1.53,9.3,4.13,12.0,10.9,20.0,0.35,1.65,3.15,35.85,16.36,1.05,19270.0,3.23,21.43,-0.05,22
Capri Global Capital Ltd,Dec 2023,Banking,Bull,-1.72,-12.93,22.7,3.55,17.02,0.08,16.5,11.7,44.0,0.45,1.65,14.93,8.74,9.96,1.05,25593.0,0.82,8.7,0.1,32
Capri Global Capital Ltd,Dec 2024,Banking,Bear,-9.6,-11.96,22.7,3.55,17.02,0.08,16.5,11.7,44.0,0.45,1.65,14.93,8.74,9.96,1.05,25593.0,1.55,89.02,0.88,24
Capri Global Capital Ltd,Dec 2025,Banking,Bull,-3.14,-4.91,22.7,3.55,17.02,0.08,16.5,11.7,44.0,0.45,1.65,14.93,8.74,9.96,1.05,25593.0,2.65,70.97,0.81,28
Capri Global Capital Ltd,Jun 2023,Banking,Bull,24.86,-1.71,22.7,3.55,17.02,0.08,16.5,11.7,44.0,0.45,1.65,14.93,8.74,9.96,1.05,25593.0,0.77,-70.94,-0.3,24
Capri Global Capital Ltd,Jun 2024,Banking,Bull,6.59,5.47,22.7,3.55,17.02,0.08,16.5,11.7,44.0,0.45,1.65,14.93,8.74,11.76,1.05,25593.0,0.92,19.48,0.62,25
Capri Global Capital Ltd,Jun 2025,Banking,Bull,0.72,-2.46,22.7,3.55,17.02,0.08,16.5,11.7,44.0,0.45,1.65,14.93,8.74,36.72,1.05,25593.0,1.82,97.83,0.79,23
Capri Global Capital Ltd,Jun 2026,Banking,Bull,29.37,14.03,22.7,3.55,17.02,0.08,16.5,11.7,44.0,0.45,1.65,14.93,8.74,38.43,1.05,25593.0,3.67,101.65,0.86,23
Capri Global Capital Ltd,Mar 2024,Banking,Bull,5.36,0.38,22.7,3.55,17.02,0.08,16.5,11.7,44.0,0.45,1.65,14.93,8.74,29.69,1.05,25593.0,1.0,-72.75,0.92,29
Capri Global Capital Ltd,Mar 2025,Banking,Bear,-9.14,2.19,22.7,3.55,17.02,0.08,16.5,11.7,44.0,0.45,1.65,14.93,8.74,134.21,1.05,25593.0,2.15,115.0,0.86,24
Capri Global Capital Ltd,Mar 2026,Banking,Bear,-10.2,12.69,22.7,3.55,17.02,0.08,16.5,11.7,44.0,0.45,1.65,14.93,8.74,61.71,1.05,25593.0,2.94,36.74,0.62,26
Capri Global Capital Ltd,Sep 2023,Banking,Bull,5.3,1.33,22.7,3.55,17.02,0.08,16.5,11.7,44.0,0.45,1.65,14.93,8.74,-81.59,1.05,25593.0,0.79,-73.13,0.57,30
Capri Global Capital Ltd,Sep 2024,Banking,Bull,-2.67,7.5,22.7,3.55,17.02,0.08,16.5,11.7,44.0,0.45,1.65,14.93,8.74,16.87,1.05,25593.0,1.18,49.37,0.82,32
Capri Global Capital Ltd,Sep 2025,Banking,Bear,10.46,-7.26,22.7,3.55,17.02,0.08,16.5,11.7,44.0,0.45,1.65,14.93,8.74,32.58,1.05,25593.0,2.45,107.63,0.91,29
Chalet Hotels Ltd,Dec 2023,Other,Bull,22.85,0.4,35.9,5.19,26.92,0.23,19.0,17.0,44.0,0.35,1.65,3.46,4.82,1.82,1.05,19211.0,3.44,8.7,0.46,21
Chalet Hotels Ltd,Dec 2024,Other,Bear,12.61,-12.41,35.9,5.19,26.92,0.23,19.0,17.0,45.0,0.35,1.65,4.56,4.82,1.82,1.05,19211.0,4.42,28.49,0.75,28
Chalet Hotels Ltd,Dec 2025,Other,Bull,-9.01,12.89,35.9,5.19,26.92,0.23,19.0,17.0,46.0,0.35,1.65,5.76,4.82,1.82,1.05,19211.0,5.67,28.28,0.9,31
Chalet Hotels Ltd,Jun 2023,Other,Bull,18.32,17.56,35.9,5.19,26.92,0.23,19.0,17.0,35.0,0.35,1.65,2.44,4.82,1.82,1.05,19211.0,4.32,-23.81,0.2,29
Chalet Hotels Ltd,Jun 2024,Other,Bull,-10.88,13.8,35.9,5.19,26.92,0.23,19.0,17.0,39.0,0.35,1.65,4.38,-3.48,-14.08,1.05,19211.0,2.78,-35.65,-0.62,31
Chalet Hotels Ltd,Jun 2025,Other,Bull,8.83,6.37,35.9,5.19,26.92,0.23,19.0,17.0,40.0,0.35,1.65,7.29,95.41,109.28,1.05,19211.0,9.3,150.0,0.34,31
Chalet Hotels Ltd,Jun 2026,Other,Bull,13.54,6.69,35.9,5.19,26.92,0.23,19.0,17.0,46.0,0.35,1.65,6.0,-12.03,-30.65,1.05,19211.0,3.93,-57.74,-0.7,29
Chalet Hotels Ltd,Mar 2024,Other,Bull,28.43,6.1,35.9,5.19,26.92,0.23,19.0,17.0,44.0,0.35,1.65,3.45,34.41,-7.87,1.05,19211.0,4.01,2.04,0.76,21
Chalet Hotels Ltd,Mar 2025,Other,Bear,-19.24,-4.0,35.9,5.19,26.92,0.23,19.0,17.0,46.0,0.35,1.65,5.02,44.6,103.28,1.05,19211.0,5.67,41.4,0.9,23
Chalet Hotels Ltd,Mar 2026,Other,Bear,-21.94,-6.88,35.9,5.19,26.92,0.23,19.0,17.0,48.0,0.35,1.65,6.49,-37.65,-19.7,1.05,19211.0,7.44,31.22,0.87,24
Chalet Hotels Ltd,Sep 2023,Other,Bull,26.32,13.47,35.9,5.19,26.92,0.23,19.0,17.0,40.0,0.35,1.65,2.52,-38.48,-58.14,1.05,19211.0,1.77,-76.21,0.62,22
Chalet Hotels Ltd,Sep 2024,Other,Bull,2.15,19.34,35.9,5.19,26.92,0.23,19.0,17.0,40.0,0.35,1.65,4.41,-9.81,-269.51,1.05,19211.0,-6.35,-100.0,0.03,29
Chalet Hotels Ltd,Sep 2025,Other,Bear,5.17,2.69,35.9,5.19,26.92,0.23,19.0,17.0,41.0,0.35,1.65,6.64,40.8,25.0,1.05,19211.0,7.08,150.0,0.86,24
Chambal Fertilisers & Chemicals Ltd,Dec 2023,Chemicals,Bull,37.54,-8.29,8.7,1.61,6.52,2.63,20.0,25.2,14.0,0.35,1.65,17.44,4.4,0.0,1.05,16779.0,11.04,8.7,0.38,29
Chambal Fertilisers & Chemicals Ltd,Dec 2024,Chemicals,Bear,-8.8,-4.45,8.7,1.61,6.52,2.63,20.0,25.2,16.0,0.35,1.65,111.14,4.4,0.0,1.05,16779.0,13.34,20.83,0.92,24
Chambal Fertilisers & Chemicals Ltd,Dec 2025,Chemicals,Bull,-4.56,6.65,8.7,1.61,6.52,2.63,20.0,25.2,14.0,0.35,1.65,268.88,4.4,0.0,1.05,16779.0,14.64,9.75,0.08,25
Chambal Fertilisers & Chemicals Ltd,Jun 2023,Chemicals,Bull,0.28,12.6,8.7,1.61,6.52,2.63,20.0,25.2,11.0,0.35,1.65,11.51,4.4,0.0,1.05,16779.0,8.14,-44.4,-0.3,29
Chambal Fertilisers & Chemicals Ltd,Jun 2024,Chemicals,Bull,41.78,3.38,8.7,1.61,6.52,2.63,20.0,25.2,15.0,0.35,1.65,18.8,13.43,-2.4,1.05,16779.0,11.19,37.47,0.71,28
Chambal Fertilisers & Chemicals Ltd,Jun 2025,Chemicals,Bull,-9.04,0.84,8.7,1.61,6.52,2.63,20.0,25.2,13.0,0.35,1.65,268.88,15.86,2.81,1.05,16779.0,13.7,22.43,0.36,30
Chambal Fertilisers & Chemicals Ltd,Jun 2026,Chemicals,Bull,4.87,-3.99,8.7,1.61,6.52,2.63,20.0,25.2,16.0,0.35,1.65,48.59,-14.77,-10.58,1.05,16779.0,13.07,-4.6,-0.62,25
Chambal Fertilisers & Chemicals Ltd,Mar 2024,Chemicals,Bull,-10.04,6.62,8.7,1.61,6.52,2.63,20.0,25.2,6.0,0.35,1.65,4.61,-52.71,-71.39,1.05,16779.0,2.42,-81.48,-0.79,28
Chambal Fertilisers & Chemicals Ltd,Mar 2025,Chemicals,Bear,24.19,-13.62,8.7,1.61,6.52,2.63,20.0,25.2,7.0,0.35,1.65,7.89,-50.35,-70.98,1.05,16779.0,3.25,34.3,0.92,24
Chambal Fertilisers & Chemicals Ltd,Mar 2026,Chemicals,Bear,-11.15,4.51,8.7,1.61,6.52,2.63,20.0,25.2,9.0,0.35,1.65,85.0,-51.12,-69.22,1.05,16779.0,4.22,29.85,0.89,21
Chambal Fertilisers & Chemicals Ltd,Sep 2023,Chemicals,Bull,2.18,14.86,8.7,1.61,6.52,2.63,20.0,25.2,11.0,0.35,1.65,13.37,7.14,-27.29,1.05,16779.0,9.15,116.82,0.62,29
Chambal Fertilisers & Chemicals Ltd,Sep 2024,Chemicals,Bull,1.79,14.92,8.7,1.61,6.52,2.63,20.0,25.2,18.0,0.35,1.65,268.88,64.43,452.58,1.05,16779.0,13.39,46.34,0.71,31
Chambal Fertilisers & Chemicals Ltd,Sep 2025,Chemicals,Bear,-7.73,-6.94,8.7,1.61,6.52,2.63,20.0,25.2,13.0,0.35,1.65,268.88,123.91,399.23,1.05,16779.0,16.19,20.91,0.78,27
Chennai Petroleum Corporation Ltd,Dec 2023,Other,Bull,38.49,3.6,5.61,2.11,4.21,3.94,31.8,34.9,3.9,0.35,1.65,13.6,4.82,1.82,1.05,23422.0,24.53,8.7,-0.08,31
Chennai Petroleum Corporation Ltd,Dec 2024,Other,Bear,-33.12,-10.15,5.61,2.11,4.21,3.94,31.8,34.9,1.9,0.35,1.65,3.06,4.82,1.82,1.05,23422.0,1.4,-94.29,0.36,30
Chennai Petroleum Corporation Ltd,Dec 2025,Other,Bull,10.45,16.07,5.61,2.11,4.21,3.94,31.8,34.9,9.0,0.35,1.65,44.79,4.82,1.82,1.05,23422.0,67.26,150.0,0.82,26
Chennai Petroleum Corporation Ltd,Jun 2023,Other,Bull,56.73,49.56,5.61,2.11,4.21,3.94,31.8,34.9,6.0,0.35,1.65,16.67,4.82,1.82,1.05,23422.0,37.37,-44.44,0.82,26
Chennai Petroleum Corporation Ltd,Jun 2024,Other,Bull,4.0,-10.21,5.61,2.11,4.21,3.94,31.8,34.9,3.9,0.35,1.65,13.81,-1.62,-2.19,1.05,23422.0,23.98,-35.83,0.13,25
Chennai Petroleum Corporation Ltd,Jun 2025,Other,Bull,13.24,17.19,5.61,2.11,4.21,3.94,31.8,34.9,0.7,0.35,1.65,2.68,14.6,-290.48,1.05,23422.0,-2.69,-100.0,0.05,30
Chennai Petroleum Corporation Ltd,Jun 2026,Other,Bull,14.5,-2.99,5.61,2.11,4.21,3.94,31.8,34.9,6.0,0.35,1.65,29.9,74.51,2.89,1.05,23422.0,69.26,150.0,0.62,26
Chennai Petroleum Corporation Ltd,Mar 2024,Other,Bull,28.76,8.96,5.61,2.11,4.21,3.94,31.8,34.9,6.0,0.35,1.65,20.43,20.18,12.95,1.05,23422.0,42.17,-39.11,-0.56,24
Chennai Petroleum Corporation Ltd,Mar 2025,Other,Bear,-2.67,0.26,5.61,2.11,4.21,3.94,31.8,34.9,4.5,0.35,1.65,11.89,0.9,31.65,1.05,23422.0,31.56,-25.16,0.88,31
Chennai Petroleum Corporation Ltd,Mar 2026,Other,Bear,14.27,12.76,5.61,2.11,4.21,3.94,31.8,34.9,12.0,0.35,1.65,127.25,13.54,-596.89,1.05,23422.0,95.48,150.0,0.91,27
Chennai Petroleum Corporation Ltd,Sep 2023,Other,Bull,35.99,8.34,5.61,2.11,4.21,3.94,31.8,34.9,11.0,0.35,1.65,27.75,-39.55,15.91,1.05,23422.0,80.28,-15.92,-0.05,26
Chennai Petroleum Corporation Ltd,Sep 2024,Other,Bull,-0.32,4.09,5.61,2.11,4.21,3.94,31.8,34.9,-6.0,0.35,1.65,-9.12,-31.79,-200.96,1.05,23422.0,-42.55,-100.0,0.62,29
Chennai Petroleum Corporation Ltd,Sep 2025,Other,Bear,11.98,-14.1,5.61,2.11,4.21,3.94,31.8,34.9,7.0,0.35,1.65,33.65,-5.35,52.98,1.05,23422.0,48.3,150.0,0.91,31
Choice International Ltd,Dec 2023,Banking,Bull,9.12,-2.85,74.2,10.13,55.65,0.0,16.1,18.0,32.0,0.45,1.65,6.09,8.74,9.96,1.05,16927.0,1.98,8.7,0.77,30
Choice International Ltd,Dec 2024,Banking,Bear,16.11,-8.25,74.2,10.13,55.65,0.0,16.1,18.0,28.0,0.45,1.65,3.75,8.74,9.96,1.05,16927.0,1.47,-25.76,-0.13,27
Choice International Ltd,Dec 2025,Banking,Bull,9.17,-2.35,74.2,10.13,55.65,0.0,16.1,18.0,37.0,0.45,1.65,5.33,8.74,9.96,1.05,16927.0,2.56,74.15,0.84,27
Choice International Ltd,Jun 2023,Banking,Bull,26.23,12.74,74.2,10.13,55.65,0.0,16.1,18.0,26.0,0.45,1.65,5.14,8.74,9.96,1.05,16927.0,1.08,-57.81,0.32,28
Choice International Ltd,Jun 2024,Banking,Bull,38.12,16.46,74.2,10.13,55.65,0.0,16.1,18.0,26.0,0.45,1.65,4.08,-2.9,-20.0,1.05,16927.0,1.48,37.04,0.93,24
Choice International Ltd,Jun 2025,Banking,Bull,37.82,0.31,74.2,10.13,55.65,0.0,16.1,18.0,36.0,0.45,1.65,3.95,12.44,54.84,1.05,16927.0,2.19,47.97,0.78,30
Choice International Ltd,Jun 2026,Banking,Bull,17.64,-2.16,74.2,10.13,55.65,0.0,16.1,18.0,34.0,0.45,1.65,3.75,2.31,-7.58,1.05,16927.0,2.48,13.24,0.78,24
Choice International Ltd,Mar 2024,Banking,Bull,17.55,12.07,74.2,10.13,55.65,0.0,16.1,18.0,31.0,0.45,1.65,5.58,55.8,85.71,1.05,16927.0,1.93,-22.18,0.57,26
Choice International Ltd,Mar 2025,Banking,Bear,-9.54,2.29,74.2,10.13,55.65,0.0,16.1,18.0,38.0,0.45,1.65,4.36,25.87,68.75,1.05,16927.0,2.59,34.2,0.78,28
Choice International Ltd,Mar 2026,Banking,Bear,-27.21,1.39,74.2,10.13,55.65,0.0,16.1,18.0,38.0,0.45,1.65,4.46,30.64,41.67,1.05,16927.0,2.71,4.63,0.78,26
Choice International Ltd,Sep 2023,Banking,Bull,19.24,0.09,74.2,10.13,55.65,0.0,16.1,18.0,25.0,0.45,1.65,4.9,-38.39,-50.82,1.05,16927.0,1.48,-45.39,-0.49,25
Choice International Ltd,Sep 2024,Banking,Bull,19.15,5.11,74.2,10.13,55.65,0.0,16.1,18.0,31.0,0.45,1.65,5.07,14.88,17.95,1.05,16927.0,2.31,56.08,0.74,21
Choice International Ltd,Sep 2025,Banking,Bear,10.58,-2.2,74.2,10.13,55.65,0.0,16.1,18.0,33.0,0.45,1.65,4.24,8.3,3.7,1.05,16927.0,2.69,16.45,0.77,23
Cholamandalam Financial Holdings Ltd,Dec 2023,Banking,Bull,-8.25,-8.64,10.8,1.86,8.1,0.09,17.5,9.75,44.0,0.45,1.65,14.93,8.74,9.96,1.05,28704.0,24.88,8.7,0.86,28
Cholamandalam Financial Holdings Ltd,Dec 2024,Banking,Bear,-33.39,-4.93,10.8,1.86,8.1,0.09,17.5,9.75,44.0,0.45,1.65,14.93,8.74,9.96,1.05,28704.0,25.89,4.06,0.23,22
Cholamandalam Financial Holdings Ltd,Dec 2025,Banking,Bull,-4.96,7.37,10.8,1.86,8.1,0.09,17.5,9.75,44.0,0.45,1.65,14.93,8.74,9.96,1.05,28704.0,33.32,28.7,0.92,28
Cholamandalam Financial Holdings Ltd,Jun 2023,Banking,Bull,63.17,26.47,10.8,1.86,8.1,0.09,17.5,9.75,44.0,0.45,1.65,14.93,8.74,9.96,1.05,28704.0,19.78,-40.64,-0.53,29
Cholamandalam Financial Holdings Ltd,Jun 2024,Banking,Bull,27.26,19.15,10.8,1.86,8.1,0.09,17.5,9.75,44.0,0.45,1.65,14.93,8.74,12.95,1.05,28704.0,29.2,47.62,0.57,23
Cholamandalam Financial Holdings Ltd,Jun 2025,Banking,Bull,26.56,-3.62,10.8,1.86,8.1,0.09,17.5,9.75,44.0,0.45,1.65,14.93,8.74,15.28,1.05,28704.0,30.81,5.51,0.79,26
Cholamandalam Financial Holdings Ltd,Jun 2026,Banking,Bull,19.49,-4.92,10.8,1.86,8.1,0.09,17.5,9.75,44.0,0.45,1.65,14.93,8.74,29.08,1.05,28704.0,42.92,39.31,0.91,23
Cholamandalam Financial Holdings Ltd,Mar 2024,Banking,Bull,9.01,19.64,10.8,1.86,8.1,0.09,17.5,9.75,44.0,0.45,1.65,14.93,8.74,44.44,1.05,28704.0,27.32,-36.35,0.71,22
Cholamandalam Financial Holdings Ltd,Mar 2025,Banking,Bear,25.16,6.46,10.8,1.86,8.1,0.09,17.5,9.75,44.0,0.45,1.65,14.93,8.74,17.41,1.05,28704.0,32.68,19.62,0.74,25
Cholamandalam Financial Holdings Ltd,Mar 2026,Banking,Bear,-27.32,-8.07,10.8,1.86,8.1,0.09,17.5,9.75,44.0,0.45,1.65,14.93,8.74,29.05,1.05,28704.0,36.59,11.96,0.84,23
Cholamandalam Financial Holdings Ltd,Sep 2023,Banking,Bull,25.95,-4.74,10.8,1.86,8.1,0.09,17.5,9.75,44.0,0.45,1.65,14.93,8.74,-50.36,1.05,28704.0,22.41,-38.75,0.32,26
Cholamandalam Financial Holdings Ltd,Sep 2024,Banking,Bull,27.04,-0.42,10.8,1.86,8.1,0.09,17.5,9.75,44.0,0.45,1.65,14.93,8.74,-1.66,1.05,28704.0,27.99,24.9,0.92,25
Cholamandalam Financial Holdings Ltd,Sep 2025,Banking,Bear,-10.69,-3.74,10.8,1.86,8.1,0.09,17.5,9.75,44.0,0.45,1.65,14.93,8.74,-10.87,1.05,28704.0,29.29,4.64,-0.53,25
CIE Automotive India Ltd,Dec 2023,Manufacturing,Bull,-1.08,-9.69,16.1,1.86,12.08,1.84,11.8,14.7,15.0,0.35,1.65,10.9,4.53,4.31,1.05,14402.0,4.45,8.7,0.59,22
CIE Automotive India Ltd,Dec 2024,Manufacturing,Bear,-17.35,-9.56,16.1,1.86,12.08,1.84,11.8,14.7,14.0,0.35,1.65,16.61,4.53,4.31,1.05,14402.0,4.88,9.66,0.27,30
CIE Automotive India Ltd,Dec 2025,Manufacturing,Bull,2.65,-8.46,16.1,1.86,12.08,1.84,11.8,14.7,14.0,0.35,1.65,37.22,4.53,4.31,1.05,14402.0,5.39,10.45,0.46,20
CIE Automotive India Ltd,Jun 2023,Manufacturing,Bull,43.54,2.79,16.1,1.86,12.08,1.84,11.8,14.7,16.0,0.35,1.65,16.82,4.53,4.31,1.05,14402.0,7.95,47.5,0.78,30
CIE Automotive India Ltd,Jun 2024,Manufacturing,Bull,22.21,5.72,16.1,1.86,12.08,1.84,11.8,14.7,16.0,0.35,1.65,17.14,2.37,28.4,1.05,14402.0,5.72,-28.05,0.9,21
CIE Automotive India Ltd,Jun 2025,Manufacturing,Bull,12.37,1.74,16.1,1.86,12.08,1.84,11.8,14.7,14.0,0.35,1.65,168.5,12.27,10.27,1.05,14402.0,5.37,-6.12,0.72,25
CIE Automotive India Ltd,Jun 2026,Manufacturing,Bull,2.07,-5.19,16.1,1.86,12.08,1.84,11.8,14.7,15.0,0.35,1.65,39.0,9.53,15.69,1.05,14402.0,6.21,15.64,0.79,22
CIE Automotive India Ltd,Mar 2024,Manufacturing,Bull,-6.86,18.93,16.1,1.86,12.08,1.84,11.8,14.7,15.0,0.35,1.65,16.41,4.61,-23.84,1.05,14402.0,6.08,-2.09,-0.13,25
CIE Automotive India Ltd,Mar 2025,Manufacturing,Bear,-18.12,2.97,16.1,1.86,12.08,1.84,11.8,14.7,15.0,0.35,1.65,25.77,-0.87,-5.07,1.05,14402.0,5.44,-10.53,-0.4,26
CIE Automotive India Ltd,Mar 2026,Manufacturing,Bear,2.52,-2.18,16.1,1.86,12.08,1.84,11.8,14.7,15.0,0.35,1.65,44.67,10.26,22.06,1.05,14402.0,6.57,20.77,0.8,25
CIE Automotive India Ltd,Sep 2023,Manufacturing,Bull,-6.87,-3.43,16.1,1.86,12.08,1.84,11.8,14.7,15.0,0.35,1.65,11.13,-13.05,58.9,1.05,14402.0,9.9,50.68,0.93,22
CIE Automotive India Ltd,Sep 2024,Manufacturing,Bull,-4.9,7.15,16.1,1.86,12.08,1.84,11.8,14.7,15.0,0.35,1.65,19.47,-12.03,-15.22,1.05,14402.0,5.15,-47.98,-0.13,29
CIE Automotive India Ltd,Sep 2025,Manufacturing,Bear,-9.47,-8.32,16.1,1.86,12.08,1.84,11.8,14.7,15.0,0.35,1.65,89.0,4.36,3.88,1.05,14402.0,5.64,9.51,0.89,28
Clean Science & Technology Ltd,Dec 2023,Chemicals,Bull,10.03,-5.82,38.4,5.65,28.8,0.71,15.3,20.7,44.0,0.35,1.65,7.89,4.4,0.0,1.05,8950.0,5.89,8.7,0.94,27
Clean Science & Technology Ltd,Dec 2024,Chemicals,Bear,-12.53,-6.59,38.4,5.65,28.8,0.71,15.3,20.7,41.0,0.35,1.65,7.89,4.4,0.0,1.05,8950.0,6.18,4.92,0.92,28
Clean Science & Technology Ltd,Dec 2025,Chemicals,Bull,-20.16,-7.81,38.4,5.65,28.8,0.71,15.3,20.7,33.0,0.35,1.65,7.89,4.4,0.0,1.05,8950.0,4.32,-30.1,0.94,19
Clean Science & Technology Ltd,Jun 2023,Chemicals,Bull,5.51,4.7,38.4,5.65,28.8,0.71,15.3,20.7,40.0,0.35,1.65,7.89,4.4,0.0,1.05,8950.0,5.55,28.47,0.93,27
Clean Science & Technology Ltd,Jun 2024,Chemicals,Bull,6.16,-0.07,38.4,5.65,28.8,0.71,15.3,20.7,42.0,0.35,1.65,7.89,14.87,4.76,1.05,8950.0,6.2,11.71,0.94,26
Clean Science & Technology Ltd,Jun 2025,Chemicals,Bull,20.34,0.22,38.4,5.65,28.8,0.71,15.3,20.7,41.0,0.35,1.65,7.89,0.83,6.06,1.05,8950.0,6.59,6.29,0.91,22
Clean Science & Technology Ltd,Jun 2026,Chemicals,Bull,8.65,-0.42,38.4,5.65,28.8,0.71,15.3,20.7,36.0,0.35,1.65,7.89,21.82,58.7,1.05,8950.0,6.9,4.7,0.96,27
Clean Science & Technology Ltd,Mar 2024,Chemicals,Bull,-16.34,1.71,38.4,5.65,28.8,0.71,15.3,20.7,42.0,0.35,1.65,95.0,21.28,18.64,1.05,8950.0,6.61,-4.2,0.85,24
Clean Science & Technology Ltd,Mar 2025,Chemicals,Bear,-24.24,15.14,38.4,5.65,28.8,0.71,15.3,20.7,40.0,0.35,1.65,7.89,17.86,12.12,1.05,8950.0,6.97,5.45,0.96,24
Clean Science & Technology Ltd,Mar 2026,Chemicals,Bear,-23.4,0.38,38.4,5.65,28.8,0.71,15.3,20.7,38.0,0.35,1.65,7.89,2.47,-17.14,1.05,8950.0,5.48,-21.38,0.32,24
Clean Science & Technology Ltd,Sep 2023,Chemicals,Bull,0.68,7.8,38.4,5.65,28.8,0.71,15.3,20.7,41.0,0.35,1.65,7.89,-32.46,-28.77,1.05,8950.0,4.91,-10.4,0.8,27
Clean Science & Technology Ltd,Sep 2024,Chemicals,Bull,6.89,10.96,38.4,5.65,28.8,0.71,15.3,20.7,38.0,0.35,1.65,7.89,4.39,-15.71,1.05,8950.0,5.53,12.63,0.89,25
Clean Science & Technology Ltd,Sep 2025,Chemicals,Bear,-23.97,-2.83,38.4,5.65,28.8,0.71,15.3,20.7,36.0,0.35,1.65,7.89,-7.2,-25.68,1.05,8950.0,5.22,-5.61,0.53,25
Cochin Shipyard Ltd,Dec 2023,Manufacturing,Bull,27.6,-8.63,53.4,6.19,40.05,0.65,12.5,16.2,29.0,0.35,1.65,38.75,4.53,4.31,1.05,36331.0,9.29,8.7,0.1,27
Cochin Shipyard Ltd,Dec 2024,Manufacturing,Bear,-9.5,3.44,53.4,6.19,40.05,0.65,12.5,16.2,21.0,0.35,1.65,21.55,4.53,4.31,1.05,36331.0,6.73,-27.56,-0.56,26
Cochin Shipyard Ltd,Dec 2025,Manufacturing,Bull,-12.77,6.52,53.4,6.19,40.05,0.65,12.5,16.2,14.0,0.35,1.65,6.68,4.53,4.31,1.05,36331.0,5.5,-18.28,0.72,32
Cochin Shipyard Ltd,Jun 2023,Manufacturing,Bull,17.68,34.47,53.4,6.19,40.05,0.65,12.5,16.2,17.0,0.35,1.65,8.78,4.53,4.31,1.05,36331.0,3.75,-31.82,0.36,30
Cochin Shipyard Ltd,Jun 2024,Manufacturing,Bull,128.77,-17.36,53.4,6.19,40.05,0.65,12.5,16.2,23.0,0.35,1.65,25.29,-26.99,-28.69,1.05,36331.0,6.62,76.53,0.62,28
Cochin Shipyard Ltd,Jun 2025,Manufacturing,Bull,48.2,1.53,53.4,6.19,40.05,0.65,12.5,16.2,23.0,0.35,1.65,20.08,-6.88,6.21,1.05,36331.0,7.14,7.85,0.79,30
Cochin Shipyard Ltd,Jun 2026,Manufacturing,Bull,12.65,5.3,53.4,6.19,40.05,0.65,12.5,16.2,18.0,0.35,1.65,7.72,-18.96,4.14,1.05,36331.0,5.76,-19.33,0.0,30
Cochin Shipyard Ltd,Mar 2024,Manufacturing,Bull,28.45,59.52,53.4,6.19,40.05,0.65,12.5,16.2,22.0,0.35,1.65,41.14,123.91,161.62,1.05,36331.0,9.84,70.83,0.34,33
Cochin Shipyard Ltd,Mar 2025,Manufacturing,Bear,-9.92,19.29,53.4,6.19,40.05,0.65,12.5,16.2,15.0,0.35,1.65,22.17,123.91,64.94,1.05,36331.0,10.92,10.98,0.7,33
Cochin Shipyard Ltd,Mar 2026,Manufacturing,Bear,-26.3,-10.67,53.4,6.19,40.05,0.65,12.5,16.2,21.0,0.35,1.65,9.69,38.82,46.81,1.05,36331.0,10.51,-3.75,0.88,23
Cochin Shipyard Ltd,Sep 2023,Manufacturing,Bull,91.89,15.39,53.4,6.19,40.05,0.65,12.5,16.2,19.0,0.35,1.65,19.1,-7.5,20.53,1.05,36331.0,6.9,-34.35,0.8,28
Cochin Shipyard Ltd,Sep 2024,Manufacturing,Bull,-23.11,23.81,53.4,6.19,40.05,0.65,12.5,16.2,17.0,0.35,1.65,21.89,-11.12,-27.03,1.05,36331.0,7.18,4.06,-0.18,23
Cochin Shipyard Ltd,Sep 2025,Manufacturing,Bear,-12.38,-7.57,53.4,6.19,40.05,0.65,12.5,16.2,7.0,0.35,1.65,3.7,-36.35,-62.37,1.05,36331.0,4.09,-43.04,0.8,27
Coforge Ltd,Dec 2023,IT,Bull,23.33,-5.2,42.7,6.5,32.03,0.65,21.4,23.5,17.0,0.35,1.65,11.29,5.5,7.6,1.05,81796.0,7.71,8.7,0.23,28
Coforge Ltd,Dec 2024,IT,Bear,35.95,-7.95,42.7,6.5,32.03,0.65,21.4,23.5,13.0,0.35,1.65,13.59,5.5,7.6,1.05,81796.0,6.45,-16.34,-0.56,26
Coforge Ltd,Dec 2025,IT,Bull,4.12,-4.15,42.7,6.5,32.03,0.65,21.4,23.5,17.0,0.35,1.65,17.21,5.5,7.6,1.05,81796.0,7.47,15.81,0.88,25
Coforge Ltd,Jun 2023,IT,Bull,22.89,7.5,42.7,6.5,32.03,0.65,21.4,23.5,14.0,0.35,1.65,13.91,5.5,7.6,1.05,81796.0,5.41,-27.58,-0.74,34
Coforge Ltd,Jun 2024,IT,Bull,-0.04,15.41,42.7,6.5,32.03,0.65,21.4,23.5,13.0,0.35,1.65,9.66,1.46,-42.8,1.05,81796.0,3.99,-26.25,0.0,28
Coforge Ltd,Jun 2025,IT,Bull,23.97,6.55,42.7,6.5,32.03,0.65,21.4,23.5,16.0,0.35,1.65,12.54,13.69,39.06,1.05,81796.0,9.49,137.84,0.75,27
Coforge Ltd,Jun 2026,IT,Bull,27.02,11.55,42.7,6.5,32.03,0.65,21.4,23.5,19.0,0.35,1.65,12.16,30.62,79.12,1.05,81796.0,11.71,23.39,0.86,26
Coforge Ltd,Mar 2024,IT,Bull,-10.88,12.72,42.7,6.5,32.03,0.65,21.4,23.5,17.0,0.35,1.65,10.54,4.37,30.11,1.05,81796.0,7.24,-38.17,0.57,29
Coforge Ltd,Mar 2025,IT,Bear,-15.6,5.93,42.7,6.5,32.03,0.65,21.4,23.5,15.0,0.35,1.65,13.18,45.18,120.86,1.05,81796.0,7.81,7.87,0.92,31
Coforge Ltd,Mar 2026,IT,Bear,-32.52,6.64,42.7,6.5,32.03,0.65,21.4,23.5,20.0,0.35,1.65,21.9,20.14,87.08,1.05,81796.0,18.23,133.42,0.88,33
Coforge Ltd,Sep 2023,IT,Bull,9.41,20.52,42.7,6.5,32.03,0.65,21.4,23.5,15.0,0.35,1.65,10.66,-55.39,-64.66,1.05,81796.0,5.88,-67.75,-0.27,29
Coforge Ltd,Sep 2024,IT,Bull,27.53,16.16,42.7,6.5,32.03,0.65,21.4,23.5,14.0,0.35,1.65,14.1,30.54,2.18,1.05,81796.0,6.06,3.06,0.86,29
Coforge Ltd,Sep 2025,IT,Bear,-17.05,3.83,42.7,6.5,32.03,0.65,21.4,23.5,18.0,0.35,1.65,17.85,16.48,38.44,1.05,81796.0,11.23,85.31,0.74,29
Cohance Lifesciences Ltd,Dec 2023,Pharma,Bull,25.95,-2.33,156.0,4.31,117.0,0.0,4.89,5.81,30.0,0.35,1.65,33.0,8.41,5.51,1.05,16842.0,1.84,8.7,0.74,24
Cohance Lifesciences Ltd,Dec 2024,Pharma,Bear,-5.31,-5.67,156.0,4.31,117.0,0.0,4.89,5.81,35.0,0.35,1.65,21.55,8.41,5.51,1.05,16842.0,6.01,150.0,0.87,31
Cohance Lifesciences Ltd,Dec 2025,Pharma,Bull,-39.28,1.41,156.0,4.31,117.0,0.0,4.89,5.81,18.0,0.35,1.65,10.56,8.41,5.51,1.05,16842.0,0.96,-84.03,-0.3,27
Cohance Lifesciences Ltd,Jun 2023,Pharma,Bull,3.91,1.63,156.0,4.31,117.0,0.0,4.89,5.81,48.0,0.35,1.65,167.0,8.41,5.51,1.05,16842.0,4.74,150.0,0.88,31
Cohance Lifesciences Ltd,Jun 2024,Pharma,Bull,20.05,20.34,156.0,4.31,117.0,0.0,4.89,5.81,26.0,0.35,1.65,12.5,121.82,59.57,1.05,16842.0,2.96,-37.55,0.82,31
Cohance Lifesciences Ltd,Jun 2025,Pharma,Bull,-9.88,9.26,156.0,4.31,117.0,0.0,4.89,5.81,20.0,0.35,1.65,11.2,-18.79,-69.93,1.05,16842.0,1.28,-56.76,-0.76,23
Cohance Lifesciences Ltd,Jun 2026,Pharma,Bull,46.23,1.16,156.0,4.31,117.0,0.0,4.89,5.81,0.3,0.35,1.65,0.14,-22.57,-255.17,1.05,16842.0,-0.63,-100.0,-0.56,29
Cohance Lifesciences Ltd,Mar 2024,Pharma,Bull,-6.0,10.92,156.0,4.31,117.0,0.0,4.89,5.81,29.0,0.35,1.65,36.5,-27.3,-56.2,1.05,16842.0,2.1,150.0,0.62,29
Cohance Lifesciences Ltd,Mar 2025,Pharma,Bear,2.54,-5.07,156.0,4.31,117.0,0.0,4.89,5.81,27.0,0.35,1.65,22.9,72.13,56.0,1.05,16842.0,4.73,125.24,0.9,21
Cohance Lifesciences Ltd,Mar 2026,Pharma,Bear,-42.42,0.89,156.0,4.31,117.0,0.0,4.89,5.81,16.0,0.35,1.65,11.0,12.75,-82.61,1.05,16842.0,0.51,-89.22,0.57,21
Cohance Lifesciences Ltd,Sep 2023,Pharma,Bull,16.77,22.52,156.0,4.31,117.0,0.0,4.89,5.81,42.0,0.35,1.65,11.1,-45.26,-277.78,1.05,16842.0,3.13,150.0,0.82,27
Cohance Lifesciences Ltd,Sep 2024,Pharma,Bull,42.34,-0.86,156.0,4.31,117.0,0.0,4.89,5.81,34.0,0.35,1.65,20.5,123.91,160.38,1.05,16842.0,5.44,73.8,0.77,31
Cohance Lifesciences Ltd,Sep 2025,Pharma,Bear,-8.46,-13.27,156.0,4.31,117.0,0.0,4.89,5.81,22.0,0.35,1.65,13.44,-33.81,-43.59,1.05,16842.0,1.94,-64.34,-0.08,25
Container Corporation Of India Ltd,Dec 2023,Other,Bull,20.92,-4.29,30.6,2.94,22.95,1.72,9.81,12.6,23.0,0.35,1.65,27.21,4.82,1.82,1.05,38024.0,4.34,8.7,-0.36,26
Container Corporation Of India Ltd,Dec 2024,Other,Bear,-14.22,-9.36,30.6,2.94,22.95,1.72,9.81,12.6,21.0,0.35,1.65,25.83,4.82,1.82,1.05,38024.0,4.81,10.83,0.25,28
Container Corporation Of India Ltd,Dec 2025,Other,Bull,0.2,-8.5,30.6,2.94,22.95,1.72,9.81,12.6,22.0,0.35,1.65,25.7,4.82,1.82,1.05,38024.0,4.38,-8.94,0.38,31
Container Corporation Of India Ltd,Jun 2023,Other,Bull,13.94,10.12,30.6,2.94,22.95,1.72,9.81,12.6,21.0,0.35,1.65,24.75,4.82,1.82,1.05,38024.0,3.22,-26.48,0.03,26
Container Corporation Of India Ltd,Jun 2024,Other,Bull,15.53,-1.8,30.6,2.94,22.95,1.72,9.81,12.6,21.0,0.35,1.65,23.26,-4.88,-21.75,1.05,38024.0,3.39,5.28,0.2,32
Container Corporation Of India Ltd,Jun 2025,Other,Bull,8.86,2.28,30.6,2.94,22.95,1.72,9.81,12.6,20.0,0.35,1.65,25.47,-2.45,-27.25,1.05,38024.0,3.5,3.24,0.62,31
Container Corporation Of India Ltd,Jun 2026,Other,Bull,6.91,-1.62,30.6,2.94,22.95,1.72,9.81,12.6,21.0,0.35,1.65,22.2,-6.41,-19.7,1.05,38024.0,3.5,0.0,-0.44,27
Container Corporation Of India Ltd,Mar 2024,Other,Bull,2.78,10.97,30.6,2.94,22.95,1.72,9.81,12.6,21.0,0.35,1.65,24.9,20.9,29.8,1.05,38024.0,4.16,18.86,0.82,31
Container Corporation Of India Ltd,Mar 2025,Other,Bear,-10.74,10.59,30.6,2.94,22.95,1.72,9.81,12.6,19.0,0.35,1.65,25.94,8.8,15.83,1.05,38024.0,3.94,-5.29,0.48,24
Container Corporation Of India Ltd,Mar 2026,Other,Bear,-18.33,-13.22,30.6,2.94,22.95,1.72,9.81,12.6,19.0,0.35,1.65,20.33,5.06,-1.12,1.05,38024.0,3.45,-12.44,0.03,33
Container Corporation Of India Ltd,Sep 2023,Other,Bull,9.51,14.17,30.6,2.94,22.95,1.72,9.81,12.6,25.0,0.35,1.65,32.12,1.62,36.8,1.05,38024.0,4.82,39.71,0.82,23
Container Corporation Of India Ltd,Sep 2024,Other,Bull,-11.06,5.05,30.6,2.94,22.95,1.72,9.81,12.6,25.0,0.35,1.65,30.63,-1.59,15.09,1.05,38024.0,4.8,-0.41,0.89,29
Container Corporation Of India Ltd,Sep 2025,Other,Bear,-11.61,-2.48,30.6,2.94,22.95,1.72,9.81,12.6,24.0,0.35,1.65,30.32,2.93,26.67,1.05,38024.0,4.97,3.54,0.92,24
Concord Biotech Ltd,Dec 2023,Pharma,Bull,36.8,15.96,56.7,7.8,42.53,0.5,12.5,17.1,44.0,0.35,1.65,11.1,8.41,5.51,1.05,15752.0,7.41,8.7,0.27,23
Concord Biotech Ltd,Dec 2024,Pharma,Bear,11.67,-0.11,56.7,7.8,42.53,0.5,12.5,17.1,40.0,0.35,1.65,11.1,8.41,5.51,1.05,15752.0,7.26,-2.02,0.23,23
Concord Biotech Ltd,Dec 2025,Pharma,Bull,-17.66,-5.26,56.7,7.8,42.53,0.5,12.5,17.1,35.0,0.35,1.65,11.1,8.41,5.51,1.05,15752.0,6.16,-15.15,-0.76,26
Concord Biotech Ltd,Jun 2023,Pharma,Bull,12.62,6.57,56.7,7.8,42.53,0.5,12.5,17.1,37.0,0.35,1.65,72.0,8.41,5.51,1.05,15752.0,5.21,-15.42,0.62,24
Concord Biotech Ltd,Jun 2024,Pharma,Bull,4.68,27.24,56.7,7.8,42.53,0.5,12.5,17.1,38.0,0.35,1.65,11.1,-10.37,-23.08,1.05,15752.0,5.7,9.4,0.8,22
Concord Biotech Ltd,Jun 2025,Pharma,Bull,10.63,0.88,56.7,7.8,42.53,0.5,12.5,17.1,30.0,0.35,1.65,11.1,-16.39,-42.11,1.05,15752.0,4.21,-26.14,0.13,26
Concord Biotech Ltd,Jun 2026,Pharma,Bull,25.51,-2.24,56.7,7.8,42.53,0.5,12.5,17.1,32.0,0.35,1.65,11.1,-7.55,-9.38,1.05,15752.0,5.59,32.78,0.78,30
Concord Biotech Ltd,Mar 2024,Pharma,Bull,2.8,2.9,56.7,7.8,42.53,0.5,12.5,17.1,41.0,0.35,1.65,11.1,63.59,75.93,1.05,15752.0,9.08,62.43,0.92,29
Concord Biotech Ltd,Mar 2025,Pharma,Bear,-21.79,38.3,56.7,7.8,42.53,0.5,12.5,17.1,44.0,0.35,1.65,11.1,99.07,133.33,1.05,15752.0,13.42,47.8,-0.05,22
Concord Biotech Ltd,Mar 2026,Pharma,Bear,-23.79,19.25,56.7,7.8,42.53,0.5,12.5,17.1,36.0,0.35,1.65,11.1,59.8,100.0,1.05,15752.0,8.49,-36.74,0.88,28
Concord Biotech Ltd,Sep 2023,Pharma,Bull,14.98,-3.07,56.7,7.8,42.53,0.5,12.5,17.1,44.0,0.35,1.65,116.0,1.95,39.66,1.05,15752.0,7.74,-8.83,0.34,22
Concord Biotech Ltd,Sep 2024,Pharma,Bull,33.02,10.26,56.7,7.8,42.53,0.5,12.5,17.1,43.0,0.35,1.65,11.1,-2.82,1.05,1.05,15752.0,9.15,18.22,0.93,23
Concord Biotech Ltd,Sep 2025,Pharma,Bear,-7.64,-9.43,56.7,7.8,42.53,0.5,12.5,17.1,36.0,0.35,1.65,11.1,-42.56,-55.0,1.05,15752.0,6.08,-33.55,0.53,23
Coromandel International Ltd,Dec 2023,Chemicals,Bull,9.18,-5.32,30.5,4.53,22.88,0.57,16.4,22.0,6.0,0.35,1.65,9.18,4.4,0.0,1.05,56909.0,7.85,8.7,0.8,24
Coromandel International Ltd,Dec 2024,Chemicals,Bear,8.79,-2.7,30.5,4.53,22.88,0.57,16.4,22.0,10.0,0.35,1.65,9.77,4.4,0.0,1.05,56909.0,17.37,121.27,0.88,29
Coromandel International Ltd,Dec 2025,Chemicals,Bull,0.68,10.62,30.5,4.53,22.88,0.57,16.4,22.0,9.0,0.35,1.65,9.52,4.4,0.0,1.05,56909.0,17.15,-1.27,0.2,24
Coromandel International Ltd,Jun 2023,Chemicals,Bull,7.72,5.38,30.5,4.53,22.88,0.57,16.4,22.0,12.0,0.35,1.65,17.22,4.4,0.0,1.05,56909.0,16.8,-2.04,-0.36,28
Coromandel International Ltd,Jun 2024,Chemicals,Bull,43.64,-3.71,30.5,4.53,22.88,0.57,16.4,22.0,10.0,0.35,1.65,8.6,-13.45,35.53,1.05,56909.0,10.56,-37.14,0.8,34
Coromandel International Ltd,Jun 2025,Chemicals,Bull,22.26,-7.48,30.5,4.53,22.88,0.57,16.4,22.0,11.0,0.35,1.65,11.5,1.54,-1.18,1.05,56909.0,17.13,62.22,0.92,27
Coromandel International Ltd,Jun 2026,Chemicals,Bull,4.5,-8.78,30.5,4.53,22.88,0.57,16.4,22.0,9.0,0.35,1.65,8.49,-6.99,-21.72,1.05,56909.0,12.91,-24.64,-0.7,34
Coromandel International Ltd,Mar 2024,Chemicals,Bull,-13.83,22.13,30.5,4.53,22.88,0.57,16.4,22.0,7.0,0.35,1.65,4.24,-31.27,-66.8,1.05,56909.0,5.45,-57.78,-0.53,25
Coromandel International Ltd,Mar 2025,Chemicals,Bear,3.1,-7.23,30.5,4.53,22.88,0.57,16.4,22.0,8.0,0.35,1.65,6.2,5.48,87.06,1.05,56909.0,19.67,150.0,0.9,33
Coromandel International Ltd,Mar 2026,Chemicals,Bear,-15.27,2.73,30.5,4.53,22.88,0.57,16.4,22.0,8.0,0.35,1.65,5.48,-14.74,-77.09,1.05,56909.0,4.74,-75.9,0.46,29
Coromandel International Ltd,Sep 2023,Chemicals,Bull,19.66,11.49,30.5,4.53,22.88,0.57,16.4,22.0,15.0,0.35,1.65,22.93,-14.42,97.64,1.05,56909.0,25.71,150.0,0.9,30
Coromandel International Ltd,Sep 2024,Chemicals,Bull,5.24,3.29,30.5,4.53,22.88,0.57,16.4,22.0,13.0,0.35,1.65,14.58,89.96,301.83,1.05,56909.0,22.55,-12.29,0.91,31
Coromandel International Ltd,Sep 2025,Chemicals,Bear,-2.95,4.99,30.5,4.53,22.88,0.57,16.4,22.0,12.0,0.35,1.65,11.25,93.54,37.2,1.05,56909.0,27.31,21.11,0.92,27
Aditya Infotech Ltd,Dec 2024,Manufacturing,Bear,-8.58,-3.46,94.8,24.06,71.1,0.04,25.4,28.6,8.0,0.35,1.65,6.27,4.53,4.31,1.05,45256.0,3.66,8.7,-0.2,24
Aditya Infotech Ltd,Dec 2025,Manufacturing,Bull,12.01,1.06,94.8,24.06,71.1,0.04,25.4,28.6,12.0,0.35,1.65,28.0,4.53,4.31,1.05,45256.0,8.17,123.22,0.92,27
Aditya Infotech Ltd,Jun 2024,Manufacturing,Bull,8.96,4.3,94.8,24.06,71.1,0.04,25.4,28.6,6.0,0.35,1.65,4.56,4.53,4.31,1.05,45256.0,2.2,-73.07,0.1,23
Aditya Infotech Ltd,Jun 2025,Manufacturing,Bull,11.25,31.58,94.8,24.06,71.1,0.04,25.4,28.6,8.0,0.35,1.65,5.55,4.53,4.31,1.05,45256.0,2.99,35.91,0.77,25
Aditya Infotech Ltd,Jun 2026,Manufacturing,Bull,103.71,6.98,94.8,24.06,71.1,0.04,25.4,28.6,15.0,0.35,1.65,51.0,68.92,255.0,1.05,45256.0,12.07,150.0,0.87,24
Aditya Infotech Ltd,Mar 2025,Manufacturing,Bear,-12.34,-12.98,94.8,24.06,71.1,0.04,25.4,28.6,10.0,0.35,1.65,8.17,-14.22,-42.71,1.05,45256.0,5.01,-58.49,0.57,31
Aditya Infotech Ltd,Mar 2026,Manufacturing,Bear,18.15,36.99,94.8,24.06,71.1,0.04,25.4,28.6,18.0,0.35,1.65,32.12,123.58,634.78,1.05,45256.0,14.36,150.0,0.91,32
Aditya Infotech Ltd,Sep 2024,Manufacturing,Bull,93.3,104.89,94.8,24.06,71.1,0.04,25.4,28.6,6.0,0.35,1.65,3.9,-9.59,609.09,1.05,45256.0,21.28,48.19,0.71,27
Aditya Infotech Ltd,Sep 2025,Manufacturing,Bear,21.86,-6.66,94.8,24.06,71.1,0.04,25.4,28.6,12.0,0.35,1.65,15.57,-34.38,-50.7,1.05,45256.0,5.97,-71.95,0.46,32
Craftsman Automation Ltd,Dec 2023,Manufacturing,Bull,16.28,-13.75,65.2,8.53,48.9,0.1,12.5,13.9,19.0,0.35,1.65,5.0,4.53,4.31,1.05,30520.0,34.61,8.7,0.48,22
Craftsman Automation Ltd,Dec 2024,Manufacturing,Bear,-17.33,-5.55,65.2,8.53,48.9,0.1,12.5,13.9,13.0,0.35,1.65,3.43,4.53,4.31,1.05,30520.0,5.42,-84.34,0.13,26
Craftsman Automation Ltd,Dec 2025,Manufacturing,Bull,14.49,19.01,65.2,8.53,48.9,0.1,12.5,13.9,15.0,0.35,1.65,3.95,4.53,4.31,1.05,30520.0,44.9,150.0,0.78,27
Craftsman Automation Ltd,Jun 2023,Manufacturing,Bull,28.55,-1.74,65.2,8.53,48.9,0.1,12.5,13.9,21.0,0.35,1.65,5.1,4.53,4.31,1.05,30520.0,35.25,-21.49,-0.68,23
Craftsman Automation Ltd,Jun 2024,Manufacturing,Bull,27.29,16.6,65.2,8.53,48.9,0.1,12.5,13.9,17.0,0.35,1.65,4.02,1.86,-27.16,1.05,30520.0,22.3,-36.74,0.15,25
Craftsman Automation Ltd,Jun 2025,Manufacturing,Bull,17.13,-2.75,65.2,8.53,48.9,0.1,12.5,13.9,15.0,0.35,1.65,4.02,13.2,438.46,1.05,30520.0,29.18,30.85,0.87,24
Craftsman Automation Ltd,Jun 2026,Manufacturing,Bull,38.34,6.09,65.2,8.53,48.9,0.1,12.5,13.9,16.0,0.35,1.65,4.47,18.23,41.12,1.05,30520.0,57.56,97.26,0.82,23
Craftsman Automation Ltd,Mar 2024,Manufacturing,Bull,-19.19,8.07,65.2,8.53,48.9,0.1,12.5,13.9,19.0,0.35,1.65,4.5,6.45,-12.35,1.05,30520.0,29.5,-48.75,0.0,22
Craftsman Automation Ltd,Mar 2025,Manufacturing,Bear,-8.39,-0.76,65.2,8.53,48.9,0.1,12.5,13.9,14.0,0.35,1.65,3.59,51.95,13.56,1.05,30520.0,27.99,-5.12,0.57,28
Craftsman Automation Ltd,Mar 2026,Manufacturing,Bear,-9.65,5.38,65.2,8.53,48.9,0.1,12.5,13.9,16.0,0.35,1.65,4.17,24.78,65.71,1.05,30520.0,48.8,74.35,0.92,22
Craftsman Automation Ltd,Sep 2023,Manufacturing,Bull,16.63,10.79,65.2,8.53,48.9,0.1,12.5,13.9,20.0,0.35,1.65,5.67,-51.52,-31.13,1.05,30520.0,44.75,-8.3,0.62,29
Craftsman Automation Ltd,Sep 2024,Manufacturing,Bull,16.12,9.34,65.2,8.53,48.9,0.1,12.5,13.9,16.0,0.35,1.65,4.71,9.86,-12.68,1.05,30520.0,25.86,-42.21,-0.25,26
Craftsman Automation Ltd,Sep 2025,Manufacturing,Bear,19.26,4.52,65.2,8.53,48.9,0.1,12.5,13.9,15.0,0.35,1.65,3.92,14.47,35.82,1.05,30520.0,38.09,47.29,0.9,25
CreditAccess Grameen Ltd,Dec 2023,Banking,Bull,19.87,-3.0,18.9,2.91,14.18,0.0,10.5,9.98,44.0,0.45,1.65,14.93,8.74,9.96,1.05,22856.0,22.2,8.7,0.27,30
CreditAccess Grameen Ltd,Dec 2024,Banking,Bear,-25.92,-8.72,18.9,2.91,14.18,0.0,10.5,9.98,44.0,0.45,1.65,14.93,8.74,9.96,1.05,22856.0,-6.24,-100.0,-0.57,32
CreditAccess Grameen Ltd,Dec 2025,Banking,Bull,-9.08,-9.44,18.9,2.91,14.18,0.0,10.5,9.98,44.0,0.45,1.65,14.93,8.74,9.96,1.05,22856.0,15.75,150.0,0.64,25
CreditAccess Grameen Ltd,Jun 2023,Banking,Bull,34.71,0.75,18.9,2.91,14.18,0.0,10.5,9.98,44.0,0.45,1.65,14.93,8.74,9.96,1.05,22856.0,22.3,41.59,0.7,28
CreditAccess Grameen Ltd,Jun 2024,Banking,Bull,-6.15,4.08,18.9,2.91,14.18,0.0,10.5,9.98,44.0,0.45,1.65,14.93,8.74,12.75,1.05,22856.0,24.95,11.88,0.46,30
CreditAccess Grameen Ltd,Jun 2025,Banking,Bull,25.14,-4.0,18.9,2.91,14.18,0.0,10.5,9.98,44.0,0.45,1.65,14.93,8.74,-160.0,1.05,22856.0,3.77,-84.89,-0.7,22
CreditAccess Grameen Ltd,Jun 2026,Banking,Bull,24.96,-9.55,18.9,2.91,14.18,0.0,10.5,9.98,44.0,0.45,1.65,14.93,8.74,95.63,1.05,22856.0,30.79,150.0,0.88,31
CreditAccess Grameen Ltd,Mar 2024,Banking,Bull,-9.58,4.35,18.9,2.91,14.18,0.0,10.5,9.98,44.0,0.45,1.65,14.93,8.74,14.08,1.05,22856.0,24.91,-19.1,0.1,25
CreditAccess Grameen Ltd,Mar 2025,Banking,Bear,6.85,-1.18,18.9,2.91,14.18,0.0,10.5,9.98,44.0,0.45,1.65,14.93,8.74,-88.19,1.05,22856.0,2.96,-88.12,0.2,23
CreditAccess Grameen Ltd,Mar 2026,Banking,Bear,-8.03,-0.36,18.9,2.91,14.18,0.0,10.5,9.98,44.0,0.45,1.65,14.93,8.74,466.67,1.05,22856.0,21.2,150.0,0.87,24
CreditAccess Grameen Ltd,Sep 2023,Banking,Bull,4.17,1.44,18.9,2.91,14.18,0.0,10.5,9.98,44.0,0.45,1.65,14.93,8.74,-29.61,1.05,22856.0,21.81,2.88,-0.03,31
CreditAccess Grameen Ltd,Sep 2024,Banking,Bull,-12.17,1.99,18.9,2.91,14.18,0.0,10.5,9.98,44.0,0.45,1.65,14.93,8.74,-53.15,1.05,22856.0,11.67,-46.49,0.03,32
CreditAccess Grameen Ltd,Sep 2025,Banking,Bear,7.63,-5.61,18.9,2.91,14.18,0.0,10.5,9.98,44.0,0.45,1.65,14.93,8.74,168.09,1.05,22856.0,7.87,-32.56,0.9,32
CRISIL Ltd,Dec 2023,Banking,Bull,11.31,-5.0,38.8,10.51,29.1,0.53,24.5,32.6,29.0,0.45,1.65,268.88,8.74,9.96,1.05,34356.0,28.74,8.7,0.73,23
CRISIL Ltd,Dec 2024,Banking,Bear,43.66,8.4,38.8,10.51,29.1,0.53,24.5,32.6,31.0,0.45,1.65,143.5,8.74,9.96,1.05,34356.0,30.72,6.89,0.84,31
CRISIL Ltd,Dec 2025,Banking,Bull,-2.6,-11.11,38.8,10.51,29.1,0.53,24.5,32.6,31.0,0.45,1.65,68.0,8.74,9.96,1.05,34356.0,33.02,7.49,0.68,27
CRISIL Ltd,Jun 2023,Banking,Bull,21.68,-0.41,38.8,10.51,29.1,0.53,24.5,32.6,26.0,0.45,1.65,204.0,8.74,9.96,1.05,34356.0,20.6,-37.61,0.03,25
CRISIL Ltd,Jun 2024,Banking,Bull,-14.07,3.54,38.8,10.51,29.1,0.53,24.5,32.6,26.0,0.45,1.65,207.0,-13.18,-28.57,1.05,34356.0,20.53,-0.34,0.36,24
CRISIL Ltd,Jun 2025,Banking,Bull,45.93,-7.33,38.8,10.51,29.1,0.53,24.5,32.6,28.0,0.45,1.65,39.83,-7.67,-23.56,1.05,34356.0,23.46,14.27,-0.08,28
CRISIL Ltd,Jun 2026,Banking,Bull,7.94,5.45,38.8,10.51,29.1,0.53,24.5,32.6,29.0,0.45,1.65,44.0,-0.65,-10.74,1.05,34356.0,29.6,26.17,0.57,32
CRISIL Ltd,Mar 2024,Banking,Bull,19.34,-5.88,38.8,10.51,29.1,0.53,24.5,32.6,26.0,0.45,1.65,192.0,-4.28,-8.61,1.05,34356.0,18.84,-36.35,0.1,23
CRISIL Ltd,Mar 2025,Banking,Bear,-34.79,6.07,38.8,10.51,29.1,0.53,24.5,32.6,29.0,0.45,1.65,38.67,2.01,6.67,1.05,34356.0,21.86,16.03,0.87,26
CRISIL Ltd,Mar 2026,Banking,Bear,-13.11,-5.89,38.8,10.51,29.1,0.53,24.5,32.6,30.0,0.45,1.65,45.57,25.5,35.47,1.05,34356.0,31.9,45.93,0.78,33
CRISIL Ltd,Sep 2023,Banking,Bull,1.79,2.94,38.8,10.51,29.1,0.53,24.5,32.6,26.0,0.45,1.65,192.0,-31.53,-29.63,1.05,34356.0,20.79,-34.83,-0.08,33
CRISIL Ltd,Sep 2024,Banking,Bull,5.31,10.11,38.8,10.51,29.1,0.53,24.5,32.6,28.0,0.45,1.65,224.0,10.03,24.64,1.05,34356.0,23.46,12.84,0.9,23
CRISIL Ltd,Sep 2025,Banking,Bear,-26.43,-5.46,38.8,10.51,29.1,0.53,24.5,32.6,29.0,0.45,1.65,43.83,12.05,20.63,1.05,34356.0,26.41,12.57,0.74,23
Crompton Greaves Consumer Electricals Ltd,Dec 2023,Manufacturing,Bull,2.1,-5.87,32.8,5.01,24.6,1.3,10.6,18.1,9.0,0.35,1.65,6.82,4.53,4.31,1.05,14874.0,1.34,8.7,0.25,23
Crompton Greaves Consumer Electricals Ltd,Dec 2024,Manufacturing,Bear,-8.39,-2.72,32.8,5.01,24.6,1.3,10.6,18.1,11.0,0.35,1.65,18.8,4.53,4.31,1.05,14874.0,1.71,27.61,0.82,22
Crompton Greaves Consumer Electricals Ltd,Dec 2025,Manufacturing,Bull,-13.94,6.1,32.8,5.01,24.6,1.3,10.6,18.1,10.0,0.35,1.65,24.38,4.53,4.31,1.05,14874.0,1.53,-10.53,-0.57,30
Crompton Greaves Consumer Electricals Ltd,Jun 2023,Manufacturing,Bull,-3.29,7.2,32.8,5.01,24.6,1.3,10.6,18.1,10.0,0.35,1.65,8.86,4.53,4.31,1.05,14874.0,1.85,20.92,0.78,28
Crompton Greaves Consumer Electricals Ltd,Jun 2024,Manufacturing,Bull,50.03,2.6,32.8,5.01,24.6,1.3,10.6,18.1,11.0,0.35,1.65,14.5,26.28,78.82,1.05,14874.0,2.36,27.57,0.62,30
Crompton Greaves Consumer Electricals Ltd,Jun 2025,Manufacturing,Bull,2.76,-3.38,32.8,5.01,24.6,1.3,10.6,18.1,10.0,0.35,1.65,19.2,12.95,10.71,1.05,14874.0,1.9,-19.49,-0.3,26
Crompton Greaves Consumer Electricals Ltd,Jun 2026,Manufacturing,Bull,18.13,-5.48,32.8,5.01,24.6,1.3,10.6,18.1,10.0,0.35,1.65,22.4,17.76,41.58,1.05,14874.0,2.18,14.74,0.88,31
Crompton Greaves Consumer Electricals Ltd,Mar 2024,Manufacturing,Bull,-14.77,26.16,32.8,5.01,24.6,1.3,10.6,18.1,10.0,0.35,1.65,12.75,4.48,9.02,1.05,14874.0,2.15,-1.38,0.76,27
Crompton Greaves Consumer Electricals Ltd,Mar 2025,Manufacturing,Bear,-5.69,5.04,32.8,5.01,24.6,1.3,10.6,18.1,13.0,0.35,1.65,20.54,-3.6,13.16,1.05,14874.0,2.63,22.33,0.36,29
Crompton Greaves Consumer Electricals Ltd,Mar 2026,Manufacturing,Bear,-10.29,-15.15,32.8,5.01,24.6,1.3,10.6,18.1,12.0,0.35,1.65,30.11,14.26,-528.23,1.05,14874.0,-8.29,-100.0,-0.3,28
Crompton Greaves Consumer Electricals Ltd,Sep 2023,Manufacturing,Bull,9.11,2.36,32.8,5.01,24.6,1.3,10.6,18.1,10.0,0.35,1.65,7.95,-20.27,-29.37,1.05,14874.0,1.52,118.34,0.88,28
Crompton Greaves Consumer Electricals Ltd,Sep 2024,Manufacturing,Bull,0.65,7.07,32.8,5.01,24.6,1.3,10.6,18.1,11.0,0.35,1.65,17.0,-3.31,-3.76,1.05,14874.0,1.94,27.63,0.91,23
Crompton Greaves Consumer Electricals Ltd,Sep 2025,Manufacturing,Bear,-16.33,-7.76,32.8,5.01,24.6,1.3,10.6,18.1,8.0,0.35,1.65,31.6,-7.04,-56.4,1.05,14874.0,1.11,-42.78,0.05,24
Cyient Ltd,Dec 2023,IT,Bull,35.87,5.01,28.9,2.07,21.68,1.51,8.61,12.3,18.0,0.35,1.65,11.24,5.5,7.6,1.05,11776.0,13.28,8.7,0.2,20
Cyient Ltd,Dec 2024,IT,Bear,-3.4,-5.4,28.9,2.07,21.68,1.51,8.61,12.3,14.0,0.35,1.65,13.9,5.5,7.6,1.05,11776.0,11.02,-17.02,-0.03,27
Cyient Ltd,Dec 2025,IT,Bull,-1.45,-16.39,28.9,2.07,21.68,1.51,8.61,12.3,13.0,0.35,1.65,16.79,5.5,7.6,1.05,11776.0,8.26,-25.05,0.1,28
Cyient Ltd,Jun 2023,IT,Bull,52.63,15.36,28.9,2.07,21.68,1.51,8.61,12.3,19.0,0.35,1.65,11.29,5.5,7.6,1.05,11776.0,15.2,84.02,0.84,28
Cyient Ltd,Jun 2024,IT,Bull,-7.56,19.51,28.9,2.07,21.68,1.51,8.61,12.3,16.0,0.35,1.65,10.19,-7.96,-3.27,1.05,11776.0,12.97,-14.67,0.0,30
Cyient Ltd,Jun 2025,IT,Bull,4.33,3.81,28.9,2.07,21.68,1.51,8.61,12.3,13.0,0.35,1.65,14.25,-11.11,22.66,1.05,11776.0,13.85,6.78,0.34,22
Cyient Ltd,Jun 2026,IT,Bull,11.72,27.59,28.9,2.07,21.68,1.51,8.61,12.3,13.0,0.35,1.65,11.95,12.34,12.37,1.05,11776.0,9.37,-32.35,0.6,26
Cyient Ltd,Mar 2024,IT,Bull,-13.23,7.78,28.9,2.07,21.68,1.51,8.61,12.3,18.0,0.35,1.65,10.47,10.38,16.57,1.05,11776.0,17.06,82.07,0.88,27
Cyient Ltd,Mar 2025,IT,Bear,-29.93,0.85,28.9,2.07,21.68,1.51,8.61,12.3,16.0,0.35,1.65,15.68,13.9,25.68,1.05,11776.0,15.35,-10.02,0.9,28
Cyient Ltd,Mar 2026,IT,Bear,-32.12,0.83,28.9,2.07,21.68,1.51,8.61,12.3,12.0,0.35,1.65,15.86,12.56,-57.96,1.05,11776.0,4.93,-67.88,-0.08,22
Cyient Ltd,Sep 2023,IT,Bull,11.99,31.04,28.9,2.07,21.68,1.51,8.61,12.3,18.0,0.35,1.65,12.07,-14.35,68.81,1.05,11776.0,16.1,150.0,0.74,26
Cyient Ltd,Sep 2024,IT,Bull,2.05,17.08,28.9,2.07,21.68,1.51,8.61,12.3,16.0,0.35,1.65,10.61,-0.64,-5.08,1.05,11776.0,16.14,0.25,-0.38,27
Cyient Ltd,Sep 2025,IT,Bear,-10.5,2.1,28.9,2.07,21.68,1.51,8.61,12.3,12.0,0.35,1.65,13.38,-6.71,-23.12,1.05,11776.0,11.48,-28.87,-0.53,26
Dabur India Ltd,Dec 2023,Other,Bull,1.17,0.24,33.6,5.84,25.2,2.19,17.0,20.3,20.0,0.35,1.65,18.53,4.82,1.82,1.05,66701.0,2.9,8.7,0.1,28
Dabur India Ltd,Dec 2024,Other,Bear,-17.67,-3.24,33.6,5.84,25.2,2.19,17.0,20.3,20.0,0.35,1.65,15.5,4.82,1.82,1.05,66701.0,2.95,1.72,0.2,26
Dabur India Ltd,Dec 2025,Other,Bull,2.26,-4.96,33.6,5.84,25.2,2.19,17.0,20.3,21.0,0.35,1.65,23.68,4.82,1.82,1.05,66701.0,3.16,7.12,0.27,25
Dabur India Ltd,Jun 2023,Other,Bull,4.63,0.37,33.6,5.84,25.2,2.19,17.0,20.3,19.0,0.35,1.65,25.21,4.82,1.82,1.05,66701.0,2.62,-17.09,-0.56,32
Dabur India Ltd,Jun 2024,Other,Bull,13.52,7.01,33.6,5.84,25.2,2.19,17.0,20.3,20.0,0.35,1.65,19.85,2.89,-2.37,1.05,66701.0,2.82,7.63,-0.32,25
Dabur India Ltd,Jun 2025,Other,Bull,-2.46,3.8,33.6,5.84,25.2,2.19,17.0,20.3,20.0,0.35,1.65,19.06,1.49,-1.55,1.05,66701.0,2.9,2.84,0.2,34
Dabur India Ltd,Jun 2026,Other,Bull,1.75,-5.11,33.6,5.84,25.2,2.19,17.0,20.3,20.0,0.35,1.65,20.03,5.76,5.78,1.05,66701.0,3.33,14.83,-0.08,33
Dabur India Ltd,Mar 2024,Other,Bull,-6.15,11.51,33.6,5.84,25.2,2.19,17.0,20.3,17.0,0.35,1.65,13.31,-10.06,-25.38,1.05,66701.0,1.97,-40.84,0.0,33
Dabur India Ltd,Mar 2025,Other,Bear,-0.87,-0.53,33.6,5.84,25.2,2.19,17.0,20.3,15.0,0.35,1.65,10.95,-15.5,-36.64,1.05,66701.0,1.81,-8.12,0.53,28
Dabur India Ltd,Mar 2026,Other,Bear,-17.9,-8.83,33.6,5.84,25.2,2.19,17.0,20.3,15.0,0.35,1.65,11.52,-10.78,-28.74,1.05,66701.0,2.08,14.92,-0.18,27
Dabur India Ltd,Sep 2023,Other,Bull,-4.82,2.6,33.6,5.84,25.2,2.19,17.0,20.3,21.0,0.35,1.65,23.61,-14.88,-13.48,1.05,66701.0,2.91,39.9,0.57,24
Dabur India Ltd,Sep 2024,Other,Bull,2.77,0.85,33.6,5.84,25.2,2.19,17.0,20.3,18.0,0.35,1.65,11.77,7.6,22.58,1.05,66701.0,2.4,-17.53,0.93,27
Dabur India Ltd,Sep 2025,Other,Bear,2.87,-5.16,33.6,5.84,25.2,2.19,17.0,20.3,18.0,0.35,1.65,14.7,12.76,42.17,1.05,66701.0,2.55,6.25,0.87,24
Dalmia Bharat Ltd,Dec 2023,Manufacturing,Bull,-3.91,-5.84,29.8,1.82,22.35,0.52,6.11,7.59,22.0,0.35,1.65,7.21,4.53,4.31,1.05,32760.0,14.02,8.7,0.64,23
Dalmia Bharat Ltd,Dec 2024,Manufacturing,Bear,-9.48,-8.11,29.8,1.82,22.35,0.52,6.11,7.59,16.0,0.35,1.65,5.06,4.53,4.31,1.05,32760.0,3.25,-76.82,0.32,25
Dalmia Bharat Ltd,Dec 2025,Manufacturing,Bull,-4.24,-8.01,29.8,1.82,22.35,0.52,6.11,7.59,17.0,0.35,1.65,5.1,4.53,4.31,1.05,32760.0,6.5,100.0,0.86,31
Dalmia Bharat Ltd,Jun 2023,Manufacturing,Bull,10.06,26.37,29.8,1.82,22.35,0.52,6.11,7.59,17.0,0.35,1.65,7.39,4.53,4.31,1.05,32760.0,6.93,6.62,0.57,31
Dalmia Bharat Ltd,Jun 2024,Manufacturing,Bull,-8.74,8.64,29.8,1.82,22.35,0.52,6.11,7.59,18.0,0.35,1.65,7.04,0.47,-45.49,1.05,32760.0,7.52,8.51,-0.27,31
Dalmia Bharat Ltd,Jun 2025,Manufacturing,Bull,23.88,3.46,29.8,1.82,22.35,0.52,6.11,7.59,24.0,0.35,1.65,8.18,14.3,498.48,1.05,32760.0,20.95,150.0,0.93,22
Dalmia Bharat Ltd,Jun 2026,Manufacturing,Bull,-5.56,0.07,29.8,1.82,22.35,0.52,6.11,7.59,21.0,0.35,1.65,5.48,10.95,50.0,1.05,32760.0,10.02,-52.17,0.82,28
Dalmia Bharat Ltd,Mar 2024,Manufacturing,Bull,-17.75,6.89,29.8,1.82,22.35,0.52,6.11,7.59,15.0,0.35,1.65,6.96,18.75,122.22,1.05,32760.0,16.8,67.66,0.88,30
Dalmia Bharat Ltd,Mar 2025,Manufacturing,Bear,2.86,0.17,29.8,1.82,22.35,0.52,6.11,7.59,19.0,0.35,1.65,7.55,12.98,202.76,1.05,32760.0,23.19,38.04,0.82,26
Dalmia Bharat Ltd,Mar 2026,Manufacturing,Bear,-16.71,-3.95,29.8,1.82,22.35,0.52,6.11,7.59,21.0,0.35,1.65,6.83,16.75,-0.25,1.05,32760.0,20.63,-11.04,-0.4,24
Dalmia Bharat Ltd,Sep 2023,Manufacturing,Bull,9.27,11.3,29.8,1.82,22.35,0.52,6.11,7.59,19.0,0.35,1.65,5.87,-18.95,-35.94,1.05,32760.0,6.29,-69.51,0.36,29
Dalmia Bharat Ltd,Sep 2024,Manufacturing,Bull,4.5,13.95,29.8,1.82,22.35,0.52,6.11,7.59,14.0,0.35,1.65,4.43,-28.33,-84.69,1.05,32760.0,2.45,-61.05,-0.44,29
Dalmia Bharat Ltd,Sep 2025,Manufacturing,Bear,1.75,4.42,29.8,1.82,22.35,0.52,6.11,7.59,20.0,0.35,1.65,5.7,-16.48,-45.56,1.05,32760.0,12.58,150.0,0.91,22
DCM Shriram Ltd,Dec 2023,Other,Bull,-5.53,-5.52,11.4,2.02,8.55,1.12,11.5,11.5,15.0,0.35,1.65,29.67,4.82,1.82,1.05,15594.0,15.42,8.7,0.46,28
DCM Shriram Ltd,Dec 2024,Other,Bear,9.15,-11.47,11.4,2.02,8.55,1.12,11.5,11.5,15.0,0.35,1.65,11.53,4.82,1.82,1.05,15594.0,16.81,9.01,0.89,25
DCM Shriram Ltd,Dec 2025,Other,Bull,7.36,-5.41,11.4,2.02,8.55,1.12,11.5,11.5,14.0,0.35,1.65,10.86,4.82,1.82,1.05,15594.0,13.6,-19.1,0.05,26
DCM Shriram Ltd,Jun 2023,Other,Bull,17.63,15.4,11.4,2.02,8.55,1.12,11.5,11.5,6.0,0.35,1.65,6.64,4.82,1.82,1.05,15594.0,3.63,-73.31,0.53,30
DCM Shriram Ltd,Jun 2024,Other,Bull,13.2,-0.35,11.4,2.02,8.55,1.12,11.5,11.5,9.0,0.35,1.65,8.55,-5.24,-58.33,1.05,15594.0,6.43,77.13,0.91,24
DCM Shriram Ltd,Jun 2025,Other,Bull,17.8,-3.49,11.4,2.02,8.55,1.12,11.5,11.5,9.0,0.35,1.65,6.91,-3.12,-56.49,1.05,15594.0,7.27,13.06,0.46,23
DCM Shriram Ltd,Jun 2026,Other,Bull,-12.68,0.38,11.4,2.02,8.55,1.12,11.5,11.5,9.0,0.35,1.65,8.22,-6.48,225.35,1.05,15594.0,44.42,150.0,0.87,24
DCM Shriram Ltd,Mar 2024,Other,Bull,-16.63,4.67,11.4,2.02,8.55,1.12,11.5,11.5,11.0,0.35,1.65,8.28,-13.71,107.02,1.05,15594.0,7.55,-83.0,0.88,25
DCM Shriram Ltd,Mar 2025,Other,Bear,-3.24,8.53,11.4,2.02,8.55,1.12,11.5,11.5,14.0,0.35,1.65,9.42,0.03,79.0,1.05,15594.0,11.47,51.92,0.87,25
DCM Shriram Ltd,Mar 2026,Other,Bear,-11.74,-8.82,11.4,2.02,8.55,1.12,11.5,11.5,11.0,0.35,1.65,8.82,-2.12,225.44,1.05,15594.0,23.72,106.8,0.82,29
DCM Shriram Ltd,Sep 2023,Other,Bull,22.37,8.0,11.4,2.02,8.55,1.12,11.5,11.5,4.2,0.35,1.65,7.6,-24.02,-95.38,1.05,15594.0,2.07,-91.27,-0.68,29
DCM Shriram Ltd,Sep 2024,Other,Bull,3.22,-18.04,11.4,2.02,8.55,1.12,11.5,11.5,6.0,0.35,1.65,4.76,23.26,-46.61,1.05,15594.0,4.03,94.69,0.8,30
DCM Shriram Ltd,Sep 2025,Other,Bear,-5.61,3.51,11.4,2.02,8.55,1.12,11.5,11.5,9.0,0.35,1.65,7.19,13.73,-11.17,1.05,15594.0,10.13,150.0,0.87,27
Deepak Fertilisers & Petrochemicals Corp Ltd,Dec 2023,Chemicals,Bull,4.4,-4.39,16.9,2.44,12.68,0.76,10.9,11.4,15.0,0.35,1.65,2.66,4.4,0.0,1.05,16668.0,4.56,8.7,0.48,22
Deepak Fertilisers & Petrochemicals Corp Ltd,Dec 2024,Chemicals,Bear,7.75,-3.44,16.9,2.44,12.68,0.76,10.9,11.4,19.0,0.35,1.65,4.96,4.4,0.0,1.05,16668.0,19.86,150.0,0.82,27
Deepak Fertilisers & Petrochemicals Corp Ltd,Dec 2025,Chemicals,Bull,-16.81,12.48,16.9,2.44,12.68,0.76,10.9,11.4,12.0,0.35,1.65,3.68,4.4,0.0,1.05,16668.0,11.21,-43.55,0.6,31
Deepak Fertilisers & Petrochemicals Corp Ltd,Jun 2023,Chemicals,Bull,-0.54,22.25,16.9,2.44,12.68,0.76,10.9,11.4,12.0,0.35,1.65,3.56,4.4,0.0,1.05,16668.0,8.72,-22.21,-0.57,29
Deepak Fertilisers & Petrochemicals Corp Ltd,Jun 2024,Chemicals,Bull,29.69,6.14,16.9,2.44,12.68,0.76,10.9,11.4,20.0,0.35,1.65,4.18,23.1,227.87,1.05,16668.0,15.49,77.64,0.87,26
Deepak Fertilisers & Petrochemicals Corp Ltd,Jun 2025,Chemicals,Bull,54.94,-3.99,16.9,2.44,12.68,0.76,10.9,11.4,19.0,0.35,1.65,5.83,3.1,-3.56,1.05,16668.0,19.26,24.34,0.87,28
Deepak Fertilisers & Petrochemicals Corp Ltd,Jun 2026,Chemicals,Bull,57.65,-3.77,16.9,2.44,12.68,0.76,10.9,11.4,26.0,0.35,1.65,8.89,15.05,247.52,1.05,16668.0,38.82,101.56,0.62,28
Deepak Fertilisers & Petrochemicals Corp Ltd,Mar 2024,Chemicals,Bull,-26.71,7.39,16.9,2.44,12.68,0.76,10.9,11.4,21.0,0.35,1.65,3.91,-9.81,101.75,1.05,16668.0,17.83,-54.07,0.91,23
Deepak Fertilisers & Petrochemicals Corp Ltd,Mar 2025,Chemicals,Bear,-8.39,15.54,16.9,2.44,12.68,0.76,10.9,11.4,18.0,0.35,1.65,4.75,16.92,39.0,1.05,16668.0,21.96,23.16,0.91,22
Deepak Fertilisers & Petrochemicals Corp Ltd,Mar 2026,Chemicals,Bear,-26.9,17.91,16.9,2.44,12.68,0.76,10.9,11.4,12.0,0.35,1.65,3.81,13.24,-43.03,1.05,16668.0,11.04,-49.73,-0.46,29
Deepak Fertilisers & Petrochemicals Corp Ltd,Sep 2023,Chemicals,Bull,15.86,7.02,16.9,2.44,12.68,0.76,10.9,11.4,12.0,0.35,1.65,2.67,-25.55,-87.14,1.05,16668.0,4.76,-56.88,0.0,31
Deepak Fertilisers & Petrochemicals Corp Ltd,Sep 2024,Chemicals,Bull,56.63,4.11,16.9,2.44,12.68,0.76,10.9,11.4,18.0,0.35,1.65,4.8,31.69,-6.96,1.05,16668.0,16.64,150.0,0.88,23
Deepak Fertilisers & Petrochemicals Corp Ltd,Sep 2025,Chemicals,Bear,-13.24,-13.34,16.9,2.44,12.68,0.76,10.9,11.4,15.0,0.35,1.65,6.19,12.71,-23.02,1.05,16668.0,16.89,1.5,-0.18,25
Deepak Nitrite Ltd,Dec 2023,Chemicals,Bull,17.07,0.33,27.3,3.71,20.48,0.47,9.82,11.4,15.0,0.35,1.65,101.67,4.4,0.0,1.05,21656.0,14.81,8.7,0.03,21
Deepak Nitrite Ltd,Dec 2024,Chemicals,Bear,-15.64,-8.06,27.3,3.71,20.48,0.47,9.82,11.4,9.0,0.35,1.65,28.17,4.4,0.0,1.05,21656.0,7.19,-51.45,0.1,30
Deepak Nitrite Ltd,Dec 2025,Chemicals,Bull,-5.96,4.13,27.3,3.71,20.48,0.47,9.82,11.4,11.0,0.35,1.65,19.18,4.4,0.0,1.05,21656.0,7.32,1.81,0.44,26
Deepak Nitrite Ltd,Jun 2023,Chemicals,Bull,20.49,10.99,27.3,3.71,20.48,0.47,9.82,11.4,12.0,0.35,1.65,105.0,4.4,0.0,1.05,21656.0,10.99,50.14,0.62,25
Deepak Nitrite Ltd,Jun 2024,Chemicals,Bull,16.79,1.04,27.3,3.71,20.48,0.47,9.82,11.4,14.0,0.35,1.65,51.5,7.86,0.5,1.05,21656.0,14.85,35.12,0.8,25
Deepak Nitrite Ltd,Jun 2025,Chemicals,Bull,0.24,-3.36,27.3,3.71,20.48,0.47,9.82,11.4,10.0,0.35,1.65,23.75,-0.68,14.29,1.05,21656.0,8.23,-44.58,0.46,29
Deepak Nitrite Ltd,Jun 2026,Chemicals,Bull,14.36,-0.99,27.3,3.71,20.48,0.47,9.82,11.4,21.0,0.35,1.65,23.48,30.53,245.0,1.05,21656.0,25.3,150.0,0.87,30
Deepak Nitrite Ltd,Mar 2024,Chemicals,Bull,-14.08,-0.44,27.3,3.71,20.48,0.47,9.82,11.4,14.0,0.35,1.65,75.25,20.25,69.33,1.05,21656.0,18.61,-26.44,0.87,28
Deepak Nitrite Ltd,Mar 2025,Chemicals,Bear,-20.59,-6.81,27.3,3.71,20.48,0.47,9.82,11.4,15.0,0.35,1.65,35.22,0.6,-0.49,1.05,21656.0,14.84,-20.26,0.13,27
Deepak Nitrite Ltd,Mar 2026,Chemicals,Bear,-24.36,-8.57,27.3,3.71,20.48,0.47,9.82,11.4,18.0,0.35,1.65,19.79,12.17,96.43,1.05,21656.0,16.11,8.56,0.71,26
Deepak Nitrite Ltd,Sep 2023,Chemicals,Bull,-1.69,8.81,27.3,3.71,20.48,0.47,9.82,11.4,17.0,0.35,1.65,100.67,-31.03,-40.58,1.05,21656.0,15.04,-6.64,0.03,25
Deepak Nitrite Ltd,Sep 2024,Chemicals,Bull,11.41,4.3,27.3,3.71,20.48,0.47,9.82,11.4,15.0,0.35,1.65,49.67,-4.42,-23.62,1.05,21656.0,14.24,-5.32,0.46,30
Deepak Nitrite Ltd,Sep 2025,Chemicals,Bear,-5.95,-8.96,27.3,3.71,20.48,0.47,9.82,11.4,11.0,0.35,1.65,25.5,-12.75,-41.09,1.05,21656.0,8.7,-38.9,-0.62,27
Delhivery Ltd,Dec 2023,Other,Bull,-5.64,0.69,276.0,3.4,207.0,0.0,-0.21,1.01,4.8,0.35,1.65,4.77,4.82,1.82,1.05,32894.0,0.16,8.7,0.66,30
Delhivery Ltd,Dec 2024,Other,Bear,-17.46,-5.22,276.0,3.4,207.0,0.0,-0.21,1.01,4.2,0.35,1.65,3.03,4.82,1.82,1.05,32894.0,0.34,112.5,0.62,23
Delhivery Ltd,Dec 2025,Other,Bull,-7.04,-9.33,276.0,3.4,207.0,0.0,-0.21,1.01,7.0,0.35,1.65,5.65,4.82,1.82,1.05,32894.0,0.53,55.88,0.57,25
Delhivery Ltd,Jun 2023,Other,Bull,15.63,3.55,276.0,3.4,207.0,0.0,-0.21,1.01,-0.7,0.35,1.65,-0.65,4.82,1.82,1.05,32894.0,-1.22,-100.0,-0.7,23
Delhivery Ltd,Jun 2024,Other,Bull,-11.01,-0.66,276.0,3.4,207.0,0.0,-0.21,1.01,4.4,0.35,1.65,3.43,-1.0,350.0,1.05,32894.0,0.74,150.0,0.81,30
Delhivery Ltd,Jun 2025,Other,Bull,46.81,0.55,276.0,3.4,207.0,0.0,-0.21,1.01,6.0,0.35,1.65,4.15,-3.53,264.0,1.05,32894.0,1.22,64.86,0.64,27
Delhivery Ltd,Jun 2026,Other,Bull,9.42,3.11,276.0,3.4,207.0,0.0,-0.21,1.01,4.8,0.35,1.65,4.09,4.49,-20.0,1.05,32894.0,0.43,-64.75,0.46,24
Delhivery Ltd,Mar 2024,Other,Bull,15.92,-9.48,276.0,3.4,207.0,0.0,-0.21,1.01,2.2,0.35,1.65,1.7,7.56,-23.6,1.05,32894.0,-0.93,-100.0,-0.46,31
Delhivery Ltd,Mar 2025,Other,Bear,-26.78,11.09,276.0,3.4,207.0,0.0,-0.21,1.01,5.0,0.35,1.65,3.5,0.92,35.19,1.05,32894.0,0.97,150.0,0.74,23
Delhivery Ltd,Mar 2026,Other,Bear,4.02,-7.41,276.0,3.4,207.0,0.0,-0.21,1.01,8.0,0.35,1.65,6.29,24.24,-20.88,1.05,32894.0,0.97,0.0,-0.03,30
Delhivery Ltd,Sep 2023,Other,Bull,5.58,-12.96,276.0,3.4,207.0,0.0,-0.21,1.01,-0.8,0.35,1.65,-0.8,-33.74,-421.88,1.05,32894.0,-1.4,-100.0,-0.62,26
Delhivery Ltd,Sep 2024,Other,Bull,6.29,19.34,276.0,3.4,207.0,0.0,-0.21,1.01,2.3,0.35,1.65,1.65,5.49,-114.71,1.05,32894.0,0.14,110.0,0.91,25
Delhivery Ltd,Sep 2025,Other,Bear,17.22,-7.46,276.0,3.4,207.0,0.0,-0.21,1.01,2.7,0.35,1.65,1.74,16.74,-168.49,1.05,32894.0,-0.67,-100.0,0.82,29
Devyani International Ltd,Dec 2023,Other,Bull,-11.43,-5.62,35.9,11.04,26.92,0.0,-1.56,4.75,17.0,0.35,1.65,3.04,4.82,1.82,1.05,17011.0,0.08,8.7,0.75,30
Devyani International Ltd,Dec 2024,Other,Bear,-5.43,2.46,35.9,11.04,26.92,0.0,-1.56,4.75,16.0,0.35,1.65,3.18,4.82,1.82,1.05,17011.0,0.0,-100.0,-0.08,31
Devyani International Ltd,Dec 2025,Other,Bull,-13.85,-6.96,35.9,11.04,26.92,0.0,-1.56,4.75,16.0,0.35,1.65,3.3,4.82,1.82,1.05,17011.0,-0.08,-16.0,-0.79,25
Devyani International Ltd,Jun 2023,Other,Bull,28.74,5.87,35.9,11.04,26.92,0.0,-1.56,4.75,15.0,0.35,1.65,3.15,4.82,1.82,1.05,17011.0,0.1,150.0,0.82,25
Devyani International Ltd,Jun 2024,Other,Bull,6.06,11.51,35.9,11.04,26.92,0.0,-1.56,4.75,18.0,0.35,1.65,3.43,44.96,340.0,1.05,17011.0,0.25,150.0,0.92,29
Devyani International Ltd,Jun 2025,Other,Bull,11.99,20.44,35.9,11.04,26.92,0.0,-1.56,4.75,15.0,0.35,1.65,3.07,4.87,-125.0,1.05,17011.0,0.03,-88.0,-0.03,29
Devyani International Ltd,Jun 2026,Other,Bull,15.1,-2.58,35.9,11.04,26.92,0.0,-1.56,4.75,16.0,0.35,1.65,3.63,9.72,-254.55,1.05,17011.0,0.12,18.0,0.88,24
Devyani International Ltd,Mar 2024,Other,Bull,-21.54,18.26,35.9,11.04,26.92,0.0,-1.56,4.75,12.0,0.35,1.65,2.28,23.61,724.9,1.05,17011.0,-0.06,-100.0,0.88,27
Devyani International Ltd,Mar 2025,Other,Bear,-18.56,-7.2,35.9,11.04,26.92,0.0,-1.56,4.75,15.0,0.35,1.65,2.66,-0.74,-177.27,1.05,17011.0,-0.12,-100.0,-0.85,30
Devyani International Ltd,Mar 2026,Other,Bear,-35.84,-7.33,35.9,11.04,26.92,0.0,-1.56,4.75,15.0,0.35,1.65,3.14,5.9,-596.89,1.05,17011.0,-0.08,33.33,0.36,21
Devyani International Ltd,Sep 2023,Other,Bull,13.89,1.45,35.9,11.04,26.92,0.0,-1.56,4.75,19.0,0.35,1.65,3.67,-48.2,111.76,1.05,17011.0,0.28,150.0,0.9,22
Devyani International Ltd,Sep 2024,Other,Bull,17.31,4.66,35.9,11.04,26.92,0.0,-1.56,4.75,16.0,0.35,1.65,3.02,16.71,-89.8,1.05,17011.0,0.0,-100.0,0.6,28
Devyani International Ltd,Sep 2025,Other,Bear,-0.38,-6.85,35.9,11.04,26.92,0.0,-1.56,4.75,14.0,0.35,1.65,2.78,13.52,41.18,1.05,17011.0,-0.18,-36.0,0.36,28
Dixon Technologies (India) Ltd,Dec 2023,Manufacturing,Bull,23.96,6.86,43.8,17.46,32.85,0.07,18.9,29.2,3.8,0.35,1.65,8.36,4.53,4.31,1.05,82122.0,16.12,8.7,0.54,26
Dixon Technologies (India) Ltd,Dec 2024,Manufacturing,Bear,26.35,9.46,43.8,17.46,32.85,0.07,18.9,29.2,3.7,0.35,1.65,9.54,4.53,4.31,1.05,82122.0,28.5,76.8,0.77,26
Dixon Technologies (India) Ltd,Dec 2025,Manufacturing,Bull,-26.45,-7.76,43.8,17.46,32.85,0.07,18.9,29.2,3.9,0.35,1.65,9.63,4.53,4.31,1.05,82122.0,47.34,66.11,0.78,29
Dixon Technologies (India) Ltd,Jun 2023,Manufacturing,Bull,51.7,6.84,43.8,17.46,32.85,0.07,18.9,29.2,4.0,0.35,1.65,9.43,4.53,4.31,1.05,82122.0,11.55,-75.6,0.0,25
Dixon Technologies (India) Ltd,Jun 2024,Manufacturing,Bull,57.68,5.27,43.8,17.46,32.85,0.07,18.9,29.2,3.8,0.35,1.65,8.55,36.57,44.33,1.05,82122.0,22.34,93.42,0.79,28
Dixon Technologies (India) Ltd,Jun 2025,Manufacturing,Bull,15.93,8.04,43.8,17.46,32.85,0.07,18.9,29.2,3.8,0.35,1.65,14.61,22.79,29.63,1.05,82122.0,37.2,66.52,0.91,26
Dixon Technologies (India) Ltd,Jun 2026,Manufacturing,Bull,16.25,4.46,43.8,17.46,32.85,0.07,18.9,29.2,3.0,0.35,1.65,19.29,45.69,123.68,1.05,82122.0,108.6,150.0,0.88,28
Dixon Technologies (India) Ltd,Mar 2024,Manufacturing,Bull,15.77,38.75,43.8,17.46,32.85,0.07,18.9,29.2,3.9,0.35,1.65,8.67,42.36,44.78,1.05,82122.0,15.91,-85.35,0.71,31
Dixon Technologies (India) Ltd,Mar 2025,Manufacturing,Bear,-26.76,-12.91,43.8,17.46,32.85,0.07,18.9,29.2,4.3,0.35,1.65,9.63,56.43,232.14,1.05,82122.0,66.54,150.0,0.62,29
Dixon Technologies (India) Ltd,Mar 2026,Manufacturing,Bear,-20.0,5.16,43.8,17.46,32.85,0.07,18.9,29.2,3.9,0.35,1.65,17.0,-18.11,6.43,1.05,82122.0,42.17,-36.62,-0.08,34
Dixon Technologies (India) Ltd,Sep 2023,Manufacturing,Bull,21.46,20.22,43.8,17.46,32.85,0.07,18.9,29.2,4.0,0.35,1.65,11.71,-55.39,-84.26,1.05,82122.0,18.02,-57.27,-0.62,34
Dixon Technologies (India) Ltd,Sep 2024,Manufacturing,Bull,10.94,21.22,43.8,17.46,32.85,0.07,18.9,29.2,3.7,0.35,1.65,11.21,123.91,324.74,1.05,82122.0,65.15,150.0,0.9,34
Dixon Technologies (India) Ltd,Sep 2025,Manufacturing,Bear,10.96,-12.17,43.8,17.46,32.85,0.07,18.9,29.2,3.8,0.35,1.65,14.76,44.32,60.43,1.05,82122.0,110.72,69.95,0.78,31
DOMS Industries Ltd,Dec 2023,Other,Bull,-5.67,-3.77,59.2,10.55,44.4,0.17,20.7,24.3,19.0,0.35,1.65,13.8,4.82,1.82,1.05,12872.0,6.15,8.7,0.54,25
DOMS Industries Ltd,Dec 2024,Other,Bear,-1.0,-10.63,59.2,10.55,44.4,0.17,20.7,24.3,18.0,0.35,1.65,22.0,4.82,1.82,1.05,12872.0,8.36,35.93,0.9,30
DOMS Industries Ltd,Dec 2025,Other,Bull,4.72,10.35,59.2,10.55,44.4,0.17,20.7,24.3,17.0,0.35,1.65,51.5,4.82,1.82,1.05,12872.0,9.54,14.11,0.4,21
DOMS Industries Ltd,Jun 2023,Other,Bull,11.23,5.16,59.2,10.55,44.4,0.17,20.7,24.3,16.0,0.35,1.65,15.5,4.82,1.82,1.05,12872.0,929.13,150.0,0.92,29
DOMS Industries Ltd,Jun 2024,Other,Bull,29.28,24.22,59.2,10.55,44.4,0.17,20.7,24.3,19.0,0.35,1.65,21.5,19.62,38.46,1.05,12872.0,8.54,-99.08,0.62,25
DOMS Industries Ltd,Jun 2025,Other,Bull,-8.11,4.32,59.2,10.55,44.4,0.17,20.7,24.3,18.0,0.35,1.65,33.0,12.18,9.26,1.05,12872.0,9.44,10.54,0.75,28
DOMS Industries Ltd,Jun 2026,Other,Bull,-1.51,-0.7,59.2,10.55,44.4,0.17,20.7,24.3,12.0,0.35,1.65,41.5,13.34,-26.23,1.05,12872.0,7.33,-22.35,-0.13,26
DOMS Industries Ltd,Mar 2024,Other,Bull,22.49,6.38,59.2,10.55,44.4,0.17,20.7,24.3,19.0,0.35,1.65,19.0,6.6,30.56,1.05,12872.0,7.44,1.5,0.77,26
DOMS Industries Ltd,Mar 2025,Other,Bear,5.57,-17.36,59.2,10.55,44.4,0.17,20.7,24.3,17.0,0.35,1.65,22.0,14.38,-5.56,1.05,12872.0,7.98,7.26,0.65,20
DOMS Industries Ltd,Mar 2026,Other,Bear,-11.66,1.21,59.2,10.55,44.4,0.17,20.7,24.3,17.0,0.35,1.65,33.67,7.47,-1.69,1.05,12872.0,9.35,17.17,0.88,26
DOMS Industries Ltd,Sep 2023,Other,Bull,-3.72,-2.73,59.2,10.55,44.4,0.17,20.7,24.3,17.0,0.35,1.65,16.25,-43.07,-15.56,1.05,12872.0,6.4,-31.55,0.05,29
DOMS Industries Ltd,Sep 2024,Other,Bull,27.58,9.91,59.2,10.55,44.4,0.17,20.7,24.3,19.0,0.35,1.65,21.5,13.37,14.89,1.05,12872.0,8.46,32.19,0.57,20
DOMS Industries Ltd,Sep 2025,Other,Bear,0.15,-0.37,59.2,10.55,44.4,0.17,20.7,24.3,18.0,0.35,1.65,50.0,11.59,19.61,1.05,12872.0,9.6,13.48,0.46,30
eClerx Services Ltd,Dec 2023,Other,Bull,39.27,-1.93,24.5,6.99,18.38,0.05,28.4,34.4,28.0,0.35,1.65,34.5,4.82,1.82,1.05,17866.0,14.13,8.7,-0.64,23
eClerx Services Ltd,Dec 2024,Other,Bear,13.13,4.65,24.5,6.99,18.38,0.05,28.4,34.4,24.0,0.35,1.65,25.88,4.82,1.82,1.05,17866.0,14.38,1.77,0.08,31
eClerx Services Ltd,Dec 2025,Other,Bull,18.17,-16.26,24.5,6.99,18.38,0.05,28.4,34.4,26.0,0.35,1.65,27.6,4.82,1.82,1.05,17866.0,20.4,41.86,0.84,21
eClerx Services Ltd,Jun 2023,Other,Bull,24.65,7.76,24.5,6.99,18.38,0.05,28.4,34.4,24.0,0.35,1.65,27.83,4.82,1.82,1.05,17866.0,10.84,-46.86,-0.44,24
eClerx Services Ltd,Jun 2024,Other,Bull,1.08,13.16,24.5,6.99,18.38,0.05,28.4,34.4,21.0,0.35,1.65,20.75,3.85,-19.42,1.05,17866.0,11.38,4.98,0.57,23
eClerx Services Ltd,Jun 2025,Other,Bull,27.89,13.24,24.5,6.99,18.38,0.05,28.4,34.4,24.0,0.35,1.65,22.4,9.48,3.65,1.05,17866.0,14.87,30.67,0.89,30
eClerx Services Ltd,Jun 2026,Other,Bull,-10.73,5.82,24.5,6.99,18.38,0.05,28.4,34.4,23.0,0.35,1.65,17.67,7.66,-14.58,1.05,17866.0,17.47,17.48,0.86,24
eClerx Services Ltd,Mar 2024,Other,Bull,-7.31,3.37,24.5,6.99,18.38,0.05,28.4,34.4,26.0,0.35,1.65,32.67,12.13,21.5,1.05,17866.0,13.31,-23.81,0.87,24
eClerx Services Ltd,Mar 2025,Other,Bear,-19.9,13.33,24.5,6.99,18.38,0.05,28.4,34.4,24.0,0.35,1.65,19.91,14.83,36.61,1.05,17866.0,15.97,19.98,0.82,25
eClerx Services Ltd,Mar 2026,Other,Bear,-42.46,-5.87,24.5,6.99,18.38,0.05,28.4,34.4,26.0,0.35,1.65,23.58,18.4,33.8,1.05,17866.0,20.13,26.05,0.87,25
eClerx Services Ltd,Sep 2023,Other,Bull,9.67,4.56,24.5,6.99,18.38,0.05,28.4,34.4,28.0,0.35,1.65,34.17,-37.33,-17.07,1.05,17866.0,13.86,-31.15,0.03,27
eClerx Services Ltd,Sep 2024,Other,Bull,23.08,21.95,24.5,6.99,18.38,0.05,28.4,34.4,26.0,0.35,1.65,27.0,8.47,7.69,1.05,17866.0,14.72,6.2,0.75,26
eClerx Services Ltd,Sep 2025,Other,Bear,15.67,1.87,24.5,6.99,18.38,0.05,28.4,34.4,27.0,0.35,1.65,24.64,11.92,19.61,1.05,17866.0,19.22,30.57,0.62,31
EID Parry (India) Ltd,Dec 2023,Other,Bull,8.03,-4.63,15.8,1.46,11.85,0.0,7.85,17.0,5.0,0.35,1.65,7.77,4.82,1.82,1.05,12832.0,6.66,8.7,-0.46,25
EID Parry (India) Ltd,Dec 2024,Other,Bear,2.82,-3.71,15.8,1.46,11.85,0.0,7.85,17.0,8.0,0.35,1.65,7.01,4.82,1.82,1.05,12832.0,10.97,64.71,0.79,29
EID Parry (India) Ltd,Dec 2025,Other,Bull,-0.03,0.19,15.8,1.46,11.85,0.0,7.85,17.0,8.0,0.35,1.65,8.11,4.82,1.82,1.05,12832.0,13.05,18.96,0.82,29
EID Parry (India) Ltd,Jun 2023,Other,Bull,-1.97,17.14,15.8,1.46,11.85,0.0,7.85,17.0,9.0,0.35,1.65,8.1,4.82,1.82,1.05,12832.0,6.13,-53.03,0.32,27
EID Parry (India) Ltd,Jun 2024,Other,Bull,32.92,6.48,15.8,1.46,11.85,0.0,7.85,17.0,7.0,0.35,1.65,5.57,-13.17,4.15,1.05,12832.0,5.14,-16.15,-0.7,27
EID Parry (India) Ltd,Jun 2025,Other,Bull,40.52,-8.87,15.8,1.46,11.85,0.0,7.85,17.0,9.0,0.35,1.65,7.74,0.0,11.54,1.05,12832.0,13.85,150.0,0.36,29
EID Parry (India) Ltd,Jun 2026,Other,Bull,-12.3,1.67,15.8,1.46,11.85,0.0,7.85,17.0,8.0,0.35,1.65,6.53,-12.55,-28.6,1.05,12832.0,7.96,-42.53,-0.4,27
EID Parry (India) Ltd,Mar 2024,Other,Bull,-2.65,17.25,15.8,1.46,11.85,0.0,7.85,17.0,8.0,0.35,1.65,5.34,-20.91,-9.54,1.05,12832.0,12.41,55.9,0.88,26
EID Parry (India) Ltd,Mar 2025,Other,Bear,-14.55,3.94,15.8,1.46,11.85,0.0,7.85,17.0,8.0,0.35,1.65,5.34,0.95,138.5,1.05,12832.0,16.12,29.9,0.78,29
EID Parry (India) Ltd,Mar 2026,Other,Bear,-23.82,-7.59,15.8,1.46,11.85,0.0,7.85,17.0,8.0,0.35,1.65,5.13,-9.61,-161.85,1.05,12832.0,-18.74,-100.0,0.57,25
EID Parry (India) Ltd,Sep 2023,Other,Bull,13.49,11.77,15.8,1.46,11.85,0.0,7.85,17.0,12.0,0.35,1.65,14.23,0.45,150.64,1.05,12832.0,25.48,150.0,0.75,22
EID Parry (India) Ltd,Sep 2024,Other,Bull,11.58,22.84,15.8,1.46,11.85,0.0,7.85,17.0,10.0,0.35,1.65,10.2,67.9,101.36,1.05,12832.0,17.21,-32.46,0.84,21
EID Parry (India) Ltd,Sep 2025,Other,Bear,-7.53,-1.27,15.8,1.46,11.85,0.0,7.85,17.0,10.0,0.35,1.65,9.29,70.67,42.12,1.05,12832.0,23.86,38.64,0.86,25
EIH Ltd,Dec 2023,Other,Bull,7.45,-1.09,24.7,3.4,18.52,0.52,14.5,20.7,44.0,0.35,1.65,64.8,4.82,1.82,1.05,17914.0,3.51,8.7,0.4,23
EIH Ltd,Dec 2024,Other,Bear,10.05,1.83,24.7,3.4,18.52,0.52,14.5,20.7,45.0,0.35,1.65,59.5,4.82,1.82,1.05,17914.0,4.23,20.51,0.71,23
EIH Ltd,Dec 2025,Other,Bull,0.71,13.19,24.7,3.4,18.52,0.52,14.5,20.7,43.0,0.35,1.65,62.67,4.82,1.82,1.05,17914.0,3.89,-8.04,0.15,29
EIH Ltd,Jun 2023,Other,Bull,29.31,15.76,24.7,3.4,18.52,0.52,14.5,20.7,31.0,0.35,1.65,25.83,4.82,1.82,1.05,17914.0,1.66,-57.33,-0.18,22
EIH Ltd,Jun 2024,Other,Bull,-9.6,1.16,24.7,3.4,18.52,0.52,14.5,20.7,26.0,0.35,1.65,27.0,-28.88,-57.83,1.05,17914.0,1.47,-11.45,0.1,21
EIH Ltd,Jun 2025,Other,Bull,0.79,2.81,24.7,3.4,18.52,0.52,14.5,20.7,28.0,0.35,1.65,26.67,-28.25,-86.74,1.05,17914.0,0.54,-63.27,-0.4,31
EIH Ltd,Jun 2026,Other,Bull,14.39,0.61,24.7,3.4,18.52,0.52,14.5,20.7,25.0,0.35,1.65,27.83,-24.74,-52.94,1.05,17914.0,1.87,150.0,0.88,31
EIH Ltd,Mar 2024,Other,Bull,79.19,-7.87,24.7,3.4,18.52,0.52,14.5,20.7,41.0,0.35,1.65,152.0,48.8,133.96,1.05,17914.0,3.56,90.37,0.91,21
EIH Ltd,Mar 2025,Other,Bear,-17.69,-1.36,24.7,3.4,18.52,0.52,14.5,20.7,42.0,0.35,1.65,58.5,56.93,170.1,1.05,17914.0,4.04,13.48,0.91,28
EIH Ltd,Mar 2026,Other,Bear,-25.28,-6.53,24.7,3.4,18.52,0.52,14.5,20.7,37.0,0.35,1.65,55.67,55.92,572.97,1.05,17914.0,3.8,-5.94,0.78,28
EIH Ltd,Sep 2023,Other,Bull,6.62,3.79,24.7,3.4,18.52,0.52,14.5,20.7,27.0,0.35,1.65,23.83,-19.18,-21.67,1.05,17914.0,1.49,-60.79,0.1,22
EIH Ltd,Sep 2024,Other,Bull,-11.46,20.36,24.7,3.4,18.52,0.52,14.5,20.7,30.0,0.35,1.65,35.0,-20.51,-46.37,1.05,17914.0,2.08,39.6,0.78,21
EIH Ltd,Sep 2025,Other,Bear,-1.71,-0.63,24.7,3.4,18.52,0.52,14.5,20.7,26.0,0.35,1.65,25.67,-27.69,-55.34,1.05,17914.0,1.82,-12.5,-0.3,31
Elecon Engineering Company Ltd,Dec 2023,Manufacturing,Bull,16.96,2.6,31.3,4.1,23.48,0.47,16.4,20.9,25.0,0.35,1.65,120.0,4.53,4.31,1.05,9472.0,4.03,8.7,-0.38,21
Elecon Engineering Company Ltd,Dec 2024,Manufacturing,Bear,-8.81,-14.95,31.3,4.1,23.48,0.47,16.4,20.9,27.0,0.35,1.65,47.67,4.53,4.31,1.05,9472.0,4.79,18.86,0.77,21
Elecon Engineering Company Ltd,Dec 2025,Manufacturing,Bull,-17.88,-12.34,31.3,4.1,23.48,0.47,16.4,20.9,20.0,0.35,1.65,15.57,4.53,4.31,1.05,9472.0,3.21,-32.99,-0.3,28
Elecon Engineering Company Ltd,Jun 2023,Manufacturing,Bull,49.79,-5.58,31.3,4.1,23.48,0.47,16.4,20.9,24.0,0.35,1.65,50.0,4.53,4.31,1.05,9472.0,3.25,1.25,0.64,20
Elecon Engineering Company Ltd,Jun 2024,Manufacturing,Bull,35.45,5.37,31.3,4.1,23.48,0.47,16.4,20.9,24.0,0.35,1.65,46.0,-17.3,-18.89,1.05,9472.0,3.27,0.62,-0.25,23
Elecon Engineering Company Ltd,Jun 2025,Manufacturing,Bull,47.14,6.76,31.3,4.1,23.48,0.47,16.4,20.9,27.0,0.35,1.65,21.67,-7.18,62.04,1.05,9472.0,7.82,139.14,0.62,19
Elecon Engineering Company Ltd,Jun 2026,Manufacturing,Bull,40.38,-2.97,31.3,4.1,23.48,0.47,16.4,20.9,21.0,0.35,1.65,13.62,-5.62,-2.78,1.05,9472.0,3.14,-59.85,-0.68,28
Elecon Engineering Company Ltd,Mar 2024,Manufacturing,Bull,1.21,20.58,31.3,4.1,23.48,0.47,16.4,20.9,24.0,0.35,1.65,67.5,36.47,42.47,1.05,9472.0,4.62,47.13,0.91,20
Elecon Engineering Company Ltd,Mar 2025,Manufacturing,Bear,-29.32,-1.26,31.3,4.1,23.48,0.47,16.4,20.9,24.0,0.35,1.65,39.0,103.57,100.0,1.05,9472.0,6.53,41.34,0.82,21
Elecon Engineering Company Ltd,Mar 2026,Manufacturing,Bear,-26.2,11.04,31.3,4.1,23.48,0.47,16.4,20.9,21.0,0.35,1.65,26.33,51.93,-96.57,1.05,9472.0,0.27,-95.87,0.53,25
Elecon Engineering Company Ltd,Sep 2023,Manufacturing,Bull,23.86,2.81,31.3,4.1,23.48,0.47,16.4,20.9,24.0,0.35,1.65,39.67,-6.91,27.14,1.05,9472.0,3.95,150.0,0.34,21
Elecon Engineering Company Ltd,Sep 2024,Manufacturing,Bull,5.42,18.3,31.3,4.1,23.48,0.47,16.4,20.9,22.0,0.35,1.65,56.0,-10.09,-15.38,1.05,9472.0,3.91,-1.01,-0.57,28
Elecon Engineering Company Ltd,Sep 2025,Manufacturing,Bear,-10.39,-11.15,31.3,4.1,23.48,0.47,16.4,20.9,22.0,0.35,1.65,21.0,-27.57,-39.73,1.05,9472.0,3.91,0.0,-0.68,23
Elgi Equipments Ltd,Dec 2023,Manufacturing,Bull,5.76,10.51,42.2,8.78,31.65,0.44,19.0,22.1,16.0,0.35,1.65,16.12,4.53,4.31,1.05,19575.0,2.65,8.7,0.54,21
Elgi Equipments Ltd,Dec 2024,Manufacturing,Bear,-14.51,-2.12,42.2,8.78,31.65,0.44,19.0,22.1,14.0,0.35,1.65,19.83,4.53,4.31,1.05,19575.0,2.54,-4.15,0.75,30
Elgi Equipments Ltd,Dec 2025,Manufacturing,Bull,-1.7,4.14,42.2,8.78,31.65,0.44,19.0,22.1,14.0,0.35,1.65,28.8,4.53,4.31,1.05,19575.0,3.0,18.11,0.84,30
Elgi Equipments Ltd,Jun 2023,Manufacturing,Bull,24.89,4.55,42.2,8.78,31.65,0.44,19.0,22.1,12.0,0.35,1.65,17.8,4.53,4.31,1.05,19575.0,1.91,-36.33,0.8,24
Elgi Equipments Ltd,Jun 2024,Manufacturing,Bull,21.34,20.01,42.2,8.78,31.65,0.44,19.0,22.1,14.0,0.35,1.65,12.67,-2.55,-13.1,1.05,19575.0,2.3,20.42,0.7,25
Elgi Equipments Ltd,Jun 2025,Manufacturing,Bull,12.17,-7.25,42.2,8.78,31.65,0.44,19.0,22.1,14.0,0.35,1.65,17.29,2.24,6.17,1.05,19575.0,2.7,17.39,0.87,26
Elgi Equipments Ltd,Jun 2026,Manufacturing,Bull,24.84,0.74,42.2,8.78,31.65,0.44,19.0,22.1,15.0,0.35,1.65,25.83,5.88,8.42,1.05,19575.0,3.26,20.74,0.91,27
Elgi Equipments Ltd,Mar 2024,Manufacturing,Bull,11.0,10.9,42.2,8.78,31.65,0.44,19.0,22.1,14.0,0.35,1.65,12.5,19.61,26.67,1.05,19575.0,2.41,-26.07,0.88,23
Elgi Equipments Ltd,Mar 2025,Manufacturing,Bear,-16.57,11.54,42.2,8.78,31.65,0.44,19.0,22.1,15.0,0.35,1.65,18.75,23.97,39.73,1.05,19575.0,3.22,33.61,0.9,21
Elgi Equipments Ltd,Mar 2026,Manufacturing,Bear,-1.89,15.4,42.2,8.78,31.65,0.44,19.0,22.1,16.0,0.35,1.65,28.83,28.37,48.84,1.05,19575.0,4.04,25.47,0.36,23
Elgi Equipments Ltd,Sep 2023,Manufacturing,Bull,-4.9,0.63,42.2,8.78,31.65,0.44,19.0,22.1,18.0,0.35,1.65,20.43,-24.11,-11.65,1.05,19575.0,2.88,-28.71,-0.57,21
Elgi Equipments Ltd,Sep 2024,Manufacturing,Bull,-6.89,7.8,42.2,8.78,31.65,0.44,19.0,22.1,16.0,0.35,1.65,17.75,0.35,25.0,1.05,19575.0,2.99,3.82,0.88,24
Elgi Equipments Ltd,Sep 2025,Manufacturing,Bear,-9.56,-5.06,42.2,8.78,31.65,0.44,19.0,22.1,14.0,0.35,1.65,20.0,-2.52,18.63,1.05,19575.0,3.83,28.09,0.91,26
Emami Ltd,Dec 2023,Other,Bull,6.28,-9.75,21.0,5.43,15.75,2.75,26.2,28.1,32.0,0.35,1.65,104.67,4.82,1.82,1.05,15880.0,5.92,8.7,0.84,25
Emami Ltd,Dec 2024,Other,Bear,-19.79,-7.46,21.0,5.43,15.75,2.75,26.2,28.1,32.0,0.35,1.65,167.0,4.82,1.82,1.05,15880.0,6.39,7.94,-0.36,31
Emami Ltd,Dec 2025,Other,Bull,-1.73,4.39,21.0,5.43,15.75,2.75,26.2,28.1,33.0,0.35,1.65,128.0,4.82,1.82,1.05,15880.0,7.32,14.55,0.54,27
Emami Ltd,Jun 2023,Other,Bull,17.81,10.09,21.0,5.43,15.75,2.75,26.2,28.1,23.0,0.35,1.65,95.0,4.82,1.82,1.05,15880.0,3.14,-57.1,0.46,22
Emami Ltd,Jun 2024,Other,Bull,56.71,-4.4,21.0,5.43,15.75,2.75,26.2,28.1,24.0,0.35,1.65,107.0,-9.04,-42.15,1.05,15880.0,3.5,11.46,-0.03,27
Emami Ltd,Jun 2025,Other,Bull,0.64,1.13,21.0,5.43,15.75,2.75,26.2,28.1,23.0,0.35,1.65,106.0,-13.82,-41.22,1.05,15880.0,3.76,7.43,-0.7,30
Emami Ltd,Jun 2026,Other,Bull,2.76,-6.21,21.0,5.43,15.75,2.75,26.2,28.1,22.0,0.35,1.65,37.5,-9.81,-56.43,1.05,15880.0,3.15,-16.22,0.62,29
Emami Ltd,Mar 2024,Other,Bull,-24.37,34.75,21.0,5.43,15.75,2.75,26.2,28.1,24.0,0.35,1.65,69.67,7.87,7.3,1.05,15880.0,3.41,8.25,0.68,25
Emami Ltd,Mar 2025,Other,Bear,-4.08,-8.51,21.0,5.43,15.75,2.75,26.2,28.1,23.0,0.35,1.65,73.0,6.29,7.28,1.05,15880.0,3.72,9.09,0.75,23
Emami Ltd,Mar 2026,Other,Bear,-24.16,-8.7,21.0,5.43,15.75,2.75,26.2,28.1,20.0,0.35,1.65,62.0,2.32,-12.8,1.05,15880.0,3.28,-11.83,0.32,25
Emami Ltd,Sep 2023,Other,Bull,25.48,-1.13,21.0,5.43,15.75,2.75,26.2,28.1,27.0,0.35,1.65,116.5,-16.75,29.5,1.05,15880.0,4.09,24.7,0.62,31
Emami Ltd,Sep 2024,Other,Bull,6.25,-3.78,21.0,5.43,15.75,2.75,26.2,28.1,28.0,0.35,1.65,123.0,0.0,43.54,1.05,15880.0,4.87,19.07,0.34,30
Emami Ltd,Sep 2025,Other,Bear,-4.81,4.52,21.0,5.43,15.75,2.75,26.2,28.1,22.0,0.35,1.65,59.0,-17.03,-8.64,1.05,15880.0,3.4,-30.18,-0.57,30
Emcure Pharmaceuticals Ltd,Dec 2023,Pharma,Bull,15.54,5.91,36.4,7.58,27.3,0.18,20.1,24.0,18.0,0.35,1.65,4.82,8.41,5.51,1.05,37540.0,6.27,8.7,0.2,31
Emcure Pharmaceuticals Ltd,Dec 2024,Pharma,Bear,-3.24,-5.27,36.4,7.58,27.3,0.18,20.1,24.0,18.0,0.35,1.65,11.09,8.41,5.51,1.05,37540.0,8.11,29.35,0.91,25
Emcure Pharmaceuticals Ltd,Dec 2025,Pharma,Bull,4.62,-3.59,36.4,7.58,27.3,0.18,20.1,24.0,21.0,0.35,1.65,12.97,8.41,5.51,1.05,37540.0,12.16,49.94,0.64,27
Emcure Pharmaceuticals Ltd,Jun 2023,Pharma,Bull,13.52,5.54,36.4,7.58,27.3,0.18,20.1,24.0,19.0,0.35,1.65,5.69,8.41,5.51,1.05,37540.0,7.21,-40.71,-0.49,25
Emcure Pharmaceuticals Ltd,Jun 2024,Pharma,Bull,23.48,13.0,36.4,7.58,27.3,0.18,20.1,24.0,19.0,0.35,1.65,5.69,8.81,27.5,1.05,37540.0,7.95,10.26,0.62,24
Emcure Pharmaceuticals Ltd,Jun 2025,Pharma,Bull,20.24,-7.2,36.4,7.58,27.3,0.18,20.1,24.0,20.0,0.35,1.65,15.44,7.03,37.82,1.05,37540.0,10.92,37.36,0.71,32
Emcure Pharmaceuticals Ltd,Jun 2026,Pharma,Bull,15.46,-0.24,36.4,7.58,27.3,0.18,20.1,24.0,21.0,0.35,1.65,16.62,9.18,26.41,1.05,37540.0,15.5,41.94,0.93,26
Emcure Pharmaceuticals Ltd,Mar 2024,Pharma,Bull,3.55,0.29,36.4,7.58,27.3,0.18,20.1,24.0,18.0,0.35,1.65,4.78,13.82,-14.18,1.05,37540.0,6.36,-58.97,0.54,33
Emcure Pharmaceuticals Ltd,Mar 2025,Pharma,Bear,-26.56,27.77,36.4,7.58,27.3,0.18,20.1,24.0,19.0,0.35,1.65,10.31,16.58,28.76,1.05,37540.0,9.97,56.76,0.92,29
Emcure Pharmaceuticals Ltd,Mar 2026,Pharma,Bear,13.82,1.84,36.4,7.58,27.3,0.18,20.1,24.0,19.0,0.35,1.65,10.43,17.56,13.49,1.05,37540.0,12.84,28.79,0.9,29
Emcure Pharmaceuticals Ltd,Sep 2023,Pharma,Bull,-14.39,-13.96,36.4,7.58,27.3,0.18,20.1,24.0,20.0,0.35,1.65,5.58,-35.54,-50.0,1.05,37540.0,7.69,-40.11,0.13,23
Emcure Pharmaceuticals Ltd,Sep 2024,Pharma,Bull,8.11,4.19,36.4,7.58,27.3,0.18,20.1,24.0,19.0,0.35,1.65,8.28,13.04,66.94,1.05,37540.0,10.29,33.81,0.81,30
Emcure Pharmaceuticals Ltd,Sep 2025,Pharma,Bear,0.07,0.09,36.4,7.58,27.3,0.18,20.1,24.0,21.0,0.35,1.65,14.39,7.28,27.41,1.05,37540.0,12.84,24.78,0.36,30
Emmvee Photovoltaic Power Ltd,Dec 2024,Manufacturing,Bear,0.31,2.5,18.8,6.48,14.1,0.0,51.1,44.8,38.0,0.35,1.65,5.46,4.53,4.31,1.05,23955.0,91.92,8.7,0.48,23
Emmvee Photovoltaic Power Ltd,Dec 2025,Manufacturing,Bull,-12.33,-1.82,18.8,6.48,14.1,0.0,51.1,44.8,36.0,0.35,1.65,12.52,4.53,4.31,1.05,23955.0,3.81,-95.86,0.6,26
Emmvee Photovoltaic Power Ltd,Jun 2025,Manufacturing,Bull,10.19,7.59,18.8,6.48,14.1,0.0,51.1,44.8,34.0,0.35,1.65,6.6,4.53,4.31,1.05,23955.0,3.16,-17.06,0.13,28
Emmvee Photovoltaic Power Ltd,Jun 2026,Manufacturing,Bull,56.59,1.04,18.8,6.48,14.1,0.0,51.1,44.8,35.0,0.35,1.65,49.82,4.53,4.31,1.05,23955.0,5.49,73.73,0.92,28
Emmvee Photovoltaic Power Ltd,Mar 2025,Manufacturing,Bear,37.47,27.67,18.8,6.48,14.1,0.0,51.1,44.8,34.0,0.35,1.65,7.85,103.03,109.09,1.05,23955.0,38.39,150.0,0.82,30
Emmvee Photovoltaic Power Ltd,Mar 2026,Manufacturing,Bear,15.1,33.16,18.8,6.48,14.1,0.0,51.1,44.8,33.0,0.35,1.65,43.92,50.95,48.48,1.05,23955.0,5.67,-85.23,0.86,30
Emmvee Photovoltaic Power Ltd,Sep 2024,Manufacturing,Bull,-10.96,-16.08,18.8,6.48,14.1,0.0,51.1,44.8,23.0,0.35,1.65,5.47,-55.39,-81.38,1.05,23955.0,32.54,150.0,0.77,32
Emmvee Photovoltaic Power Ltd,Sep 2025,Manufacturing,Bear,-16.34,-13.74,18.8,6.48,14.1,0.0,51.1,44.8,35.0,0.35,1.65,7.25,-27.31,-37.37,1.05,23955.0,4.01,-87.68,-0.76,23
Endurance Technologies Ltd,Dec 2023,Manufacturing,Bull,22.64,-6.95,38.5,5.54,28.88,0.43,14.9,17.8,12.0,0.35,1.65,27.18,4.53,4.31,1.05,37875.0,10.83,8.7,0.89,27
Endurance Technologies Ltd,Dec 2024,Manufacturing,Bear,-10.27,0.71,38.5,5.54,28.88,0.43,14.9,17.8,13.0,0.35,1.65,31.08,4.53,4.31,1.05,37875.0,13.11,21.05,0.62,24
Endurance Technologies Ltd,Dec 2025,Manufacturing,Bull,-7.92,5.41,38.5,5.54,28.88,0.43,14.9,17.8,13.0,0.35,1.65,31.8,4.53,4.31,1.05,37875.0,15.76,20.21,0.91,28
Endurance Technologies Ltd,Jun 2023,Manufacturing,Bull,26.6,-2.28,38.5,5.54,28.88,0.43,14.9,17.8,13.0,0.35,1.65,35.67,4.53,4.31,1.05,37875.0,11.62,-26.27,0.53,30
Endurance Technologies Ltd,Jun 2024,Manufacturing,Bull,46.64,-2.22,38.5,5.54,28.88,0.43,14.9,17.8,13.0,0.35,1.65,34.0,10.35,34.21,1.05,37875.0,14.49,24.7,0.92,23
Endurance Technologies Ltd,Jun 2025,Manufacturing,Bull,43.64,2.82,38.5,5.54,28.88,0.43,14.9,17.8,13.0,0.35,1.65,31.71,16.09,22.83,1.05,37875.0,16.09,11.04,0.79,30
Endurance Technologies Ltd,Jun 2026,Manufacturing,Bull,18.72,-1.65,38.5,5.54,28.88,0.43,14.9,17.8,12.0,0.35,1.65,31.53,19.6,10.36,1.05,37875.0,17.38,8.02,0.77,29
Endurance Technologies Ltd,Mar 2024,Manufacturing,Bull,-5.32,31.37,38.5,5.54,28.88,0.43,14.9,17.8,14.0,0.35,1.65,29.92,9.59,28.05,1.05,37875.0,14.94,-14.04,0.88,23
Endurance Technologies Ltd,Mar 2025,Manufacturing,Bear,-13.02,10.63,38.5,5.54,28.88,0.43,14.9,17.8,14.0,0.35,1.65,35.17,4.85,20.1,1.05,37875.0,17.43,16.67,0.88,32
Endurance Technologies Ltd,Mar 2026,Manufacturing,Bear,-12.95,-1.8,38.5,5.54,28.88,0.43,14.9,17.8,14.0,0.35,1.65,37.87,23.11,22.12,1.05,37875.0,19.65,12.74,0.92,26
Endurance Technologies Ltd,Sep 2023,Manufacturing,Bull,-0.14,9.33,38.5,5.54,28.88,0.43,14.9,17.8,13.0,0.35,1.65,31.8,-41.02,-36.73,1.05,37875.0,10.99,-44.07,-0.49,28
Endurance Technologies Ltd,Sep 2024,Manufacturing,Bull,-10.96,-3.36,38.5,5.54,28.88,0.43,14.9,17.8,13.0,0.35,1.65,31.83,8.49,-3.33,1.05,37875.0,14.43,31.3,0.92,24
Endurance Technologies Ltd,Sep 2025,Manufacturing,Bear,-4.45,-2.45,38.5,5.54,28.88,0.43,14.9,17.8,13.0,0.35,1.65,34.07,20.92,-7.35,1.05,37875.0,16.16,11.99,0.69,33
Engineers India Ltd,Dec 2023,Manufacturing,Bull,17.88,-0.79,19.3,4.8,14.48,1.86,23.4,30.4,6.0,0.35,1.65,50.0,4.53,4.31,1.05,15116.0,1.13,8.7,0.68,30
Engineers India Ltd,Dec 2024,Manufacturing,Bear,-13.09,-12.55,19.3,4.8,14.48,1.86,23.4,30.4,13.0,0.35,1.65,98.0,4.53,4.31,1.05,15116.0,1.93,70.8,0.91,21
Engineers India Ltd,Dec 2025,Manufacturing,Bull,0.3,1.69,19.3,4.8,14.48,1.86,23.4,30.4,29.0,0.35,1.65,268.88,4.53,4.31,1.05,15116.0,6.18,150.0,0.62,25
Engineers India Ltd,Jun 2023,Manufacturing,Bull,52.45,0.45,19.3,4.8,14.48,1.86,23.4,30.4,9.0,0.35,1.65,71.0,4.53,4.31,1.05,15116.0,2.47,-60.03,-0.53,24
Engineers India Ltd,Jun 2024,Manufacturing,Bull,19.02,4.12,19.3,4.8,14.48,1.86,23.4,30.4,8.0,0.35,1.65,51.0,-28.11,46.03,1.05,15116.0,1.63,-34.01,0.88,30
Engineers India Ltd,Jun 2025,Manufacturing,Bull,48.31,10.24,19.3,4.8,14.48,1.86,23.4,30.4,8.0,0.35,1.65,72.0,13.73,-40.37,1.05,15116.0,1.16,-28.83,-0.13,29
Engineers India Ltd,Jun 2026,Manufacturing,Bull,19.72,5.64,19.3,4.8,14.48,1.86,23.4,30.4,15.0,0.35,1.65,126.0,-32.23,-54.47,1.05,15116.0,2.81,142.24,0.82,27
Engineers India Ltd,Mar 2024,Manufacturing,Bull,12.1,7.29,19.3,4.8,14.48,1.86,23.4,30.4,10.0,0.35,1.65,77.0,-1.59,-16.55,1.05,15116.0,2.06,-26.69,0.57,29
Engineers India Ltd,Mar 2025,Manufacturing,Bear,-11.8,18.38,19.3,4.8,14.48,1.86,23.4,30.4,30.0,0.35,1.65,10.08,61.86,204.35,1.05,15116.0,4.98,141.75,0.36,26
Engineers India Ltd,Mar 2026,Manufacturing,Bear,-9.48,-4.89,19.3,4.8,14.48,1.86,23.4,30.4,16.0,0.35,1.65,10.08,6.44,201.54,1.05,15116.0,3.48,-30.12,0.57,26
Engineers India Ltd,Sep 2023,Manufacturing,Bull,29.35,14.27,19.3,4.8,14.48,1.86,23.4,30.4,12.0,0.35,1.65,10.08,-3.66,-19.62,1.05,15116.0,2.27,-34.77,0.82,27
Engineers India Ltd,Sep 2024,Manufacturing,Bull,-17.0,12.53,19.3,4.8,14.48,1.86,23.4,30.4,9.0,0.35,1.65,62.0,-14.41,-13.79,1.05,15116.0,1.77,-22.03,-0.27,21
Engineers India Ltd,Sep 2025,Manufacturing,Bear,-18.24,-4.97,19.3,4.8,14.48,1.86,23.4,30.4,13.0,0.35,1.65,120.0,-8.81,-70.36,1.05,15116.0,1.49,-15.82,-0.7,28
ERIS Lifesciences Ltd,Dec 2023,Pharma,Bull,0.19,-11.03,28.6,4.81,21.45,0.53,18.7,14.1,36.0,0.35,1.65,9.78,8.41,5.51,1.05,18785.0,7.55,8.7,0.67,22
ERIS Lifesciences Ltd,Dec 2024,Pharma,Bear,3.73,-1.34,28.6,4.81,21.45,0.53,18.7,14.1,34.0,0.35,1.65,4.39,8.41,5.51,1.05,18785.0,6.15,-18.54,-0.68,29
ERIS Lifesciences Ltd,Dec 2025,Pharma,Bull,-7.34,0.89,28.6,4.81,21.45,0.53,18.7,14.1,35.0,0.35,1.65,5.76,8.41,5.51,1.05,18785.0,7.32,19.02,0.84,31
ERIS Lifesciences Ltd,Jun 2023,Pharma,Bull,20.56,0.75,28.6,4.81,21.45,0.53,18.7,14.1,36.0,0.35,1.65,10.0,8.41,5.51,1.05,18785.0,6.98,-4.64,0.44,29
ERIS Lifesciences Ltd,Jun 2024,Pharma,Bull,20.4,15.11,28.6,4.81,21.45,0.53,18.7,14.1,35.0,0.35,1.65,4.17,48.15,-10.89,1.05,18785.0,6.12,-12.32,-0.2,27
ERIS Lifesciences Ltd,Jun 2025,Pharma,Bull,21.14,-3.26,28.6,4.81,21.45,0.53,18.7,14.1,36.0,0.35,1.65,5.65,6.33,43.68,1.05,18785.0,8.66,41.5,0.88,26
ERIS Lifesciences Ltd,Jun 2026,Pharma,Bull,10.0,-2.53,28.6,4.81,21.45,0.53,18.7,14.1,34.0,0.35,1.65,6.3,8.18,31.19,1.05,18785.0,10.28,18.71,0.9,27
ERIS Lifesciences Ltd,Mar 2024,Pharma,Bull,-6.89,13.6,28.6,4.81,21.45,0.53,18.7,14.1,27.0,0.35,1.65,4.48,17.99,-14.89,1.05,18785.0,5.22,-49.22,0.32,28
ERIS Lifesciences Ltd,Mar 2025,Pharma,Bear,7.07,21.09,28.6,4.81,21.45,0.53,18.7,14.1,36.0,0.35,1.65,4.67,-2.08,13.33,1.05,18785.0,6.89,31.99,0.62,25
ERIS Lifesciences Ltd,Mar 2026,Pharma,Bear,-13.6,3.01,28.6,4.81,21.45,0.53,18.7,14.1,36.0,0.35,1.65,5.91,-2.07,123.2,1.05,18785.0,20.33,150.0,0.88,22
ERIS Lifesciences Ltd,Sep 2023,Pharma,Bull,26.94,-2.61,28.6,4.81,21.45,0.53,18.7,14.1,36.0,0.35,1.65,11.31,-42.15,-14.69,1.05,18785.0,9.07,-55.39,-0.57,29
ERIS Lifesciences Ltd,Sep 2024,Pharma,Bull,26.91,8.25,28.6,4.81,21.45,0.53,18.7,14.1,36.0,0.35,1.65,4.49,34.48,20.0,1.05,18785.0,6.73,-25.8,-0.18,23
ERIS Lifesciences Ltd,Sep 2025,Pharma,Bear,-5.41,1.27,28.6,4.81,21.45,0.53,18.7,14.1,36.0,0.35,1.65,5.76,12.34,31.37,1.05,18785.0,8.82,31.05,0.25,29
Escorts Kubota Ltd,Dec 2023,Manufacturing,Bull,-4.53,-6.51,22.8,2.62,17.1,1.14,18.7,13.9,12.0,0.35,1.65,29.55,4.53,4.31,1.05,32441.0,27.01,8.7,0.73,28
Escorts Kubota Ltd,Dec 2024,Manufacturing,Bear,-20.83,-6.96,22.8,2.62,17.1,1.14,18.7,13.9,11.0,0.35,1.65,83.0,4.53,4.31,1.05,32441.0,28.66,6.11,0.66,25
Escorts Kubota Ltd,Dec 2025,Manufacturing,Bull,2.26,-0.35,22.8,2.62,17.1,1.14,18.7,13.9,13.0,0.35,1.65,72.5,4.53,4.31,1.05,32441.0,32.03,11.76,0.78,24
Escorts Kubota Ltd,Jun 2023,Manufacturing,Bull,20.47,15.41,22.8,2.62,17.1,1.14,18.7,13.9,14.0,0.35,1.65,110.33,4.53,4.31,1.05,32441.0,26.24,-18.08,-0.4,22
Escorts Kubota Ltd,Jun 2024,Manufacturing,Bull,45.06,2.16,22.8,2.62,17.1,1.14,18.7,13.9,12.0,0.35,1.65,28.64,-5.65,1.0,1.05,32441.0,27.3,4.04,0.48,22
Escorts Kubota Ltd,Jun 2025,Manufacturing,Bull,3.6,1.8,22.8,2.62,17.1,1.14,18.7,13.9,13.0,0.35,1.65,80.25,-15.2,335.2,1.05,32441.0,124.88,150.0,0.77,30
Escorts Kubota Ltd,Jun 2026,Manufacturing,Bull,3.84,-3.77,22.8,2.62,17.1,1.14,18.7,13.9,11.0,0.35,1.65,70.8,-2.2,7.82,1.05,32441.0,34.5,-72.37,0.2,31
Escorts Kubota Ltd,Mar 2024,Manufacturing,Bull,-6.37,17.6,22.8,2.62,17.1,1.14,18.7,13.9,12.0,0.35,1.65,23.75,-2.29,-6.9,1.05,32441.0,24.43,-29.19,-0.62,27
Escorts Kubota Ltd,Mar 2025,Manufacturing,Bear,-1.17,-11.66,22.8,2.62,17.1,1.14,18.7,13.9,12.0,0.35,1.65,57.4,-5.01,5.3,1.05,32441.0,28.46,16.5,0.75,27
Escorts Kubota Ltd,Mar 2026,Manufacturing,Bear,-27.91,-7.96,22.8,2.62,17.1,1.14,18.7,13.9,13.0,0.35,1.65,63.5,18.72,-77.02,1.05,32441.0,28.65,0.67,0.32,31
Escorts Kubota Ltd,Sep 2023,Manufacturing,Bull,42.08,-0.28,22.8,2.62,17.1,1.14,18.7,13.9,11.0,0.35,1.65,29.33,-22.76,-45.34,1.05,32441.0,19.05,-33.51,-0.62,23
Escorts Kubota Ltd,Sep 2024,Manufacturing,Bull,3.52,-0.04,22.8,2.62,17.1,1.14,18.7,13.9,10.0,0.35,1.65,23.0,-1.04,20.0,1.05,32441.0,28.98,52.13,0.86,27
Escorts Kubota Ltd,Sep 2025,Manufacturing,Bear,4.38,2.64,22.8,2.62,17.1,1.14,18.7,13.9,13.0,0.35,1.65,72.0,14.19,0.0,1.05,32441.0,28.44,-1.86,0.89,29
Exide Industries Ltd,Dec 2023,Manufacturing,Bull,22.25,-1.49,37.4,2.52,28.05,0.48,5.97,8.54,11.0,0.35,1.65,13.5,4.53,4.31,1.05,35075.0,2.36,8.7,0.84,25
Exide Industries Ltd,Dec 2024,Manufacturing,Bear,-18.57,-8.69,37.4,2.52,28.05,0.48,5.97,8.54,11.0,0.35,1.65,7.87,4.53,4.31,1.05,35075.0,1.84,-22.03,0.57,23
Exide Industries Ltd,Dec 2025,Manufacturing,Bull,-8.32,-7.64,37.4,2.52,28.05,0.48,5.97,8.54,11.0,0.35,1.65,18.08,4.53,4.31,1.05,35075.0,2.28,23.91,0.88,23
Exide Industries Ltd,Jun 2023,Manufacturing,Bull,31.28,0.58,37.4,2.52,28.05,0.48,5.97,8.54,10.0,0.35,1.65,18.25,4.53,4.31,1.05,35075.0,2.62,14.91,0.84,32
Exide Industries Ltd,Jun 2024,Manufacturing,Bull,81.77,-2.08,37.4,2.52,28.05,0.48,5.97,8.54,11.0,0.35,1.65,15.77,11.46,8.87,1.05,35075.0,2.59,-1.15,0.44,27
Exide Industries Ltd,Jun 2025,Manufacturing,Bull,6.29,11.23,37.4,2.52,28.05,0.48,5.97,8.54,11.0,0.35,1.65,16.81,16.88,74.05,1.05,35075.0,3.21,23.94,0.92,23
Exide Industries Ltd,Jun 2026,Manufacturing,Bull,29.26,-6.54,37.4,2.52,28.05,0.48,5.97,8.54,11.0,0.35,1.65,31.05,31.59,80.0,1.05,35075.0,4.12,28.35,0.36,28
Exide Industries Ltd,Mar 2024,Manufacturing,Bull,-5.42,17.09,37.4,2.52,28.05,0.48,5.97,8.54,11.0,0.35,1.65,14.45,-1.7,-16.96,1.05,35075.0,2.17,-47.33,0.6,26
Exide Industries Ltd,Mar 2025,Manufacturing,Bear,-14.45,0.26,37.4,2.52,28.05,0.48,5.97,8.54,10.0,0.35,1.65,12.23,-2.28,-14.93,1.05,35075.0,2.2,1.38,-0.76,31
Exide Industries Ltd,Mar 2026,Manufacturing,Bear,-20.74,12.29,37.4,2.52,28.05,0.48,5.97,8.54,10.0,0.35,1.65,18.07,0.85,-21.09,1.05,35075.0,2.53,15.0,-0.49,25
Exide Industries Ltd,Sep 2023,Manufacturing,Bull,9.55,8.54,37.4,2.52,28.05,0.48,5.97,8.54,11.0,0.35,1.65,16.63,-20.91,-23.08,1.05,35075.0,3.17,25.3,0.64,32
Exide Industries Ltd,Sep 2024,Manufacturing,Bull,-11.41,9.81,37.4,2.52,28.05,0.48,5.97,8.54,11.0,0.35,1.65,13.88,6.64,25.27,1.05,35075.0,2.72,-14.2,0.78,33
Exide Industries Ltd,Sep 2025,Manufacturing,Bear,1.8,-2.68,37.4,2.52,28.05,0.48,5.97,8.54,9.0,0.35,1.65,9.78,0.69,-7.45,1.05,35075.0,2.02,-25.74,-0.62,32
Fertilizers & Chemicals Travancore Ltd,Dec 2022,Chemicals,Bull,242.99,9.9,631.92,36.79,473.94,0.03,1.61,8.65,12.0,0.35,1.65,3.21,4.4,0.0,1.05,50446.0,2.56,8.7,0.51,25
Fertilizers & Chemicals Travancore Ltd,Dec 2023,Chemicals,Bull,51.41,-15.62,631.92,36.79,473.94,0.03,1.61,8.65,3.9,0.35,1.65,0.69,4.4,0.0,1.05,50446.0,0.47,-81.64,-0.18,24
Fertilizers & Chemicals Travancore Ltd,Dec 2024,Chemicals,Bear,0.81,-16.19,631.92,36.79,473.94,0.03,1.61,8.65,3.3,0.35,1.65,0.52,4.4,0.0,1.05,50446.0,0.12,-74.47,-0.62,25
Fertilizers & Chemicals Travancore Ltd,Dec 2025,Chemicals,Bull,2.93,-20.32,631.92,36.79,473.94,0.03,1.61,8.65,-2.7,0.35,1.65,-0.69,4.4,0.0,1.05,50446.0,-1.05,-100.0,-0.13,33
Fertilizers & Chemicals Travancore Ltd,Jun 2023,Chemicals,Bull,101.44,13.41,631.92,36.79,473.94,0.03,1.61,8.65,12.0,0.35,1.65,2.33,-28.4,-56.63,1.05,50446.0,1.11,150.0,0.91,27
Fertilizers & Chemicals Travancore Ltd,Jun 2024,Chemicals,Bull,48.11,7.45,631.92,36.79,473.94,0.03,1.61,8.65,-9.0,0.35,1.65,-0.92,-45.31,-263.33,1.05,50446.0,-0.75,-100.0,-0.62,25
Fertilizers & Chemicals Travancore Ltd,Jun 2025,Chemicals,Bull,51.05,1.77,631.92,36.79,473.94,0.03,1.61,8.65,2.3,0.35,1.65,0.39,9.91,-50.0,1.05,50446.0,0.07,109.33,0.88,29
Fertilizers & Chemicals Travancore Ltd,Mar 2023,Chemicals,Bear,-42.09,22.38,631.92,36.79,473.94,0.03,1.61,8.65,15.0,0.35,1.65,3.02,-20.34,-342.65,1.05,50446.0,2.56,150.0,0.79,31
Fertilizers & Chemicals Travancore Ltd,Mar 2024,Chemicals,Bull,-23.56,12.29,631.92,36.79,473.94,0.03,1.61,8.65,3.5,0.35,1.65,0.61,-13.87,-184.72,1.05,50446.0,-0.95,-100.0,-0.13,33
Fertilizers & Chemicals Travancore Ltd,Mar 2025,Chemicals,Bear,-35.39,16.57,631.92,36.79,473.94,0.03,1.61,8.65,8.0,0.35,1.65,1.42,75.5,-244.9,1.05,50446.0,1.09,150.0,0.86,32
Fertilizers & Chemicals Travancore Ltd,Sep 2023,Chemicals,Bull,14.79,9.19,631.92,36.79,473.94,0.03,1.61,8.65,8.0,0.35,1.65,2.16,59.44,724.9,1.05,50446.0,1.63,49.54,0.77,33
Fertilizers & Chemicals Travancore Ltd,Sep 2024,Chemicals,Bull,-5.56,21.93,631.92,36.79,473.94,0.03,1.61,8.65,2.4,0.35,1.65,0.57,16.01,-93.33,1.05,50446.0,0.17,-89.57,-0.05,32
Fertilizers & Chemicals Travancore Ltd,Sep 2025,Chemicals,Bear,-7.75,-5.72,631.92,36.79,473.94,0.03,1.61,8.65,2.4,0.35,1.65,0.63,53.39,-134.43,1.05,50446.0,0.32,88.24,0.62,31
Federal Bank Ltd,Dec 2023,Banking,Bull,3.62,-0.96,18.2,2.12,13.65,0.35,11.6,6.39,44.0,0.45,1.65,14.93,8.74,9.96,1.05,85174.0,4.26,8.7,0.1,32
Federal Bank Ltd,Dec 2024,Banking,Bear,1.47,-3.93,18.2,2.12,13.65,0.35,11.6,6.39,44.0,0.45,1.65,14.93,8.74,9.96,1.05,85174.0,3.85,-9.62,0.62,35
Federal Bank Ltd,Dec 2025,Banking,Bull,37.85,-2.31,18.2,2.12,13.65,0.35,11.6,6.39,44.0,0.45,1.65,14.93,8.74,9.96,1.05,85174.0,4.44,15.32,0.81,35
Federal Bank Ltd,Jun 2023,Banking,Bull,-5.26,11.57,18.2,2.12,13.65,0.35,11.6,6.39,44.0,0.45,1.65,14.93,8.74,9.96,1.05,85174.0,4.16,-6.31,0.88,31
Federal Bank Ltd,Jun 2024,Banking,Bull,16.34,-7.88,18.2,2.12,13.65,0.35,11.6,6.39,44.0,0.45,1.65,14.93,8.74,-1.87,1.05,85174.0,4.2,0.96,0.88,26
Federal Bank Ltd,Jun 2025,Banking,Bull,10.75,-0.13,18.2,2.12,13.65,0.35,11.6,6.39,44.0,0.45,1.65,14.93,8.74,0.0,1.05,85174.0,3.74,-10.95,-0.49,30
Federal Bank Ltd,Jun 2026,Banking,Bull,23.34,-2.78,18.2,2.12,13.65,0.35,11.6,6.39,44.0,0.45,1.65,14.93,8.74,15.73,1.05,85174.0,5.09,36.1,0.9,31
Federal Bank Ltd,Mar 2024,Banking,Bull,-4.06,7.16,18.2,2.12,13.65,0.35,11.6,6.39,44.0,0.45,1.65,14.93,8.74,11.41,1.05,85174.0,3.99,-21.61,-0.46,35
Federal Bank Ltd,Mar 2025,Banking,Bear,-3.88,3.25,18.2,2.12,13.65,0.35,11.6,6.39,44.0,0.45,1.65,14.93,8.74,6.97,1.05,85174.0,4.44,11.28,0.2,28
Federal Bank Ltd,Mar 2026,Banking,Bear,-2.57,12.23,18.2,2.12,13.65,0.35,11.6,6.39,44.0,0.45,1.65,14.93,8.74,46.37,1.05,85174.0,5.44,22.52,0.88,34
Federal Bank Ltd,Sep 2023,Banking,Bull,16.27,4.6,18.2,2.12,13.65,0.35,11.6,6.39,44.0,0.45,1.65,14.93,8.74,-22.66,1.05,85174.0,4.23,-22.24,-0.18,33
Federal Bank Ltd,Sep 2024,Banking,Bull,11.34,6.44,18.2,2.12,13.65,0.35,11.6,6.39,44.0,0.45,1.65,14.93,8.74,11.95,1.05,85174.0,4.47,5.67,0.88,32
Federal Bank Ltd,Sep 2025,Banking,Bear,-11.26,10.96,18.2,2.12,13.65,0.35,11.6,6.39,44.0,0.45,1.65,14.93,8.74,-8.66,1.05,85174.0,4.03,-9.84,0.54,35
Finolex Cables Ltd,Dec 2023,Manufacturing,Bull,-2.84,20.28,27.2,3.58,20.4,0.63,12.3,16.0,11.0,0.35,1.65,10.08,4.53,4.31,1.05,21779.0,9.87,8.7,0.27,29
Finolex Cables Ltd,Dec 2024,Manufacturing,Bear,-16.77,-12.45,27.2,3.58,20.4,0.63,12.3,16.0,12.0,0.35,1.65,10.08,4.53,4.31,1.05,21779.0,9.63,-2.43,0.1,30
Finolex Cables Ltd,Dec 2025,Manufacturing,Bull,-8.65,-13.93,27.2,3.58,20.4,0.63,12.3,16.0,10.0,0.35,1.65,10.08,4.53,4.31,1.05,21779.0,10.73,11.42,0.51,24
Finolex Cables Ltd,Jun 2023,Manufacturing,Bull,5.15,7.49,27.2,3.58,20.4,0.63,12.3,16.0,12.0,0.35,1.65,10.08,4.53,4.31,1.05,21779.0,10.49,-2.24,0.8,27
Finolex Cables Ltd,Jun 2024,Manufacturing,Bull,59.61,-2.87,27.2,3.58,20.4,0.63,12.3,16.0,10.0,0.35,1.65,10.08,0.65,61.59,1.05,21779.0,15.95,52.05,0.88,30
Finolex Cables Ltd,Jun 2025,Manufacturing,Bull,10.5,3.34,27.2,3.58,20.4,0.63,12.3,16.0,10.0,0.35,1.65,10.08,18.1,10.88,1.05,21779.0,10.63,-33.35,-0.57,21
Finolex Cables Ltd,Jun 2026,Manufacturing,Bull,46.4,-1.74,27.2,3.58,20.4,0.63,12.3,16.0,12.0,0.35,1.65,10.08,25.89,51.83,1.05,21779.0,16.28,53.15,0.57,24
Finolex Cables Ltd,Mar 2024,Manufacturing,Bull,-4.81,52.38,27.2,3.58,20.4,0.63,12.3,16.0,12.0,0.35,1.65,162.0,16.36,16.25,1.05,21779.0,12.17,-25.25,0.03,30
Finolex Cables Ltd,Mar 2025,Manufacturing,Bear,-21.81,2.96,27.2,3.58,20.4,0.63,12.3,16.0,11.0,0.35,1.65,10.08,29.67,-21.31,1.05,21779.0,12.54,3.04,0.15,29
Finolex Cables Ltd,Mar 2026,Manufacturing,Bear,-1.25,-1.44,27.2,3.58,20.4,0.63,12.3,16.0,9.0,0.35,1.65,10.08,39.76,37.42,1.05,21779.0,14.67,16.99,0.9,24
Finolex Cables Ltd,Sep 2023,Manufacturing,Bull,31.91,24.07,27.2,3.58,20.4,0.63,12.3,16.0,12.0,0.35,1.65,10.08,-41.03,-38.15,1.05,21779.0,10.08,-31.29,-0.08,26
Finolex Cables Ltd,Sep 2024,Manufacturing,Bull,-13.57,13.37,27.2,3.58,20.4,0.63,12.3,16.0,8.0,0.35,1.65,10.08,-6.35,-36.56,1.05,21779.0,7.71,-23.51,-0.13,31
Finolex Cables Ltd,Sep 2025,Manufacturing,Bear,-15.96,-4.4,27.2,3.58,20.4,0.63,12.3,16.0,11.0,0.35,1.65,10.08,-13.73,-15.1,1.05,21779.0,10.63,37.87,0.91,26
Brainbees Solutions Ltd,Dec 2023,Other,Bull,11.97,3.15,35.9,1.83,26.92,0.0,-2.37,0.57,3.1,0.35,1.65,1.44,4.82,1.82,1.05,8814.0,0.0,8.7,0.03,28
Brainbees Solutions Ltd,Dec 2024,Other,Bear,0.91,-3.34,35.9,1.83,26.92,0.0,-2.37,0.57,5.0,0.35,1.65,2.57,4.82,1.82,1.05,8814.0,-0.15,-8.7,0.78,21
Brainbees Solutions Ltd,Dec 2025,Other,Bull,-22.5,-4.58,35.9,1.83,26.92,0.0,-2.37,0.57,4.0,0.35,1.65,2.49,4.82,1.82,1.05,8814.0,-0.55,-100.0,0.54,22
Brainbees Solutions Ltd,Jun 2023,Other,Bull,10.44,1.22,35.9,1.83,26.92,0.0,-2.37,0.57,-1.1,0.35,1.65,-0.44,4.82,1.82,1.05,8814.0,0.0,8.7,0.76,21
Brainbees Solutions Ltd,Jun 2024,Other,Bull,13.08,-2.11,35.9,1.83,26.92,0.0,-2.37,0.57,3.0,0.35,1.65,1.29,-13.05,58.33,1.05,8814.0,0.0,8.7,0.87,21
Brainbees Solutions Ltd,Jun 2025,Other,Bull,5.13,5.85,35.9,1.83,26.92,0.0,-2.37,0.57,1.8,0.35,1.65,0.82,-14.23,346.67,1.05,8814.0,-0.89,-8.7,0.84,29
Brainbees Solutions Ltd,Jun 2026,Other,Bull,1.19,-11.0,35.9,1.83,26.92,0.0,-2.37,0.57,2.8,0.35,1.65,1.62,-13.12,12.82,1.05,8814.0,-0.6,32.58,0.93,29
Brainbees Solutions Ltd,Mar 2024,Other,Bull,-6.8,-5.82,35.9,1.83,26.92,0.0,-2.37,0.57,2.0,0.35,1.65,7.03,18.48,-60.91,1.05,8814.0,0.0,8.7,-0.4,20
Brainbees Solutions Ltd,Mar 2025,Other,Bear,-43.42,8.17,35.9,1.83,26.92,0.0,-2.37,0.57,0.8,0.35,1.65,0.42,16.83,47.37,1.05,8814.0,-1.47,-8.7,0.92,21
Brainbees Solutions Ltd,Mar 2026,Other,Bear,-27.42,-3.33,35.9,1.83,26.92,0.0,-2.37,0.57,3.2,0.35,1.65,1.94,16.1,-28.36,1.05,8814.0,-0.58,60.54,0.93,27
Brainbees Solutions Ltd,Sep 2023,Other,Bull,15.42,25.05,35.9,1.83,26.92,0.0,-2.37,0.57,-0.4,0.35,1.65,-0.15,-28.44,170.45,1.05,8814.0,0.0,8.7,0.94,28
Brainbees Solutions Ltd,Sep 2024,Other,Bull,-5.17,7.92,35.9,1.83,26.92,0.0,-2.37,0.57,3.0,0.35,1.65,1.39,14.28,46.51,1.05,8814.0,-0.97,-8.7,0.95,27
Brainbees Solutions Ltd,Sep 2025,Other,Bear,-3.65,-14.26,35.9,1.83,26.92,0.0,-2.37,0.57,3.0,0.35,1.65,1.55,8.76,-54.46,1.05,8814.0,-0.67,30.93,0.8,25
Gujarat Fluorochemicals Ltd,Dec 2023,Chemicals,Bull,25.85,6.19,84.9,6.67,63.68,0.06,7.82,9.64,21.0,0.35,1.65,5.57,4.4,0.0,1.05,52434.0,7.28,8.7,0.86,30
Gujarat Fluorochemicals Ltd,Dec 2024,Chemicals,Bear,-3.57,-8.93,84.9,6.67,63.68,0.06,7.82,9.64,26.0,0.35,1.65,7.0,4.4,0.0,1.05,52434.0,11.47,57.55,0.92,33
Gujarat Fluorochemicals Ltd,Dec 2025,Chemicals,Bull,-1.28,3.54,84.9,6.67,63.68,0.06,7.82,9.64,24.0,0.35,1.65,8.33,4.4,0.0,1.05,52434.0,9.29,-19.01,0.03,24
Gujarat Fluorochemicals Ltd,Jun 2023,Chemicals,Bull,-4.75,10.35,84.9,6.67,63.68,0.06,7.82,9.64,29.0,0.35,1.65,12.43,4.4,0.0,1.05,52434.0,18.3,96.99,0.9,29
Gujarat Fluorochemicals Ltd,Jun 2024,Chemicals,Bull,-0.33,28.09,84.9,6.67,63.68,0.06,7.82,9.64,22.0,0.35,1.65,7.08,18.55,35.0,1.05,52434.0,9.83,-46.28,0.7,29
Gujarat Fluorochemicals Ltd,Jun 2025,Chemicals,Bull,-9.68,9.47,84.9,6.67,63.68,0.06,7.82,9.64,27.0,0.35,1.65,11.47,11.59,44.44,1.05,52434.0,16.57,68.57,0.88,27
Gujarat Fluorochemicals Ltd,Jun 2026,Chemicals,Bull,22.54,1.35,84.9,6.67,63.68,0.06,7.82,9.64,27.0,0.35,1.65,16.38,39.79,114.71,1.05,52434.0,20.12,21.42,0.78,24
Gujarat Fluorochemicals Ltd,Mar 2024,Chemicals,Bull,-18.76,1.7,84.9,6.67,63.68,0.06,7.82,9.64,21.0,0.35,1.65,7.0,-6.29,-49.75,1.05,52434.0,9.19,-54.32,-0.44,30
Gujarat Fluorochemicals Ltd,Mar 2025,Chemicals,Bear,-4.69,-3.34,84.9,6.67,63.68,0.06,7.82,9.64,25.0,0.35,1.65,11.77,4.17,76.85,1.05,52434.0,17.39,89.23,0.86,24
Gujarat Fluorochemicals Ltd,Mar 2026,Chemicals,Bear,-17.6,-1.57,84.9,6.67,63.68,0.06,7.82,9.64,22.0,0.35,1.65,7.31,6.87,-45.05,1.05,52434.0,9.38,-46.06,-0.74,26
Gujarat Fluorochemicals Ltd,Sep 2023,Chemicals,Bull,1.95,15.79,84.9,6.67,63.68,0.06,7.82,9.64,17.0,0.35,1.65,4.82,-40.37,-75.8,1.05,52434.0,4.82,-48.61,-0.7,30
Gujarat Fluorochemicals Ltd,Sep 2024,Chemicals,Bull,30.24,8.4,84.9,6.67,63.68,0.06,7.82,9.64,25.0,0.35,1.65,7.02,4.85,19.8,1.05,52434.0,11.02,128.63,0.9,24
Gujarat Fluorochemicals Ltd,Sep 2025,Chemicals,Bear,4.16,-1.84,84.9,6.67,63.68,0.06,7.82,9.64,30.0,0.35,1.65,11.03,-1.22,-6.28,1.05,52434.0,16.29,47.82,0.84,28
Force Motors Ltd,Dec 2023,Manufacturing,Bull,-12.82,-5.69,21.2,5.56,15.9,0.28,26.1,36.0,13.0,0.35,1.65,15.36,4.53,4.31,1.05,23329.0,64.81,8.7,0.59,30
Force Motors Ltd,Dec 2024,Manufacturing,Bear,-14.58,31.51,21.2,5.56,15.9,0.28,26.1,36.0,12.0,0.35,1.65,58.0,4.53,4.31,1.05,23329.0,87.51,35.03,0.84,27
Force Motors Ltd,Dec 2025,Manufacturing,Bull,22.02,8.15,21.2,5.56,15.9,0.28,26.1,36.0,18.0,0.35,1.65,10.08,4.53,4.31,1.05,23329.0,308.21,150.0,0.88,22
Force Motors Ltd,Jun 2023,Manufacturing,Bull,121.58,10.83,21.2,5.56,15.9,0.28,26.1,36.0,12.0,0.35,1.65,9.83,4.53,4.31,1.05,23329.0,52.06,-83.11,-0.56,25
Force Motors Ltd,Jun 2024,Manufacturing,Bull,18.89,-12.81,21.2,5.56,15.9,0.28,26.1,36.0,13.0,0.35,1.65,27.22,11.41,36.47,1.05,23329.0,87.81,68.67,0.62,25
Force Motors Ltd,Jun 2025,Manufacturing,Bull,81.36,-7.6,21.2,5.56,15.9,0.28,26.1,36.0,14.0,0.35,1.65,10.08,21.6,53.04,1.05,23329.0,133.82,52.4,0.89,25
Force Motors Ltd,Jun 2026,Manufacturing,Bull,-10.38,-6.64,21.2,5.56,15.9,0.28,26.1,36.0,13.0,0.35,1.65,10.08,14.61,-46.55,1.05,23329.0,164.36,22.82,0.86,26
Force Motors Ltd,Mar 2024,Manufacturing,Bull,116.09,-0.16,21.2,5.56,15.9,0.28,26.1,36.0,14.0,0.35,1.65,19.93,35.15,102.9,1.05,23329.0,106.45,-35.23,0.81,25
Force Motors Ltd,Mar 2025,Manufacturing,Bear,36.45,20.34,21.2,5.56,15.9,0.28,26.1,36.0,14.0,0.35,1.65,47.0,24.99,275.0,1.05,23329.0,329.92,150.0,0.9,25
Force Motors Ltd,Mar 2026,Manufacturing,Bear,-6.98,-12.1,21.2,5.56,15.9,0.28,26.1,36.0,16.0,0.35,1.65,138.0,11.01,58.52,1.05,23329.0,211.38,-35.93,0.36,23
Force Motors Ltd,Sep 2023,Manufacturing,Bull,40.64,0.0,21.2,5.56,15.9,0.28,26.1,36.0,12.0,0.35,1.65,13.81,-26.15,-56.68,1.05,23329.0,71.24,-66.3,-0.3,28
Force Motors Ltd,Sep 2024,Manufacturing,Bull,-15.88,-1.17,21.2,5.56,15.9,0.28,26.1,36.0,14.0,0.35,1.65,55.4,-3.48,-3.57,1.05,23329.0,102.47,43.84,0.75,32
Force Motors Ltd,Sep 2025,Manufacturing,Bear,14.22,-1.55,21.2,5.56,15.9,0.28,26.1,36.0,17.0,0.35,1.65,10.08,-11.67,-19.31,1.05,23329.0,266.14,150.0,0.62,32
Fortis Healthcare Ltd,Dec 2023,Pharma,Bull,23.38,-2.5,62.8,6.78,47.1,0.11,11.2,13.4,17.0,0.35,1.65,8.61,8.41,5.51,1.05,67025.0,1.78,8.7,-0.64,25
Fortis Healthcare Ltd,Dec 2024,Pharma,Bear,16.89,-10.2,62.8,6.78,47.1,0.11,11.2,13.4,19.0,0.35,1.65,8.33,8.41,5.51,1.05,67025.0,3.28,84.27,0.9,24
Fortis Healthcare Ltd,Dec 2025,Pharma,Bull,-10.68,-2.47,62.8,6.78,47.1,0.11,11.2,13.4,22.0,0.35,1.65,5.88,8.41,5.51,1.05,67025.0,2.57,-21.65,-0.03,28
Fortis Healthcare Ltd,Jun 2023,Pharma,Bull,19.97,4.05,62.8,6.78,47.1,0.11,11.2,13.4,16.0,0.35,1.65,8.77,8.41,5.51,1.05,67025.0,1.48,-42.41,0.1,27
Fortis Healthcare Ltd,Jun 2024,Pharma,Bull,10.82,9.65,62.8,6.78,47.1,0.11,11.2,13.4,18.0,0.35,1.65,9.8,10.65,29.85,1.05,67025.0,2.2,48.65,0.78,33
Fortis Healthcare Ltd,Jun 2025,Pharma,Bull,15.37,3.38,62.8,6.78,47.1,0.11,11.2,13.4,23.0,0.35,1.65,7.01,12.4,5.12,1.05,67025.0,3.45,56.82,0.84,29
Fortis Healthcare Ltd,Jun 2026,Pharma,Bull,20.37,1.98,62.8,6.78,47.1,0.11,11.2,13.4,21.0,0.35,1.65,6.71,12.36,38.58,1.05,67025.0,3.53,2.32,0.62,27
Fortis Healthcare Ltd,Mar 2024,Pharma,Bull,-4.41,13.2,62.8,6.78,47.1,0.11,11.2,13.4,21.0,0.35,1.65,10.89,7.79,63.71,1.05,67025.0,2.37,-32.86,0.81,30
Fortis Healthcare Ltd,Mar 2025,Pharma,Bear,-1.43,7.81,62.8,6.78,47.1,0.11,11.2,13.4,22.0,0.35,1.65,6.4,7.96,8.05,1.05,67025.0,2.44,2.95,0.03,31
Fortis Healthcare Ltd,Mar 2026,Pharma,Bear,-11.72,2.77,62.8,6.78,47.1,0.11,11.2,13.4,23.0,0.35,1.65,6.33,9.14,1.5,1.05,67025.0,3.52,44.26,0.86,34
Fortis Healthcare Ltd,Sep 2023,Pharma,Bull,8.68,9.77,62.8,6.78,47.1,0.11,11.2,13.4,19.0,0.35,1.65,10.31,-30.45,-32.6,1.05,67025.0,2.3,-34.66,0.1,29
Fortis Healthcare Ltd,Sep 2024,Pharma,Bull,30.71,9.78,62.8,6.78,47.1,0.11,11.2,13.4,22.0,0.35,1.65,12.08,11.31,-4.93,1.05,67025.0,2.34,1.74,0.76,25
Fortis Healthcare Ltd,Sep 2025,Pharma,Bear,25.32,-7.87,62.8,6.78,47.1,0.11,11.2,13.4,24.0,0.35,1.65,7.41,16.14,75.0,1.05,67025.0,4.26,82.05,0.77,34
Firstsource Solutions Ltd,Dec 2023,Other,Bull,12.82,-3.55,21.9,4.0,16.42,2.22,17.6,16.8,15.0,0.35,1.65,9.48,4.82,1.82,1.05,17506.0,1.83,8.7,0.85,30
Firstsource Solutions Ltd,Dec 2024,Other,Bear,20.4,-1.45,21.9,4.0,16.42,2.22,17.6,16.8,15.0,0.35,1.65,8.15,4.82,1.82,1.05,17506.0,2.27,24.04,0.68,23
Firstsource Solutions Ltd,Dec 2025,Other,Bull,2.93,-18.17,21.9,4.0,16.42,2.22,17.6,16.8,16.0,0.35,1.65,9.37,4.82,1.82,1.05,17506.0,1.7,-25.11,0.79,30
Firstsource Solutions Ltd,Jun 2023,Other,Bull,21.64,11.37,21.9,4.0,16.42,2.22,17.6,16.8,16.0,0.35,1.65,9.6,4.82,1.82,1.05,17506.0,1.79,5.29,0.9,21
Firstsource Solutions Ltd,Jun 2024,Other,Bull,4.9,1.09,21.9,4.0,16.42,2.22,17.6,16.8,15.0,0.35,1.65,8.44,12.15,4.65,1.05,17506.0,1.92,7.26,0.61,25
Firstsource Solutions Ltd,Jun 2025,Other,Bull,12.1,2.52,21.9,4.0,16.42,2.22,17.6,16.8,16.0,0.35,1.65,8.07,5.52,5.62,1.05,17506.0,2.39,24.48,0.44,28
Firstsource Solutions Ltd,Jun 2026,Other,Bull,6.31,0.58,21.9,4.0,16.42,2.22,17.6,16.8,17.0,0.35,1.65,8.67,11.54,38.33,1.05,17506.0,2.35,-1.67,0.84,22
Firstsource Solutions Ltd,Mar 2024,Other,Bull,8.65,4.53,21.9,4.0,16.42,2.22,17.6,16.8,15.0,0.35,1.65,9.26,9.22,6.35,1.05,17506.0,1.9,-19.15,0.6,27
Firstsource Solutions Ltd,Mar 2025,Other,Bear,-10.4,1.77,21.9,4.0,16.42,2.22,17.6,16.8,15.0,0.35,1.65,7.74,20.66,19.26,1.05,17506.0,2.27,19.47,0.94,27
Firstsource Solutions Ltd,Mar 2026,Other,Bear,-37.47,4.19,21.9,4.0,16.42,2.22,17.6,16.8,17.0,0.35,1.65,8.27,16.46,21.3,1.05,17506.0,2.9,27.75,0.93,23
Firstsource Solutions Ltd,Sep 2023,Other,Bull,28.98,14.92,21.9,4.0,16.42,2.22,17.6,16.8,15.0,0.35,1.65,8.81,-43.49,-23.49,1.05,17506.0,1.8,-37.93,0.46,22
Firstsource Solutions Ltd,Sep 2024,Other,Bull,45.44,9.75,21.9,4.0,16.42,2.22,17.6,16.8,15.0,0.35,1.65,8.44,15.27,2.99,1.05,17506.0,1.96,8.89,0.87,28
Firstsource Solutions Ltd,Sep 2025,Other,Bear,-8.13,-5.56,21.9,4.0,16.42,2.22,17.6,16.8,16.0,0.35,1.65,8.74,6.99,11.8,1.05,17506.0,2.54,29.59,0.92,28
Gabriel India Ltd,Dec 2023,Manufacturing,Bull,19.39,-4.71,66.2,14.12,49.65,0.37,20.2,25.6,9.0,0.35,1.65,35.0,4.53,4.31,1.05,23862.0,2.87,8.7,0.68,29
Gabriel India Ltd,Dec 2024,Manufacturing,Bear,-8.23,-13.88,66.2,14.12,49.65,0.37,20.2,25.6,9.0,0.35,1.65,30.33,4.53,4.31,1.05,23862.0,4.18,45.64,0.36,29
Gabriel India Ltd,Dec 2025,Manufacturing,Bull,-18.49,10.75,66.2,14.12,49.65,0.37,20.2,25.6,9.0,0.35,1.65,35.67,4.53,4.31,1.05,23862.0,3.81,-8.85,0.48,24
Gabriel India Ltd,Jun 2023,Manufacturing,Bull,41.3,39.26,66.2,14.12,49.65,0.37,20.2,25.6,9.0,0.35,1.65,34.5,4.53,4.31,1.05,23862.0,2.93,-23.1,-0.79,22
Gabriel India Ltd,Jun 2024,Manufacturing,Bull,34.53,7.9,66.2,14.12,49.65,0.37,20.2,25.6,10.0,0.35,1.65,45.5,16.2,41.46,1.05,23862.0,4.01,36.86,0.92,23
Gabriel India Ltd,Jun 2025,Manufacturing,Bull,18.57,7.64,66.2,14.12,49.65,0.37,20.2,25.6,10.0,0.35,1.65,23.6,21.34,75.0,1.05,23862.0,7.33,82.79,0.9,24
Gabriel India Ltd,Jun 2026,Manufacturing,Bull,43.07,-5.19,66.2,14.12,49.65,0.37,20.2,25.6,9.0,0.35,1.65,20.67,20.95,96.36,1.05,23862.0,6.06,-17.33,0.88,22
Gabriel India Ltd,Mar 2024,Manufacturing,Bull,-17.12,10.47,66.2,14.12,49.65,0.37,20.2,25.6,9.0,0.35,1.65,40.0,13.77,16.67,1.05,23862.0,3.41,-43.73,0.62,26
Gabriel India Ltd,Mar 2025,Manufacturing,Bear,15.64,-2.75,66.2,14.12,49.65,0.37,20.2,25.6,10.0,0.35,1.65,36.33,13.31,10.34,1.05,23862.0,4.48,31.38,0.77,28
Gabriel India Ltd,Mar 2026,Manufacturing,Bear,-20.46,-4.62,66.2,14.12,49.65,0.37,20.2,25.6,10.0,0.35,1.65,16.62,11.91,13.33,1.05,23862.0,8.23,83.71,0.71,24
Gabriel India Ltd,Sep 2023,Manufacturing,Bull,72.02,0.63,66.2,14.12,49.65,0.37,20.2,25.6,9.0,0.35,1.65,37.0,-39.41,-57.41,1.05,23862.0,3.23,-60.75,0.54,27
Gabriel India Ltd,Sep 2024,Manufacturing,Bull,7.82,21.83,66.2,14.12,49.65,0.37,20.2,25.6,10.0,0.35,1.65,49.5,12.0,28.57,1.05,23862.0,4.38,35.6,0.82,30
Gabriel India Ltd,Sep 2025,Manufacturing,Bear,40.52,-5.44,66.2,14.12,49.65,0.37,20.2,25.6,10.0,0.35,1.65,37.67,9.97,7.81,1.05,23862.0,4.81,9.82,0.74,26
Gallantt Ispat Ltd.,Dec 2023,Manufacturing,Bull,102.93,-6.94,30.2,3.99,22.65,0.37,15.6,18.2,10.0,0.35,1.65,13.38,4.53,4.31,1.05,13184.0,2.15,8.7,0.8,30
Gallantt Ispat Ltd.,Dec 2024,Manufacturing,Bear,-4.59,-9.77,30.2,3.99,22.65,0.37,15.6,18.2,18.0,0.35,1.65,39.8,4.53,4.31,1.05,13184.0,4.71,119.07,0.77,27
Gallantt Ispat Ltd.,Dec 2025,Manufacturing,Bull,-19.3,-1.4,30.2,3.99,22.65,0.37,15.6,18.2,14.0,0.35,1.65,11.85,4.53,4.31,1.05,13184.0,4.16,-11.68,0.53,30
Gallantt Ispat Ltd.,Jun 2023,Manufacturing,Bull,4.16,8.06,30.2,3.99,22.65,0.37,15.6,18.2,7.0,0.35,1.65,11.83,4.53,4.31,1.05,13184.0,1.27,-69.47,0.15,21
Gallantt Ispat Ltd.,Jun 2024,Manufacturing,Bull,81.27,10.48,30.2,3.99,22.65,0.37,15.6,18.2,19.0,0.35,1.65,35.83,9.13,134.62,1.05,13184.0,5.05,150.0,0.82,23
Gallantt Ispat Ltd.,Jun 2025,Manufacturing,Bull,30.4,7.34,30.2,3.99,22.65,0.37,15.6,18.2,22.0,0.35,1.65,41.17,0.89,52.63,1.05,13184.0,7.2,42.57,0.62,28
Gallantt Ispat Ltd.,Jun 2026,Manufacturing,Bull,22.95,-0.87,30.2,3.99,22.65,0.37,15.6,18.2,16.0,0.35,1.65,23.12,6.7,24.0,1.05,13184.0,5.13,-28.75,0.82,30
Gallantt Ispat Ltd.,Mar 2024,Manufacturing,Bull,7.41,11.03,30.2,3.99,22.65,0.37,15.6,18.2,16.0,0.35,1.65,23.0,13.61,206.45,1.05,13184.0,3.95,-23.0,0.91,24
Gallantt Ispat Ltd.,Mar 2025,Manufacturing,Bear,6.81,-3.49,30.2,3.99,22.65,0.37,15.6,18.2,17.0,0.35,1.65,36.6,-7.59,-4.92,1.05,13184.0,4.82,22.03,0.81,23
Gallantt Ispat Ltd.,Mar 2026,Manufacturing,Bear,1.82,-12.16,30.2,3.99,22.65,0.37,15.6,18.2,15.0,0.35,1.65,13.14,6.83,-29.31,1.05,13184.0,5.09,5.6,0.03,26
Gallantt Ispat Ltd.,Sep 2023,Manufacturing,Bull,45.32,12.49,30.2,3.99,22.65,0.37,15.6,18.2,9.0,0.35,1.65,12.29,-17.1,-62.1,1.05,13184.0,1.96,-61.49,-0.44,21
Gallantt Ispat Ltd.,Sep 2024,Manufacturing,Bull,-1.27,14.22,30.2,3.99,22.65,0.37,15.6,18.2,10.0,0.35,1.65,19.6,-19.88,-48.42,1.05,13184.0,2.03,3.57,0.2,27
Gallantt Ispat Ltd.,Sep 2025,Manufacturing,Bear,24.34,-2.67,30.2,3.99,22.65,0.37,15.6,18.2,13.0,0.35,1.65,14.67,-5.5,-23.28,1.05,13184.0,3.69,81.77,0.78,20
Great Eastern Shipping Company Ltd,Dec 2023,Other,Bull,15.25,4.65,5.61,1.19,4.21,2.49,15.9,15.8,52.0,0.35,1.65,9.7,4.82,1.82,1.05,20162.0,37.7,8.7,0.94,24
Great Eastern Shipping Company Ltd,Dec 2024,Other,Bear,-19.37,4.55,5.61,1.19,4.21,2.49,15.9,15.8,49.0,0.35,1.65,10.02,4.82,1.82,1.05,20162.0,41.58,10.29,0.95,31
Great Eastern Shipping Company Ltd,Dec 2025,Other,Bull,14.22,-1.1,5.61,1.19,4.21,2.49,15.9,15.8,57.0,0.35,1.65,33.44,4.82,1.82,1.05,20162.0,56.91,36.87,0.97,27
Great Eastern Shipping Company Ltd,Jun 2023,Other,Bull,16.52,7.99,5.61,1.19,4.21,2.49,15.9,15.8,62.0,0.35,1.65,12.77,4.82,1.82,1.05,20162.0,40.36,-29.08,0.96,24
Great Eastern Shipping Company Ltd,Jun 2024,Other,Bull,24.1,-8.71,5.61,1.19,4.21,2.49,15.9,15.8,60.0,0.35,1.65,14.93,21.12,50.93,1.05,20162.0,56.87,40.91,0.95,28
Great Eastern Shipping Company Ltd,Jun 2025,Other,Bull,6.65,1.84,5.61,1.19,4.21,2.49,15.9,15.8,54.0,0.35,1.65,14.29,-2.91,-15.15,1.05,20162.0,35.34,-37.86,0.94,31
Great Eastern Shipping Company Ltd,Jun 2026,Other,Bull,2.27,5.07,5.61,1.19,4.21,2.49,15.9,15.8,67.0,0.35,1.65,66.9,37.9,61.01,1.05,20162.0,91.68,150.0,0.97,30
Great Eastern Shipping Company Ltd,Mar 2024,Other,Bull,3.62,18.22,5.61,1.19,4.21,2.49,15.9,15.8,63.0,0.35,1.65,15.88,16.59,57.12,1.05,20162.0,63.4,-30.85,0.97,30
Great Eastern Shipping Company Ltd,Mar 2025,Other,Bear,-3.16,8.8,5.61,1.19,4.21,2.49,15.9,15.8,41.0,0.35,1.65,9.84,-18.9,-55.3,1.05,20162.0,25.43,-59.89,0.95,25
Great Eastern Shipping Company Ltd,Mar 2026,Other,Bear,27.86,-8.82,5.61,1.19,4.21,2.49,15.9,15.8,62.0,0.35,1.65,40.91,25.81,107.14,1.05,20162.0,73.13,150.0,0.98,28
Great Eastern Shipping Company Ltd,Sep 2023,Other,Bull,17.66,13.56,5.61,1.19,4.21,2.49,15.9,15.8,52.0,0.35,1.65,8.35,-38.7,-54.55,1.05,20162.0,41.65,-43.05,0.97,24
Great Eastern Shipping Company Ltd,Sep 2024,Other,Bull,-0.82,1.14,5.61,1.19,4.21,2.49,15.9,15.8,48.0,0.35,1.65,10.22,-9.55,-36.35,1.05,20162.0,40.32,-3.19,0.88,26
Great Eastern Shipping Company Ltd,Sep 2025,Other,Bear,2.22,-0.41,5.61,1.19,4.21,2.49,15.9,15.8,59.0,0.35,1.65,16.55,1.55,60.06,1.05,20162.0,40.72,0.99,0.96,22
General Insurance Corporation of India,Dec 2023,Banking,Bull,38.02,-13.88,6.91,0.83,5.18,3.79,14.6,17.4,15.0,0.45,1.65,14.93,8.74,9.96,1.05,61299.0,8.2,8.7,0.08,30
General Insurance Corporation of India,Dec 2024,Banking,Bear,12.55,-13.39,6.91,0.83,5.18,3.79,14.6,17.4,17.0,0.45,1.65,14.93,8.74,9.96,1.05,61299.0,9.56,16.59,0.8,31
General Insurance Corporation of India,Dec 2025,Banking,Bull,3.96,8.33,6.91,0.83,5.18,3.79,14.6,17.4,19.0,0.45,1.65,14.93,8.74,9.96,1.05,61299.0,9.84,2.93,0.67,31
General Insurance Corporation of India,Jun 2023,Banking,Bull,34.06,14.41,6.91,0.83,5.18,3.79,14.6,17.4,9.0,0.45,1.65,14.93,8.74,9.96,1.05,61299.0,5.57,-43.39,0.36,28
General Insurance Corporation of India,Jun 2024,Banking,Bull,9.94,5.03,6.91,0.83,5.18,3.79,14.6,17.4,11.0,0.45,1.65,14.93,15.59,-2.64,1.05,61299.0,7.98,43.27,0.91,27
General Insurance Corporation of India,Jun 2025,Banking,Bull,-7.05,-2.42,6.91,0.83,5.18,3.79,14.6,17.4,18.0,0.45,1.65,14.93,31.22,50.92,1.05,61299.0,14.42,80.7,0.93,32
General Insurance Corporation of India,Jun 2026,Banking,Bull,-4.37,-0.62,6.91,0.83,5.18,3.79,14.6,17.4,14.0,0.45,1.65,14.93,14.39,1.04,1.05,61299.0,9.94,-31.07,-0.25,25
General Insurance Corporation of India,Mar 2024,Banking,Bull,5.71,15.45,6.91,0.83,5.18,3.79,14.6,17.4,29.0,0.45,1.65,14.93,-8.17,163.8,1.05,61299.0,14.71,47.99,0.8,29
General Insurance Corporation of India,Mar 2025,Banking,Bear,-8.17,-6.87,6.91,0.83,5.18,3.79,14.6,17.4,23.0,0.45,1.65,14.93,2.51,78.37,1.05,61299.0,14.24,-3.2,-0.05,34
General Insurance Corporation of India,Mar 2026,Banking,Bear,-3.94,-2.12,6.91,0.83,5.18,3.79,14.6,17.4,19.0,0.45,1.65,14.93,-10.98,0.08,1.05,61299.0,14.44,1.4,0.88,29
General Insurance Corporation of India,Sep 2023,Banking,Bull,25.31,41.59,6.91,0.83,5.18,3.79,14.6,17.4,11.0,0.45,1.65,14.93,-9.21,-3.15,1.05,61299.0,9.63,-33.31,0.6,25
General Insurance Corporation of India,Sep 2024,Banking,Bull,5.87,20.08,6.91,0.83,5.18,3.79,14.6,17.4,19.0,0.45,1.65,14.93,20.71,-28.06,1.05,61299.0,10.58,9.87,-0.4,24
General Insurance Corporation of India,Sep 2025,Banking,Bear,-0.81,-3.29,6.91,0.83,5.18,3.79,14.6,17.4,22.0,0.45,1.65,14.93,-3.44,15.01,1.05,61299.0,16.38,54.82,0.82,26
Gland Pharma Ltd,Dec 2023,Pharma,Bull,14.14,-11.41,42.1,4.65,31.58,0.68,10.7,15.1,23.0,0.35,1.65,71.2,8.41,5.51,1.05,48208.0,11.65,8.7,0.23,29
Gland Pharma Ltd,Dec 2024,Pharma,Bear,-1.19,-5.65,42.1,4.65,31.58,0.68,10.7,15.1,26.0,0.35,1.65,15.65,8.41,5.51,1.05,48208.0,12.42,6.61,0.89,28
Gland Pharma Ltd,Dec 2025,Pharma,Bull,-13.1,5.28,42.1,4.65,31.58,0.68,10.7,15.1,26.0,0.35,1.65,108.75,8.41,5.51,1.05,48208.0,15.87,27.78,0.77,33
Gland Pharma Ltd,Jun 2023,Pharma,Bull,-17.22,7.35,42.1,4.65,31.58,0.68,10.7,15.1,24.0,0.35,1.65,58.8,8.41,5.51,1.05,48208.0,11.79,-25.71,-0.3,29
Gland Pharma Ltd,Jun 2024,Pharma,Bull,0.61,-3.43,42.1,4.65,31.58,0.68,10.7,15.1,19.0,0.35,1.65,44.0,-9.26,-25.0,1.05,48208.0,8.73,-25.95,0.13,24
Gland Pharma Ltd,Jun 2025,Pharma,Bull,18.03,2.44,42.1,4.65,31.58,0.68,10.7,15.1,24.0,0.35,1.65,30.67,8.82,4.88,1.05,48208.0,13.08,49.83,0.81,26
Gland Pharma Ltd,Jun 2026,Pharma,Bull,46.25,-0.76,42.1,4.65,31.58,0.68,10.7,15.1,27.0,0.35,1.65,122.25,6.19,21.46,1.05,48208.0,19.21,46.87,0.88,31
Gland Pharma Ltd,Mar 2024,Pharma,Bull,-3.22,3.99,42.1,4.65,31.58,0.68,10.7,15.1,23.0,0.35,1.65,35.9,27.13,-1.03,1.05,48208.0,11.68,-39.2,0.03,30
Gland Pharma Ltd,Mar 2025,Pharma,Bear,-12.03,15.71,42.1,4.65,31.58,0.68,10.7,15.1,24.0,0.35,1.65,49.71,1.64,29.86,1.05,48208.0,11.32,-3.08,0.92,27
Gland Pharma Ltd,Mar 2026,Pharma,Bear,-1.11,21.08,42.1,4.65,31.58,0.68,10.7,15.1,29.0,0.35,1.65,51.3,15.74,70.7,1.05,48208.0,22.26,96.64,0.57,31
Gland Pharma Ltd,Sep 2023,Pharma,Bull,57.12,12.07,42.1,4.65,31.58,0.68,10.7,15.1,24.0,0.35,1.65,54.0,-23.72,-38.8,1.05,48208.0,11.78,-47.08,-0.3,25
Gland Pharma Ltd,Sep 2024,Pharma,Bull,-0.2,-1.42,42.1,4.65,31.58,0.68,10.7,15.1,21.0,0.35,1.65,49.5,-8.52,-14.58,1.05,48208.0,9.93,-15.7,0.13,23
Gland Pharma Ltd,Sep 2025,Pharma,Bear,7.04,-8.02,42.1,4.65,31.58,0.68,10.7,15.1,21.0,0.35,1.65,39.25,4.35,-1.6,1.05,48208.0,11.15,12.29,0.51,23
Glaxosmithkline Pharmaceuticals Ltd,Dec 2023,Pharma,Bull,20.87,3.01,45.5,21.1,34.12,2.02,45.6,61.4,27.0,0.35,1.65,11.1,8.41,5.51,1.05,47915.0,2.7,8.7,0.8,26
Glaxosmithkline Pharmaceuticals Ltd,Dec 2024,Pharma,Bear,-17.3,-12.42,45.5,21.1,34.12,2.02,45.6,61.4,31.0,0.35,1.65,11.1,8.41,5.51,1.05,47915.0,13.57,150.0,0.62,26
Glaxosmithkline Pharmaceuticals Ltd,Dec 2025,Pharma,Bull,-8.29,15.09,45.5,21.1,34.12,2.02,45.6,61.4,36.0,0.35,1.65,268.88,8.41,5.51,1.05,47915.0,17.45,28.59,0.9,32
Glaxosmithkline Pharmaceuticals Ltd,Jun 2023,Pharma,Bull,12.59,8.63,45.5,21.1,34.12,2.02,45.6,61.4,19.0,0.35,1.65,11.1,8.41,5.51,1.05,47915.0,7.81,-55.24,-0.7,25
Glaxosmithkline Pharmaceuticals Ltd,Jun 2024,Pharma,Bull,35.13,-0.03,45.5,21.1,34.12,2.02,45.6,61.4,28.0,0.35,1.65,11.1,1.24,295.65,1.05,47915.0,10.76,37.77,0.7,27
Glaxosmithkline Pharmaceuticals Ltd,Jun 2025,Pharma,Bull,22.7,-0.72,45.5,21.1,34.12,2.02,45.6,61.4,31.0,0.35,1.65,11.1,-15.17,-10.87,1.05,47915.0,12.1,12.45,0.8,28
Glaxosmithkline Pharmaceuticals Ltd,Jun 2026,Pharma,Bull,7.88,14.93,45.5,21.1,34.12,2.02,45.6,61.4,31.0,0.35,1.65,268.88,-9.89,-19.93,1.05,47915.0,14.0,15.7,0.88,31
Glaxosmithkline Pharmaceuticals Ltd,Mar 2024,Pharma,Bull,-0.25,35.13,45.5,21.1,34.12,2.02,45.6,61.4,28.0,0.35,1.65,257.0,22.05,46.97,1.05,47915.0,11.48,-18.0,0.71,31
Glaxosmithkline Pharmaceuticals Ltd,Mar 2025,Pharma,Bear,29.04,15.95,45.5,21.1,34.12,2.02,45.6,61.4,34.0,0.35,1.65,268.88,19.51,44.51,1.05,47915.0,15.52,35.19,0.88,30
Glaxosmithkline Pharmaceuticals Ltd,Mar 2026,Pharma,Bear,-7.04,-10.8,45.5,21.1,34.12,2.02,45.6,61.4,35.0,0.35,1.65,268.88,23.6,35.61,1.05,47915.0,16.4,5.67,0.87,28
Glaxosmithkline Pharmaceuticals Ltd,Sep 2023,Pharma,Bull,9.05,14.25,45.5,21.1,34.12,2.02,45.6,61.4,30.0,0.35,1.65,11.1,2.03,-8.02,1.05,47915.0,12.84,-21.71,0.57,25
Glaxosmithkline Pharmaceuticals Ltd,Sep 2024,Pharma,Bull,5.58,-6.54,45.5,21.1,34.12,2.02,45.6,61.4,32.0,0.35,1.65,11.1,8.71,29.9,1.05,47915.0,14.91,16.12,0.8,24
Glaxosmithkline Pharmaceuticals Ltd,Sep 2025,Pharma,Bear,-20.68,3.41,45.5,21.1,34.12,2.02,45.6,61.4,34.0,0.35,1.65,268.88,0.62,-2.28,1.05,47915.0,15.2,1.95,0.51,31
Glenmark Pharmaceuticals Ltd,Dec 2023,Pharma,Bull,1.35,2.61,21.9,6.5,16.42,0.21,23.6,39.8,-8.0,0.35,1.65,-1.56,8.41,5.51,1.05,68276.0,-12.45,-8.7,0.23,33
Glenmark Pharmaceuticals Ltd,Dec 2024,Pharma,Bear,-3.47,14.35,21.9,6.5,16.42,0.21,23.6,39.8,18.0,0.35,1.65,11.54,8.41,5.51,1.05,68276.0,12.33,150.0,0.62,30
Glenmark Pharmaceuticals Ltd,Dec 2025,Pharma,Bull,4.01,4.06,21.9,6.5,16.42,0.21,23.6,39.8,22.0,0.35,1.65,21.22,8.41,5.51,1.05,68276.0,14.29,15.9,0.88,25
Glenmark Pharmaceuticals Ltd,Jun 2023,Pharma,Bull,40.98,8.52,21.9,6.5,16.42,0.21,23.6,39.8,14.0,0.35,1.65,3.9,8.41,5.51,1.05,68276.0,5.31,-62.84,-0.85,27
Glenmark Pharmaceuticals Ltd,Jun 2024,Pharma,Bull,25.25,12.16,21.9,6.5,16.42,0.21,23.6,39.8,18.0,0.35,1.65,14.7,29.4,-202.72,1.05,68276.0,12.06,127.12,-0.05,26
Glenmark Pharmaceuticals Ltd,Jun 2025,Pharma,Bull,16.21,8.03,21.9,6.5,16.42,0.21,23.6,39.8,18.0,0.35,1.65,10.02,-3.66,-86.49,1.05,68276.0,1.66,-86.24,0.82,24
Glenmark Pharmaceuticals Ltd,Jun 2026,Pharma,Bull,4.91,7.99,21.9,6.5,16.42,0.21,23.6,39.8,20.0,0.35,1.65,14.91,3.0,19.85,1.05,68276.0,17.11,150.0,0.82,28
Glenmark Pharmaceuticals Ltd,Mar 2024,Pharma,Bull,12.01,23.42,21.9,6.5,16.42,0.21,23.6,39.8,16.0,0.35,1.65,3.38,0.89,-596.89,1.05,68276.0,-43.17,-100.0,-0.68,30
Glenmark Pharmaceuticals Ltd,Mar 2025,Pharma,Bear,-4.55,15.4,21.9,6.5,16.42,0.21,23.6,39.8,17.0,0.35,1.65,8.37,0.37,-98.82,1.05,68276.0,0.16,100.37,0.71,33
Glenmark Pharmaceuticals Ltd,Mar 2026,Pharma,Bear,5.21,-6.54,21.9,6.5,16.42,0.21,23.6,39.8,20.0,0.35,1.65,17.74,15.53,540.43,1.05,68276.0,10.68,150.0,0.87,25
Glenmark Pharmaceuticals Ltd,Sep 2023,Pharma,Bull,30.11,9.71,21.9,6.5,16.42,0.21,23.6,39.8,14.0,0.35,1.65,3.82,-20.18,-112.84,1.05,68276.0,-2.9,-100.0,0.1,31
Glenmark Pharmaceuticals Ltd,Sep 2024,Pharma,Bull,32.23,2.18,21.9,6.5,16.42,0.21,23.6,39.8,18.0,0.35,1.65,12.54,12.11,-129.16,1.05,68276.0,12.55,150.0,0.78,25
Glenmark Pharmaceuticals Ltd,Sep 2025,Pharma,Bear,11.44,6.24,21.9,6.5,16.42,0.21,23.6,39.8,39.0,0.35,1.65,35.76,85.72,724.9,1.05,68276.0,21.63,72.35,0.78,28
Gujarat Mineral Development Corporation Ltd,Dec 2023,Manufacturing,Bull,23.54,-2.08,32.1,2.59,24.08,1.65,4.22,10.8,21.0,0.35,1.65,121.0,4.53,4.31,1.05,18296.0,3.67,8.7,-0.38,21
Gujarat Mineral Development Corporation Ltd,Dec 2024,Manufacturing,Bear,-9.75,-16.11,32.1,2.59,24.08,1.65,4.22,10.8,14.0,0.35,1.65,92.0,4.53,4.31,1.05,18296.0,4.64,26.43,0.77,25
Gujarat Mineral Development Corporation Ltd,Dec 2025,Manufacturing,Bull,-3.52,-6.16,32.1,2.59,24.08,1.65,4.22,10.8,17.0,0.35,1.65,101.0,4.53,4.31,1.05,18296.0,4.18,-9.91,0.46,29
Gujarat Mineral Development Corporation Ltd,Jun 2023,Manufacturing,Bull,26.25,61.33,32.1,2.59,24.08,1.65,4.22,10.8,32.0,0.35,1.65,247.0,4.53,4.31,1.05,18296.0,6.88,64.59,0.82,26
Gujarat Mineral Development Corporation Ltd,Jun 2024,Manufacturing,Bull,4.77,2.18,32.1,2.59,24.08,1.65,4.22,10.8,26.0,0.35,1.65,211.0,45.04,57.26,1.05,18296.0,5.79,-15.84,0.87,22
Gujarat Mineral Development Corporation Ltd,Jun 2025,Manufacturing,Bull,50.03,30.68,32.1,2.59,24.08,1.65,4.22,10.8,23.0,0.35,1.65,169.0,12.25,10.81,1.05,18296.0,5.15,-11.05,-0.34,29
Gujarat Mineral Development Corporation Ltd,Jun 2026,Manufacturing,Bull,0.63,-1.11,32.1,2.59,24.08,1.65,4.22,10.8,21.0,0.35,1.65,27.29,56.65,22.56,1.05,18296.0,5.14,-0.19,0.9,25
Gujarat Mineral Development Corporation Ltd,Mar 2024,Manufacturing,Bull,-20.52,-2.35,32.1,2.59,24.08,1.65,4.22,10.8,25.0,0.35,1.65,189.0,-2.09,-14.61,1.05,18296.0,5.89,14.59,0.54,29
Gujarat Mineral Development Corporation Ltd,Mar 2025,Manufacturing,Bear,-18.09,23.87,32.1,2.59,24.08,1.65,4.22,10.8,25.0,0.35,1.65,10.08,-3.91,22.83,1.05,18296.0,7.11,20.71,0.91,26
Gujarat Mineral Development Corporation Ltd,Mar 2026,Manufacturing,Bear,-5.56,-6.18,32.1,2.59,24.08,1.65,4.22,10.8,13.0,0.35,1.65,20.8,11.05,18.29,1.05,18296.0,6.1,-14.21,-0.85,25
Gujarat Mineral Development Corporation Ltd,Sep 2023,Manufacturing,Bull,98.03,5.1,32.1,2.59,24.08,1.65,4.22,10.8,13.0,0.35,1.65,51.0,-55.39,-53.99,1.05,18296.0,2.35,-61.48,-0.74,28
Gujarat Mineral Development Corporation Ltd,Sep 2024,Manufacturing,Bull,-6.5,9.49,32.1,2.59,24.08,1.65,4.22,10.8,24.0,0.35,1.65,140.0,-20.93,-31.55,1.05,18296.0,4.02,71.06,0.79,24
Gujarat Mineral Development Corporation Ltd,Sep 2025,Manufacturing,Bear,45.19,-4.89,32.1,2.59,24.08,1.65,4.22,10.8,13.0,0.35,1.65,69.0,-32.82,106.19,1.05,18296.0,14.65,150.0,0.82,23
GMR Airports Ltd,Dec 2023,Other,Bull,35.49,11.2,184.0,3.87,138.0,0.0,12.2,11.6,30.0,0.35,1.65,0.78,4.82,1.82,1.05,103457.0,-0.53,-8.7,0.48,32
GMR Airports Ltd,Dec 2024,Other,Bear,-16.36,-14.44,184.0,3.87,138.0,0.0,12.2,11.6,37.0,0.35,1.65,1.2,4.82,1.82,1.05,103457.0,0.25,147.17,0.79,30
GMR Airports Ltd,Dec 2025,Other,Bull,16.82,5.57,184.0,3.87,138.0,0.0,12.2,11.6,43.0,0.35,1.65,1.85,4.82,1.82,1.05,103457.0,0.12,-52.0,0.2,25
GMR Airports Ltd,Jun 2023,Other,Bull,0.58,15.61,184.0,3.87,138.0,0.0,12.2,11.6,37.0,0.35,1.65,1.27,4.82,1.82,1.05,103457.0,0.03,-75.0,-0.18,34
GMR Airports Ltd,Jun 2024,Other,Bull,15.58,0.17,184.0,3.87,138.0,0.0,12.2,11.6,37.0,0.35,1.65,1.01,7.86,-30.45,1.05,103457.0,-0.23,-52.0,-0.68,33
GMR Airports Ltd,Jun 2025,Other,Bull,10.12,-2.29,184.0,3.87,138.0,0.0,12.2,11.6,36.0,0.35,1.65,1.23,20.81,-167.82,1.05,103457.0,-0.2,13.04,0.36,28
GMR Airports Ltd,Jun 2026,Other,Bull,25.53,-2.96,184.0,3.87,138.0,0.0,12.2,11.6,37.0,0.35,1.65,1.55,-0.68,-14.94,1.05,103457.0,0.09,145.0,0.77,29
GMR Airports Ltd,Mar 2024,Other,Bull,1.56,12.14,184.0,3.87,138.0,0.0,12.2,11.6,33.0,0.35,1.65,0.99,21.26,-596.89,1.05,103457.0,-0.2,-100.0,-0.46,30
GMR Airports Ltd,Mar 2025,Other,Bear,-3.64,-9.24,184.0,3.87,138.0,0.0,12.2,11.6,35.0,0.35,1.65,1.06,19.19,-25.15,1.05,103457.0,-0.23,-15.0,0.54,35
GMR Airports Ltd,Mar 2026,Other,Bear,-19.67,7.31,184.0,3.87,138.0,0.0,12.2,11.6,37.0,0.35,1.65,1.52,22.87,-391.97,1.05,103457.0,0.29,150.0,0.88,32
GMR Airports Ltd,Sep 2023,Other,Bull,36.11,33.62,184.0,3.87,138.0,0.0,12.2,11.6,35.0,0.35,1.65,1.08,-47.97,-228.38,1.05,103457.0,-0.15,-100.0,-0.56,31
GMR Airports Ltd,Sep 2024,Other,Bull,-3.65,7.61,184.0,3.87,138.0,0.0,12.2,11.6,34.0,0.35,1.65,0.83,1.96,155.36,1.05,103457.0,-0.27,-80.0,0.88,32
GMR Airports Ltd,Sep 2025,Other,Bear,1.38,7.37,184.0,3.87,138.0,0.0,12.2,11.6,39.0,0.35,1.65,1.39,28.19,-113.83,1.05,103457.0,-0.04,85.19,0.64,34
Godfrey Phillips India Ltd,Dec 2023,Other,Bull,-1.83,8.86,22.0,4.84,16.5,2.59,23.4,30.2,18.0,0.35,1.65,38.0,4.82,1.82,1.05,30058.0,13.61,8.7,0.75,28
Godfrey Phillips India Ltd,Dec 2024,Other,Bear,-22.88,14.44,22.0,4.84,16.5,2.59,23.4,30.2,23.0,0.35,1.65,120.33,4.82,1.82,1.05,30058.0,20.25,48.79,0.71,22
Godfrey Phillips India Ltd,Dec 2025,Other,Bull,-17.73,-15.47,22.0,4.84,16.5,2.59,23.4,30.2,21.0,0.35,1.65,126.67,4.82,1.82,1.05,30058.0,22.01,8.69,0.03,28
Godfrey Phillips India Ltd,Jun 2023,Other,Bull,-4.68,2.18,22.0,4.84,16.5,2.59,23.4,30.2,24.0,0.35,1.65,36.14,4.82,1.82,1.05,30058.0,16.31,-25.9,-0.27,24
Godfrey Phillips India Ltd,Jun 2024,Other,Bull,33.1,62.94,22.0,4.84,16.5,2.59,23.4,30.2,25.0,0.35,1.65,90.0,-12.96,8.02,1.05,30058.0,14.65,-10.18,0.54,24
Godfrey Phillips India Ltd,Jun 2025,Other,Bull,26.29,5.59,22.0,4.84,16.5,2.59,23.4,30.2,23.0,0.35,1.65,112.67,-6.48,12.66,1.05,30058.0,22.84,55.9,0.92,22
Godfrey Phillips India Ltd,Jun 2026,Other,Bull,12.75,-0.34,22.0,4.84,16.5,2.59,23.4,30.2,15.0,0.35,1.65,60.33,-34.06,-42.27,1.05,30058.0,12.72,-44.31,-0.3,24
Godfrey Phillips India Ltd,Mar 2024,Other,Bull,47.63,15.46,22.0,4.84,16.5,2.59,23.4,30.2,22.0,0.35,1.65,47.75,-16.35,-15.35,1.05,30058.0,13.73,7.94,-0.13,28
Godfrey Phillips India Ltd,Mar 2025,Other,Bear,34.44,-9.07,22.0,4.84,16.5,2.59,23.4,30.2,17.0,0.35,1.65,67.25,44.58,22.27,1.05,30058.0,17.9,30.37,0.92,24
Godfrey Phillips India Ltd,Mar 2026,Other,Bear,-18.21,-5.11,22.0,4.84,16.5,2.59,23.4,30.2,31.0,0.35,1.65,184.33,20.26,46.35,1.05,30058.0,33.43,86.76,0.89,29
Godfrey Phillips India Ltd,Sep 2023,Other,Bull,31.07,-0.46,22.0,4.84,16.5,2.59,23.4,30.2,19.0,0.35,1.65,32.0,-3.98,2.02,1.05,30058.0,12.95,-61.26,0.05,23
Godfrey Phillips India Ltd,Sep 2024,Other,Bull,65.49,1.19,22.0,4.84,16.5,2.59,23.4,30.2,20.0,0.35,1.65,92.33,55.43,15.35,1.05,30058.0,15.92,22.93,0.9,27
Godfrey Phillips India Ltd,Sep 2025,Other,Bear,15.15,-2.23,22.0,4.84,16.5,2.59,23.4,30.2,24.0,0.35,1.65,104.67,-18.05,8.93,1.05,30058.0,19.56,22.86,0.93,27
Godrej Industries Ltd,Dec 2023,Other,Bull,26.19,-5.35,31.5,3.39,23.62,0.0,9.26,8.17,8.0,0.35,1.65,0.8,4.82,1.82,1.05,37956.0,3.16,8.7,0.88,32
Godrej Industries Ltd,Dec 2024,Other,Bear,-2.18,-6.73,31.5,3.39,23.62,0.0,9.26,8.17,12.0,0.35,1.65,1.18,4.82,1.82,1.05,37956.0,5.59,76.9,0.8,23
Godrej Industries Ltd,Dec 2025,Other,Bull,-15.67,38.21,31.5,3.39,23.62,0.0,9.26,8.17,11.0,0.35,1.65,0.87,4.82,1.82,1.05,37956.0,6.07,8.59,0.88,32
Godrej Industries Ltd,Jun 2023,Other,Bull,25.3,15.1,31.5,3.39,23.62,0.0,9.26,8.17,5.0,0.35,1.65,0.8,4.82,1.82,1.05,37956.0,5.29,-12.85,-0.25,33
Godrej Industries Ltd,Jun 2024,Other,Bull,8.29,32.64,31.5,3.39,23.62,0.0,9.26,8.17,8.0,0.35,1.65,0.77,18.33,288.48,1.05,37956.0,9.58,81.1,0.93,29
Godrej Industries Ltd,Jun 2025,Other,Bull,14.23,-4.96,31.5,3.39,23.62,0.0,9.26,8.17,9.0,0.35,1.65,0.69,-7.56,132.37,1.05,37956.0,10.37,8.25,0.92,30
Godrej Industries Ltd,Jun 2026,Other,Bull,41.22,-4.54,31.5,3.39,23.62,0.0,9.26,8.17,11.0,0.35,1.65,0.77,7.86,48.16,1.05,37956.0,8.44,-18.61,0.92,23
Godrej Industries Ltd,Mar 2024,Other,Bull,0.33,3.3,31.5,3.39,23.62,0.0,9.26,8.17,1.2,0.35,1.65,0.15,1.35,-108.59,1.05,37956.0,-9.26,-100.0,0.0,29
Godrej Industries Ltd,Mar 2025,Other,Bear,-3.06,13.44,31.5,3.39,23.62,0.0,9.26,8.17,10.0,0.35,1.65,1.09,36.06,-35.1,1.05,37956.0,5.44,150.0,0.82,26
Godrej Industries Ltd,Mar 2026,Other,Bear,-27.29,-8.56,31.5,3.39,23.62,0.0,9.26,8.17,15.0,0.35,1.65,1.71,72.51,16.0,1.05,37956.0,13.19,142.46,0.36,30
Godrej Industries Ltd,Sep 2023,Other,Bull,12.48,1.63,31.5,3.39,23.62,0.0,9.26,8.17,7.0,0.35,1.65,0.8,-27.72,-68.64,1.05,37956.0,2.59,-80.36,-0.46,28
Godrej Industries Ltd,Sep 2024,Other,Bull,39.42,4.68,31.5,3.39,23.62,0.0,9.26,8.17,12.0,0.35,1.65,1.21,5.21,-596.89,1.05,37956.0,8.54,150.0,0.88,25
Godrej Industries Ltd,Sep 2025,Other,Bear,-0.43,-5.23,31.5,3.39,23.62,0.0,9.26,8.17,2.7,0.35,1.65,0.23,-12.94,18.51,1.05,37956.0,7.2,-15.69,0.0,26
Godrej Properties Ltd,Dec 2023,Other,Bull,29.42,-4.03,32.6,2.75,24.45,0.57,8.82,7.63,-20.0,0.35,1.65,-1.53,4.82,1.82,1.05,52654.0,2.24,8.7,0.77,31
Godrej Properties Ltd,Dec 2024,Other,Bear,-14.33,-2.86,32.6,2.75,24.45,0.57,8.82,7.63,1.0,0.35,1.65,0.21,4.82,1.82,1.05,52654.0,5.4,141.07,0.91,24
Godrej Properties Ltd,Dec 2025,Other,Bull,-1.28,-0.03,32.6,2.75,24.45,0.57,8.82,7.63,-40.0,0.35,1.65,-6.35,4.82,1.82,1.05,52654.0,6.48,20.0,0.7,28
Godrej Properties Ltd,Jun 2023,Other,Bull,50.02,8.19,32.6,2.75,24.45,0.57,8.82,7.63,-16.0,0.35,1.65,-4.97,4.82,1.82,1.05,52654.0,4.49,-30.71,0.72,25
Godrej Properties Ltd,Jun 2024,Other,Bull,34.24,0.36,32.6,2.75,24.45,0.57,8.82,7.63,-25.0,0.35,1.65,-4.56,123.91,723.81,1.05,52654.0,18.7,150.0,0.36,24
Godrej Properties Ltd,Jun 2025,Other,Bull,14.78,-0.17,32.6,2.75,24.45,0.57,8.82,7.63,-62.0,0.35,1.65,-8.18,-55.11,278.48,1.05,52654.0,19.92,6.52,0.82,25
Godrej Properties Ltd,Jun 2026,Other,Bull,23.77,-1.21,32.6,2.75,24.45,0.57,8.82,7.63,-58.0,0.35,1.65,-8.17,1.61,79.9,1.05,52654.0,11.62,-41.67,0.86,32
Godrej Properties Ltd,Mar 2024,Other,Bull,14.89,6.28,32.6,2.75,24.45,0.57,8.82,7.63,9.0,0.35,1.65,3.97,52.35,256.72,1.05,52654.0,16.95,45.87,0.86,24
Godrej Properties Ltd,Mar 2025,Other,Bear,-23.3,11.78,32.6,2.75,24.45,0.57,8.82,7.63,3.5,0.35,1.65,1.63,123.91,-27.17,1.05,52654.0,12.68,-25.19,0.54,26
Godrej Properties Ltd,Mar 2026,Other,Bear,-26.99,-1.32,32.6,2.75,24.45,0.57,8.82,7.63,15.0,0.35,1.65,10.04,123.91,7.86,1.05,52654.0,21.58,70.19,0.88,29
Godrej Properties Ltd,Sep 2023,Other,Bull,-1.77,10.11,32.6,2.75,24.45,0.57,8.82,7.63,-28.0,0.35,1.65,-1.98,-32.21,-79.08,1.05,52654.0,2.4,-88.88,-0.25,32
Godrej Properties Ltd,Sep 2024,Other,Bull,-0.02,11.31,32.6,2.75,24.45,0.57,8.82,7.63,2.6,0.35,1.65,0.64,-23.35,-30.13,1.05,52654.0,12.06,150.0,0.81,32
Godrej Properties Ltd,Sep 2025,Other,Bear,-14.94,-5.35,32.6,2.75,24.45,0.57,8.82,7.63,-80.0,0.35,1.65,-9.12,-55.39,6.61,1.05,52654.0,13.45,11.53,-0.2,29
Godawari Power & Ispat Ltd,Dec 2023,Manufacturing,Bull,19.96,8.59,20.1,2.82,15.08,0.41,15.3,20.5,25.0,0.35,1.65,20.69,4.53,4.31,1.05,16457.0,3.37,8.7,0.54,30
Godawari Power & Ispat Ltd,Dec 2024,Manufacturing,Bear,-5.61,-10.8,20.1,2.82,15.08,0.41,15.3,20.5,17.0,0.35,1.65,17.0,4.53,4.31,1.05,16457.0,2.16,-35.91,0.1,30
Godawari Power & Ispat Ltd,Dec 2025,Manufacturing,Bull,7.88,-0.15,20.1,2.82,15.08,0.41,15.3,20.5,19.0,0.35,1.65,16.77,4.53,4.31,1.05,16457.0,2.14,-0.93,0.71,28
Godawari Power & Ispat Ltd,Jun 2023,Manufacturing,Bull,48.47,4.36,20.1,2.82,15.08,0.41,15.3,20.5,23.0,0.35,1.65,30.7,4.53,4.31,1.05,16457.0,3.4,58.88,0.82,29
Godawari Power & Ispat Ltd,Jun 2024,Manufacturing,Bull,42.71,-3.98,20.1,2.82,15.08,0.41,15.3,20.5,30.0,0.35,1.65,29.14,2.52,25.33,1.05,16457.0,4.22,24.12,0.88,21
Godawari Power & Ispat Ltd,Jun 2025,Manufacturing,Bull,-0.03,20.17,20.1,2.82,15.08,0.41,15.3,20.5,24.0,0.35,1.65,21.6,1.93,48.97,1.05,16457.0,3.23,-23.46,0.82,23
Godawari Power & Ispat Ltd,Jun 2026,Manufacturing,Bull,-8.25,-4.37,20.1,2.82,15.08,0.41,15.3,20.5,19.0,0.35,1.65,16.7,53.64,55.24,1.05,16457.0,3.29,1.86,0.71,24
Godawari Power & Ispat Ltd,Mar 2024,Manufacturing,Bull,-2.37,17.89,20.1,2.82,15.08,0.41,15.3,20.5,22.0,0.35,1.65,13.71,15.38,-5.19,1.05,16457.0,3.21,-2.43,0.1,30
Godawari Power & Ispat Ltd,Mar 2025,Manufacturing,Bear,-15.57,-8.32,20.1,2.82,15.08,0.41,15.3,20.5,22.0,0.35,1.65,21.2,9.39,-22.65,1.05,16457.0,3.31,3.12,-0.08,26
Godawari Power & Ispat Ltd,Mar 2026,Manufacturing,Bear,0.83,-3.73,20.1,2.82,15.08,0.41,15.3,20.5,27.0,0.35,1.65,23.11,21.69,29.63,1.05,16457.0,4.17,25.98,0.93,30
Godawari Power & Ispat Ltd,Sep 2023,Manufacturing,Bull,21.83,8.08,20.1,2.82,15.08,0.41,15.3,20.5,28.0,0.35,1.65,36.1,-26.23,15.77,1.05,16457.0,3.78,-9.35,0.53,25
Godawari Power & Ispat Ltd,Sep 2024,Manufacturing,Bull,2.42,24.77,20.1,2.82,15.08,0.41,15.3,20.5,19.0,0.35,1.65,17.64,-17.12,-27.4,1.05,16457.0,2.38,-37.04,-0.74,23
Godawari Power & Ispat Ltd,Sep 2025,Manufacturing,Bear,33.51,-10.46,20.1,2.82,15.08,0.41,15.3,20.5,20.0,0.35,1.65,23.64,-10.9,-27.03,1.05,16457.0,2.41,1.26,0.03,30
Granules India Ltd,Dec 2023,Pharma,Bull,13.78,-1.45,34.7,4.43,26.02,0.19,13.8,15.5,22.0,0.35,1.65,8.62,8.41,5.51,1.05,22532.0,5.18,8.7,0.44,31
Granules India Ltd,Dec 2024,Pharma,Bear,2.27,-3.9,34.7,4.43,26.02,0.19,13.8,15.5,20.0,0.35,1.65,8.52,8.41,5.51,1.05,22532.0,4.85,-6.37,0.54,25
Granules India Ltd,Dec 2025,Pharma,Bull,10.29,-6.44,34.7,4.43,26.02,0.19,13.8,15.5,22.0,0.35,1.65,10.62,8.41,5.51,1.05,22532.0,6.19,27.63,0.74,22
Granules India Ltd,Jun 2023,Pharma,Bull,-0.15,13.7,34.7,4.43,26.02,0.19,13.8,15.5,14.0,0.35,1.65,6.23,8.41,5.51,1.05,22532.0,1.98,-68.01,-0.13,24
Granules India Ltd,Jun 2024,Pharma,Bull,12.52,-16.21,34.7,4.43,26.02,0.19,13.8,15.5,22.0,0.35,1.65,9.59,2.08,7.14,1.05,22532.0,5.56,150.0,0.91,23
Granules India Ltd,Jun 2025,Pharma,Bull,2.6,15.82,34.7,4.43,26.02,0.19,13.8,15.5,20.0,0.35,1.65,10.29,6.33,-4.24,1.05,22532.0,4.64,-16.55,-0.85,27
Granules India Ltd,Jun 2026,Pharma,Bull,29.48,-2.89,34.7,4.43,26.02,0.19,13.8,15.5,23.0,0.35,1.65,16.14,6.41,20.0,1.05,22532.0,7.26,56.47,0.64,27
Granules India Ltd,Mar 2024,Pharma,Bull,4.46,16.37,34.7,4.43,26.02,0.19,13.8,15.5,22.0,0.35,1.65,8.83,19.27,170.83,1.05,22532.0,5.35,-26.31,0.77,22
Granules India Ltd,Mar 2025,Pharma,Bear,-18.59,1.38,34.7,4.43,26.02,0.19,13.8,15.5,21.0,0.35,1.65,10.5,1.44,12.59,1.05,22532.0,6.27,17.2,0.7,23
Granules India Ltd,Mar 2026,Pharma,Bear,0.19,4.11,34.7,4.43,26.02,0.19,13.8,15.5,24.0,0.35,1.65,10.67,21.57,78.76,1.05,22532.0,8.13,29.67,0.82,22
Granules India Ltd,Sep 2023,Pharma,Bull,19.35,6.13,34.7,4.43,26.02,0.19,13.8,15.5,18.0,0.35,1.65,8.19,-19.5,-43.33,1.05,22532.0,4.21,-48.22,0.13,28
Granules India Ltd,Sep 2024,Pharma,Bull,13.23,10.53,34.7,4.43,26.02,0.19,13.8,15.5,21.0,0.35,1.65,7.81,-17.77,-25.38,1.05,22532.0,4.01,-4.75,-0.27,30
Granules India Ltd,Sep 2025,Pharma,Bear,6.02,1.76,34.7,4.43,26.02,0.19,13.8,15.5,21.0,0.35,1.65,9.59,8.35,-13.82,1.05,22532.0,5.38,34.16,0.89,26
Graphite India Ltd,Dec 2023,Manufacturing,Bull,11.47,-11.76,73.6,2.75,55.2,0.85,3.11,4.58,-1.9,0.35,1.65,-3.25,4.53,4.31,1.05,16134.0,0.92,8.7,0.65,24
Graphite India Ltd,Dec 2024,Manufacturing,Bear,-6.03,12.14,73.6,2.75,55.2,0.85,3.11,4.58,-1.5,0.35,1.65,-4.0,4.53,4.31,1.05,16134.0,-1.02,-100.0,0.32,29
Graphite India Ltd,Dec 2025,Manufacturing,Bull,16.96,10.71,73.6,2.75,55.2,0.85,3.11,4.58,7.0,0.35,1.65,21.0,4.53,4.31,1.05,16134.0,3.48,150.0,0.91,21
Graphite India Ltd,Jun 2023,Manufacturing,Bull,45.12,17.08,73.6,2.75,55.2,0.85,3.11,4.58,-12.0,0.35,1.65,-9.12,4.53,4.31,1.05,16134.0,-1.54,-100.0,-0.74,30
Graphite India Ltd,Jun 2024,Manufacturing,Bull,-11.63,-0.54,73.6,2.75,55.2,0.85,3.11,4.58,16.0,0.35,1.65,37.67,5.51,724.9,1.05,16134.0,12.13,150.0,0.84,25
Graphite India Ltd,Jun 2025,Manufacturing,Bull,16.89,-2.73,73.6,2.75,55.2,0.85,3.11,4.58,6.0,0.35,1.65,21.5,27.15,-596.89,1.05,16134.0,6.86,-43.45,-0.62,28
Graphite India Ltd,Jun 2026,Manufacturing,Bull,-4.63,-4.59,73.6,2.75,55.2,0.85,3.11,4.58,17.0,0.35,1.65,36.0,31.15,155.22,1.05,16134.0,8.8,28.28,0.81,24
Graphite India Ltd,Mar 2024,Manufacturing,Bull,9.4,-1.61,73.6,2.75,55.2,0.85,3.11,4.58,-1.4,0.35,1.65,-3.33,-3.61,-153.33,1.05,16134.0,0.82,-90.68,-0.68,29
Graphite India Ltd,Mar 2025,Manufacturing,Bear,-15.81,8.61,73.6,2.75,55.2,0.85,3.11,4.58,6.0,0.35,1.65,19.5,-8.52,-79.24,1.05,16134.0,2.56,150.0,0.87,28
Graphite India Ltd,Mar 2026,Manufacturing,Bear,-4.85,-16.79,73.6,2.75,55.2,0.85,3.11,4.58,-17.0,0.35,1.65,-7.72,22.71,-178.95,1.05,16134.0,-5.32,-100.0,0.6,29
Graphite India Ltd,Sep 2023,Manufacturing,Bull,25.56,15.16,73.6,2.75,55.2,0.85,3.11,4.58,-3.8,0.35,1.65,-7.5,-5.82,369.01,1.05,16134.0,41.15,150.0,-0.05,25
Graphite India Ltd,Sep 2024,Manufacturing,Bull,5.08,18.68,73.6,2.75,55.2,0.85,3.11,4.58,17.0,0.35,1.65,27.5,-10.69,724.9,1.05,16134.0,9.98,-75.75,0.88,23
Graphite India Ltd,Sep 2025,Manufacturing,Bear,-1.19,-4.74,73.6,2.75,55.2,0.85,3.11,4.58,6.0,0.35,1.65,14.33,9.46,55.1,1.05,16134.0,3.94,-60.52,0.84,25
Gravita India Ltd,Dec 2023,Manufacturing,Bull,24.01,-9.2,31.4,5.02,23.55,0.38,16.8,17.0,11.0,0.35,1.65,6.15,4.53,4.31,1.05,12313.0,8.73,8.7,-0.2,21
Gravita India Ltd,Dec 2024,Manufacturing,Bear,-11.58,-13.99,31.4,5.02,23.55,0.38,16.8,17.0,8.0,0.35,1.65,6.23,4.53,4.31,1.05,12313.0,10.56,20.96,-0.05,21
Gravita India Ltd,Dec 2025,Manufacturing,Bull,19.17,-5.57,31.4,5.02,23.55,0.38,16.8,17.0,12.0,0.35,1.65,17.14,4.53,4.31,1.05,12313.0,13.23,25.28,0.7,29
Gravita India Ltd,Jun 2023,Manufacturing,Bull,22.28,6.07,31.4,5.02,23.55,0.38,16.8,17.0,8.0,0.35,1.65,4.46,4.53,4.31,1.05,12313.0,7.54,-43.01,-0.79,25
Gravita India Ltd,Jun 2024,Manufacturing,Bull,48.33,15.41,31.4,5.02,23.55,0.38,16.8,17.0,10.0,0.35,1.65,6.77,19.79,11.48,1.05,12313.0,9.75,29.31,0.9,22
Gravita India Ltd,Jun 2025,Manufacturing,Bull,6.98,-4.84,31.4,5.02,23.55,0.38,16.8,17.0,10.0,0.35,1.65,16.83,4.42,19.23,1.05,12313.0,12.64,29.64,0.9,20
Gravita India Ltd,Jun 2026,Manufacturing,Bull,23.66,0.23,31.4,5.02,23.55,0.38,16.8,17.0,7.0,0.35,1.65,10.0,45.03,9.28,1.05,12313.0,14.41,14.0,0.8,23
Gravita India Ltd,Mar 2024,Manufacturing,Bull,-7.77,38.02,31.4,5.02,23.55,0.38,16.8,17.0,8.0,0.35,1.65,6.0,22.76,30.19,1.05,12313.0,9.99,-30.67,0.81,20
Gravita India Ltd,Mar 2025,Manufacturing,Bear,-15.86,-8.55,31.4,5.02,23.55,0.38,16.8,17.0,9.0,0.35,1.65,15.33,14.21,39.71,1.05,12313.0,12.89,29.03,0.62,21
Gravita India Ltd,Mar 2026,Manufacturing,Bear,-29.08,-5.05,31.4,5.02,23.55,0.38,16.8,17.0,10.0,0.35,1.65,28.25,12.79,-1.08,1.05,12313.0,12.45,-3.41,0.4,28
Gravita India Ltd,Sep 2023,Manufacturing,Bull,51.35,-7.81,31.4,5.02,23.55,0.38,16.8,17.0,9.0,0.35,1.65,6.64,-43.32,-44.34,1.05,12313.0,8.38,-32.69,-0.27,24
Gravita India Ltd,Sep 2024,Manufacturing,Bull,66.11,2.11,31.4,5.02,23.55,0.38,16.8,17.0,7.0,0.35,1.65,5.25,7.42,4.35,1.05,12313.0,10.43,24.46,0.77,20
Gravita India Ltd,Sep 2025,Manufacturing,Bear,-15.03,5.97,31.4,5.02,23.55,0.38,16.8,17.0,10.0,0.35,1.65,12.75,-0.1,1.05,1.05,12313.0,13.01,24.74,0.91,23
Billionbrains Garage Ventures Ltd,Dec 2024,Banking,Bear,7.49,0.74,51.5,12.99,38.62,0.0,28.8,37.3,104.0,0.45,1.65,63.38,8.74,9.96,1.05,125622.0,20.71,8.7,0.54,29
Billionbrains Garage Ventures Ltd,Dec 2025,Banking,Bull,18.91,8.38,51.5,12.99,38.62,0.0,28.8,37.3,59.0,0.45,1.65,72.0,8.74,9.96,1.05,125622.0,0.89,-95.7,-0.25,31
Billionbrains Garage Ventures Ltd,Jun 2025,Banking,Bull,22.86,5.18,51.5,12.99,38.62,0.0,28.8,37.3,53.0,0.45,1.65,30.19,8.74,9.96,1.05,125622.0,1.81,103.37,0.62,35
Billionbrains Garage Ventures Ltd,Jun 2026,Banking,Bull,25.08,-3.64,51.5,12.99,38.62,0.0,28.8,37.3,65.0,0.45,1.65,138.57,8.74,9.96,1.05,125622.0,1.17,-35.36,-0.34,32
Billionbrains Garage Ventures Ltd,Mar 2025,Banking,Bear,-10.24,-10.04,51.5,12.99,38.62,0.0,28.8,37.3,48.0,0.45,1.65,24.25,-17.85,-59.18,1.05,125622.0,1.69,44.44,0.57,31
Billionbrains Garage Ventures Ltd,Mar 2026,Banking,Bear,-3.34,6.02,51.5,12.99,38.62,0.0,28.8,37.3,62.0,0.45,1.65,117.25,23.77,25.41,1.05,125622.0,1.09,-35.5,0.62,36
Billionbrains Garage Ventures Ltd,Sep 2024,Banking,Bull,21.22,5.67,51.5,12.99,38.62,0.0,28.8,37.3,49.0,0.45,1.65,61.11,24.45,11.11,1.05,125622.0,13.51,150.0,0.91,28
Billionbrains Garage Ventures Ltd,Sep 2025,Banking,Bear,-17.94,-16.39,51.5,12.99,38.62,0.0,28.8,37.3,59.0,0.45,1.65,54.82,-32.11,-35.92,1.05,125622.0,0.79,-94.15,-0.53,33
Havells India Ltd,Dec 2023,Manufacturing,Bull,-1.42,-2.05,41.8,7.36,31.35,0.9,19.0,24.9,10.0,0.35,1.65,43.3,4.53,4.31,1.05,69722.0,4.59,8.7,0.48,32
Havells India Ltd,Dec 2024,Manufacturing,Bear,-16.24,7.36,41.8,7.36,31.35,0.9,19.0,24.9,9.0,0.35,1.65,47.33,4.53,4.31,1.05,69722.0,4.44,-3.27,0.59,26
Havells India Ltd,Dec 2025,Manufacturing,Bull,-4.06,-4.59,41.8,7.36,31.35,0.9,19.0,24.9,9.0,0.35,1.65,57.33,4.53,4.31,1.05,69722.0,4.8,8.11,0.32,31
Havells India Ltd,Jun 2023,Manufacturing,Bull,8.26,9.61,41.8,7.36,31.35,0.9,19.0,24.9,8.0,0.35,1.65,50.25,4.53,4.31,1.05,69722.0,4.58,-4.58,0.23,28
Havells India Ltd,Jun 2024,Manufacturing,Bull,20.72,5.95,41.8,7.36,31.35,0.9,19.0,24.9,10.0,0.35,1.65,63.56,31.54,41.67,1.05,69722.0,6.51,42.14,0.8,31
Havells India Ltd,Jun 2025,Manufacturing,Bull,3.71,1.29,41.8,7.36,31.35,0.9,19.0,24.9,9.0,0.35,1.65,57.33,11.58,25.18,1.05,69722.0,5.55,-14.75,0.89,24
Havells India Ltd,Jun 2026,Manufacturing,Bull,-1.76,-5.86,41.8,7.36,31.35,0.9,19.0,24.9,7.0,0.35,1.65,66.57,16.64,-3.33,1.05,69722.0,4.63,-16.58,-0.49,25
Havells India Ltd,Mar 2024,Manufacturing,Bull,11.48,5.2,41.8,7.36,31.35,0.9,19.0,24.9,12.0,0.35,1.65,35.28,12.58,55.75,1.05,69722.0,7.13,54.0,0.9,27
Havells India Ltd,Mar 2025,Manufacturing,Bear,-8.77,-2.9,41.8,7.36,31.35,0.9,19.0,24.9,12.0,0.35,1.65,50.47,12.71,26.72,1.05,69722.0,8.26,15.85,0.91,32
Havells India Ltd,Mar 2026,Manufacturing,Bear,-15.75,-4.11,41.8,7.36,31.35,0.9,19.0,24.9,11.0,0.35,1.65,72.9,22.91,107.76,1.05,69722.0,11.53,39.59,0.91,24
Havells India Ltd,Sep 2023,Manufacturing,Bull,7.62,5.57,41.8,7.36,31.35,0.9,19.0,24.9,10.0,0.35,1.65,41.44,-40.17,-14.14,1.05,69722.0,3.97,-65.57,0.13,34
Havells India Ltd,Sep 2024,Manufacturing,Bull,10.36,8.57,41.8,7.36,31.35,0.9,19.0,24.9,8.0,0.35,1.65,37.5,-16.59,-40.04,1.05,69722.0,4.28,7.81,-0.76,24
Havells India Ltd,Sep 2025,Manufacturing,Bear,-2.97,-4.6,41.8,7.36,31.35,0.9,19.0,24.9,9.0,0.35,1.65,48.67,-26.97,-38.49,1.05,69722.0,5.09,18.93,0.88,29
HBL Engineering Ltd,Dec 2023,Manufacturing,Bull,55.22,-2.11,25.0,9.04,18.75,0.42,45.3,59.3,19.0,0.35,1.65,37.67,4.53,4.31,1.05,20019.0,2.85,8.7,0.64,30
HBL Engineering Ltd,Dec 2024,Manufacturing,Bear,-1.16,-15.34,25.0,9.04,18.75,0.42,45.3,59.3,21.0,0.35,1.65,18.8,4.53,4.31,1.05,20019.0,2.33,-18.25,-0.44,24
HBL Engineering Ltd,Dec 2025,Manufacturing,Bull,11.06,-14.91,25.0,9.04,18.75,0.42,45.3,59.3,35.0,0.35,1.65,100.67,4.53,4.31,1.05,20019.0,7.96,150.0,0.91,26
HBL Engineering Ltd,Jun 2023,Manufacturing,Bull,59.06,6.33,25.0,9.04,18.75,0.42,45.3,59.3,17.0,0.35,1.65,39.0,4.53,4.31,1.05,20019.0,1.87,-76.51,0.2,27
HBL Engineering Ltd,Jun 2024,Manufacturing,Bull,9.04,-1.02,25.0,9.04,18.75,0.42,45.3,59.3,21.0,0.35,1.65,55.0,-13.19,1.27,1.05,20019.0,2.89,54.55,0.62,25
HBL Engineering Ltd,Jun 2025,Manufacturing,Bull,15.87,13.13,25.0,9.04,18.75,0.42,45.3,59.3,32.0,0.35,1.65,32.0,33.48,120.0,1.05,20019.0,5.17,78.89,0.62,21
HBL Engineering Ltd,Jun 2026,Manufacturing,Bull,23.01,-0.07,25.0,9.04,18.75,0.42,45.3,59.3,23.0,0.35,1.65,29.4,-27.0,-50.45,1.05,20019.0,3.94,-23.79,0.1,21
HBL Engineering Ltd,Mar 2024,Manufacturing,Bull,4.19,-8.89,25.0,9.04,18.75,0.42,45.3,59.3,22.0,0.35,1.65,32.75,30.62,55.77,1.05,20019.0,2.94,-25.38,0.78,31
HBL Engineering Ltd,Mar 2025,Manufacturing,Bear,-25.38,2.11,25.0,9.04,18.75,0.42,45.3,59.3,17.0,0.35,1.65,19.75,-8.46,-43.75,1.05,20019.0,1.62,-44.9,0.6,23
HBL Engineering Ltd,Mar 2026,Manufacturing,Bear,-32.95,0.3,25.0,9.04,18.75,0.42,45.3,59.3,12.0,0.35,1.65,37.5,0.33,-55.24,1.05,20019.0,2.3,41.98,0.62,27
HBL Engineering Ltd,Sep 2023,Manufacturing,Bull,74.35,45.19,25.0,9.04,18.75,0.42,45.3,59.3,18.0,0.35,1.65,33.67,-12.7,-37.61,1.05,20019.0,2.48,7.83,0.6,23
HBL Engineering Ltd,Sep 2024,Manufacturing,Bull,20.64,28.49,25.0,9.04,18.75,0.42,45.3,59.3,21.0,0.35,1.65,36.33,-14.59,7.41,1.05,20019.0,3.15,27.02,0.87,21
HBL Engineering Ltd,Sep 2025,Manufacturing,Bear,31.3,-21.38,25.0,9.04,18.75,0.42,45.3,59.3,44.0,0.35,1.65,181.33,123.91,724.9,1.05,20019.0,13.97,150.0,0.91,23
HDB Financial Services Ltd,Dec 2024,Banking,Bear,5.69,1.46,25.6,2.64,19.2,0.6,14.7,9.79,44.0,0.45,1.65,14.93,8.74,9.96,1.05,55595.0,5.95,8.7,0.68,34
HDB Financial Services Ltd,Mar 2024,Banking,Bull,5.69,1.46,25.6,2.64,19.2,0.6,14.7,9.79,44.0,0.45,1.65,14.93,8.74,9.96,1.05,55595.0,8.27,38.99,0.88,33
HDB Financial Services Ltd,Mar 2025,Banking,Bear,5.69,1.46,25.6,2.64,19.2,0.6,14.7,9.79,44.0,0.45,1.65,14.93,8.74,9.96,1.05,55595.0,6.67,-19.35,0.15,25
HEG Ltd,Dec 2023,Manufacturing,Bull,10.02,-3.2,12.9,0.96,9.68,1.43,7.42,8.35,15.0,0.35,1.65,8.7,4.53,4.31,1.05,4577.0,2.26,8.7,0.57,25
HEG Ltd,Dec 2024,Manufacturing,Bear,4.17,11.05,12.9,0.96,9.68,1.43,7.42,8.35,14.0,0.35,1.65,7.44,4.53,4.31,1.05,4577.0,4.32,91.15,0.36,22
HEG Ltd,Dec 2025,Manufacturing,Bull,21.51,19.05,12.9,0.96,9.68,1.43,7.42,8.35,22.0,0.35,1.65,15.89,4.53,4.31,1.05,4577.0,10.72,148.15,0.36,22
HEG Ltd,Jun 2023,Manufacturing,Bull,69.7,2.36,12.9,0.96,9.68,1.43,7.42,8.35,23.0,0.35,1.65,16.78,4.53,4.31,1.05,4577.0,7.21,-32.74,-0.49,18
HEG Ltd,Jun 2024,Manufacturing,Bull,10.38,4.07,12.9,0.96,9.68,1.43,7.42,8.35,7.0,0.35,1.65,4.88,1.6,-47.73,1.05,4577.0,1.19,-83.5,0.03,23
HEG Ltd,Jun 2025,Manufacturing,Bull,5.69,0.9,12.9,0.96,9.68,1.43,7.42,8.35,17.0,0.35,1.65,13.25,28.24,26.51,1.05,4577.0,5.43,150.0,0.91,25
HEG Ltd,Jun 2026,Manufacturing,Bull,-8.41,5.59,12.9,0.96,9.68,1.43,7.42,8.35,22.0,0.35,1.65,15.1,3.81,-41.06,1.05,4577.0,6.34,16.76,0.91,19
HEG Ltd,Mar 2024,Manufacturing,Bull,-4.34,-8.2,12.9,0.96,9.68,1.43,7.42,8.35,8.0,0.35,1.65,4.56,-18.48,-76.26,1.05,4577.0,1.71,-73.03,-0.68,27
HEG Ltd,Mar 2025,Manufacturing,Bear,-8.95,4.09,12.9,0.96,9.68,1.43,7.42,8.35,-11.0,0.35,1.65,-5.08,-5.95,-421.74,1.05,4577.0,-3.82,-100.0,0.46,22
HEG Ltd,Mar 2026,Manufacturing,Bear,-13.1,-15.74,12.9,0.96,9.68,1.43,7.42,8.35,-25.0,0.35,1.65,-9.12,-1.63,-208.57,1.05,4577.0,-5.89,-54.19,0.2,18
HEG Ltd,Sep 2023,Manufacturing,Bull,8.03,16.17,12.9,0.96,9.68,1.43,7.42,8.35,17.0,0.35,1.65,11.33,-9.84,-21.31,1.05,4577.0,4.97,150.0,0.91,24
HEG Ltd,Sep 2024,Manufacturing,Bull,12.97,35.96,12.9,0.96,9.68,1.43,7.42,8.35,17.0,0.35,1.65,10.78,3.84,148.48,1.05,4577.0,4.26,-14.29,0.62,21
HEG Ltd,Sep 2025,Manufacturing,Bear,-1.3,4.82,12.9,0.96,9.68,1.43,7.42,8.35,17.0,0.35,1.65,13.11,30.17,-293.24,1.05,4577.0,7.43,74.41,0.92,22
Hero MotoCorp Ltd,Dec 2023,Manufacturing,Bull,37.27,-6.04,18.9,4.84,14.18,3.54,28.1,35.2,14.0,0.35,1.65,60.22,4.53,4.31,1.05,104504.0,54.7,8.7,0.94,25
Hero MotoCorp Ltd,Dec 2024,Manufacturing,Bear,-27.64,-2.72,18.9,4.84,14.18,3.54,28.1,35.2,14.0,0.35,1.65,83.29,4.53,4.31,1.05,104504.0,55.38,1.24,0.95,25
Hero MotoCorp Ltd,Dec 2025,Manufacturing,Bull,6.23,-9.89,18.9,4.84,14.18,3.54,28.1,35.2,14.0,0.35,1.65,87.6,4.53,4.31,1.05,104504.0,63.35,14.39,0.93,34
Hero MotoCorp Ltd,Jun 2023,Manufacturing,Bull,19.7,0.56,18.9,4.84,14.18,3.54,28.1,35.2,13.0,0.35,1.65,53.19,4.53,4.31,1.05,104504.0,35.53,-43.91,0.81,26
Hero MotoCorp Ltd,Jun 2024,Manufacturing,Bull,19.2,13.02,18.9,4.84,14.18,3.54,28.1,35.2,14.0,0.35,1.65,74.05,4.32,-5.41,1.05,104504.0,52.31,47.23,0.97,33
Hero MotoCorp Ltd,Jun 2025,Manufacturing,Bull,12.63,6.37,18.9,4.84,14.18,3.54,28.1,35.2,15.0,0.35,1.65,67.29,-5.19,53.97,1.05,104504.0,85.26,62.99,0.97,27
Hero MotoCorp Ltd,Jun 2026,Manufacturing,Bull,-6.4,-2.52,18.9,4.84,14.18,3.54,28.1,35.2,13.0,0.35,1.65,81.05,5.12,11.22,1.05,104504.0,70.59,-17.21,0.86,35
Hero MotoCorp Ltd,Mar 2024,Manufacturing,Bull,17.17,14.77,18.9,4.84,14.18,3.54,28.1,35.2,14.0,0.35,1.65,164.88,8.65,34.52,1.05,104504.0,46.77,-33.74,0.97,35
Hero MotoCorp Ltd,Mar 2025,Manufacturing,Bear,-8.79,0.2,18.9,4.84,14.18,3.54,28.1,35.2,14.0,0.35,1.65,84.76,-2.36,13.28,1.05,104504.0,58.06,24.14,0.97,32
Hero MotoCorp Ltd,Mar 2026,Manufacturing,Bear,-11.64,-2.01,18.9,4.84,14.18,3.54,28.1,35.2,14.0,0.35,1.65,98.42,33.41,-13.6,1.05,104504.0,72.97,25.68,0.98,28
Hero MotoCorp Ltd,Sep 2023,Manufacturing,Bull,6.65,22.62,18.9,4.84,14.18,3.54,28.1,35.2,14.0,0.35,1.65,54.4,-27.37,-28.98,1.05,104504.0,50.35,-31.0,0.94,34
Hero MotoCorp Ltd,Sep 2024,Manufacturing,Bull,2.7,-3.33,18.9,4.84,14.18,3.54,28.1,35.2,14.0,0.35,1.65,80.56,9.0,13.04,1.05,104504.0,53.19,5.64,0.96,31
Hero MotoCorp Ltd,Sep 2025,Manufacturing,Bear,31.45,2.78,18.9,4.84,14.18,3.54,28.1,35.2,14.0,0.35,1.65,92.95,22.55,13.0,1.05,104504.0,65.42,22.99,0.96,26
Hexaware Technologies Ltd,Dec 2023,IT,Bull,14.77,4.29,21.4,4.52,16.05,2.31,24.9,30.1,13.0,0.35,1.65,47.29,5.5,7.6,1.05,30371.0,6.42,8.7,0.86,25
Hexaware Technologies Ltd,Dec 2024,IT,Bear,1.74,2.7,21.4,4.52,16.05,2.31,24.9,30.1,16.0,0.35,1.65,23.33,5.5,7.6,1.05,30371.0,5.25,-18.22,0.13,25
Hexaware Technologies Ltd,Dec 2025,IT,Bull,14.01,-1.36,21.4,4.52,16.05,2.31,24.9,30.1,11.0,0.35,1.65,12.19,5.5,7.6,1.05,30371.0,4.78,-8.95,0.54,32
Hexaware Technologies Ltd,Jun 2020,IT,Bull,22.77,10.52,21.4,4.52,16.05,2.31,24.9,30.1,17.0,0.35,1.65,18.07,5.5,7.6,1.05,30371.0,5.1,6.69,0.08,27
Hexaware Technologies Ltd,Jun 2024,IT,Bull,12.43,11.42,21.4,4.52,16.05,2.31,24.9,30.1,15.0,0.35,1.65,35.92,12.23,42.49,1.05,30371.0,4.53,-11.18,0.9,28
Hexaware Technologies Ltd,Jun 2025,IT,Bull,22.2,3.96,21.4,4.52,16.05,2.31,24.9,30.1,12.0,0.35,1.65,19.24,3.39,18.38,1.05,30371.0,6.24,37.75,0.92,29
Hexaware Technologies Ltd,Jun 2026,IT,Bull,21.32,-0.94,21.4,4.52,16.05,2.31,24.9,30.1,16.0,0.35,1.65,18.33,10.55,13.01,1.05,30371.0,5.4,-13.46,0.0,28
Hexaware Technologies Ltd,Mar 2024,IT,Bull,38.66,21.51,21.4,4.52,16.05,2.31,24.9,30.1,15.0,0.35,1.65,41.8,75.21,83.55,1.05,30371.0,9.31,72.41,0.62,30
Hexaware Technologies Ltd,Mar 2025,IT,Bear,-8.1,8.58,21.4,4.52,16.05,2.31,24.9,30.1,16.0,0.35,1.65,24.0,9.26,18.91,1.05,30371.0,5.38,-42.21,-0.05,23
Hexaware Technologies Ltd,Mar 2026,IT,Bear,-43.93,2.99,21.4,4.52,16.05,2.31,24.9,30.1,16.0,0.35,1.65,19.69,10.79,-7.37,1.05,30371.0,5.75,6.88,0.86,31
Hexaware Technologies Ltd,Sep 2020,IT,Bull,-10.29,-8.64,21.4,4.52,16.05,2.31,24.9,30.1,18.0,0.35,1.65,21.31,-55.39,-50.61,1.05,30371.0,5.42,-5.74,0.8,25
Hexaware Technologies Ltd,Sep 2024,IT,Bull,14.95,10.88,21.4,4.52,16.05,2.31,24.9,30.1,16.0,0.35,1.65,21.35,14.08,7.53,1.05,30371.0,4.98,-8.12,0.68,26
Hexaware Technologies Ltd,Sep 2025,IT,Bear,-20.91,8.58,21.4,4.52,16.05,2.31,24.9,30.1,17.0,0.35,1.65,23.12,8.6,13.15,1.05,30371.0,6.08,22.09,0.9,29
HFCL Ltd,Dec 2023,Other,Bull,8.58,-9.08,62.5,7.31,46.88,0.09,6.98,10.8,11.0,0.35,1.65,3.16,4.82,1.82,1.05,35769.0,0.58,8.7,0.66,30
HFCL Ltd,Dec 2024,Other,Bear,-24.22,-11.41,62.5,7.31,46.88,0.09,6.98,10.8,15.0,0.35,1.65,3.23,4.82,1.82,1.05,35769.0,0.51,-12.07,-0.44,27
HFCL Ltd,Dec 2025,Other,Bull,-7.67,-10.79,62.5,7.31,46.88,0.09,6.98,10.8,19.0,0.35,1.65,3.62,4.82,1.82,1.05,35769.0,0.64,25.49,0.91,25
HFCL Ltd,Jun 2023,Other,Bull,5.95,7.79,62.5,7.31,46.88,0.09,6.98,10.8,15.0,0.35,1.65,4.06,4.82,1.82,1.05,35769.0,0.49,-23.44,0.54,33
HFCL Ltd,Jun 2024,Other,Bull,14.78,14.43,62.5,7.31,46.88,0.09,6.98,10.8,15.0,0.35,1.65,4.17,12.21,35.37,1.05,35769.0,0.77,57.14,0.25,32
HFCL Ltd,Jun 2025,Other,Bull,7.14,0.27,62.5,7.31,46.88,0.09,6.98,10.8,3.3,0.35,1.65,0.5,-13.93,-139.73,1.05,35769.0,-0.22,-100.0,0.72,24
HFCL Ltd,Jun 2026,Other,Bull,193.71,14.56,62.5,7.31,46.88,0.09,6.98,10.8,22.0,0.35,1.65,6.68,58.13,141.18,1.05,35769.0,1.49,150.0,0.34,28
HFCL Ltd,Mar 2024,Other,Bull,8.57,21.22,62.5,7.31,46.88,0.09,6.98,10.8,15.0,0.35,1.65,4.9,33.27,43.42,1.05,35769.0,0.76,-48.99,0.88,32
HFCL Ltd,Mar 2025,Other,Bear,-30.63,-3.64,62.5,7.31,46.88,0.09,6.98,10.8,-4.6,0.35,1.65,-0.73,-30.83,-174.77,1.05,35769.0,-0.56,-100.0,-0.49,27
HFCL Ltd,Mar 2026,Other,Bear,-1.54,16.21,62.5,7.31,46.88,0.09,6.98,10.8,17.0,0.35,1.65,4.98,109.41,-596.89,1.05,35769.0,1.17,150.0,0.57,33
HFCL Ltd,Sep 2023,Other,Bull,13.35,8.41,62.5,7.31,46.88,0.09,6.98,10.8,12.0,0.35,1.65,3.8,-41.98,-71.54,1.05,35769.0,0.49,-58.12,-0.68,23
HFCL Ltd,Sep 2024,Other,Bull,29.71,-1.96,62.5,7.31,46.88,0.09,6.98,10.8,14.0,0.35,1.65,3.51,-17.5,-33.03,1.05,35769.0,0.51,4.08,0.57,25
HFCL Ltd,Sep 2025,Other,Bear,-15.14,-13.41,62.5,7.31,46.88,0.09,6.98,10.8,18.0,0.35,1.65,3.11,30.21,-186.75,1.05,35769.0,0.47,-7.84,0.03,28
Hindustan Copper Ltd,Dec 2023,Manufacturing,Bull,70.07,-6.09,41.2,14.86,30.9,0.56,32.9,42.4,27.0,0.35,1.65,26.75,4.53,4.31,1.05,49753.0,0.65,8.7,0.68,31
Hindustan Copper Ltd,Dec 2024,Manufacturing,Bear,-28.97,5.75,41.2,14.86,30.9,0.56,32.9,42.4,33.0,0.35,1.65,108.0,4.53,4.31,1.05,49753.0,0.65,0.0,0.1,30
Hindustan Copper Ltd,Dec 2025,Manufacturing,Bull,54.58,0.12,41.2,14.86,30.9,0.56,32.9,42.4,50.0,0.35,1.65,170.0,4.53,4.31,1.05,49753.0,1.62,149.23,0.88,34
Hindustan Copper Ltd,Jun 2023,Manufacturing,Bull,16.81,13.33,41.2,14.86,30.9,0.56,32.9,42.4,25.0,0.35,1.65,23.25,4.53,4.31,1.05,49753.0,0.49,-69.75,0.0,30
Hindustan Copper Ltd,Jun 2024,Manufacturing,Bull,2.86,0.3,41.2,14.86,30.9,0.56,32.9,42.4,38.0,0.35,1.65,62.67,23.81,79.37,1.05,49753.0,1.17,138.78,0.78,28
Hindustan Copper Ltd,Jun 2025,Manufacturing,Bull,25.81,16.04,41.2,14.86,30.9,0.56,32.9,42.4,41.0,0.35,1.65,106.0,57.32,112.7,1.05,49753.0,1.39,18.8,0.92,29
Hindustan Copper Ltd,Jun 2026,Manufacturing,Bull,1.03,-6.83,41.2,14.86,30.9,0.56,32.9,42.4,54.0,0.35,1.65,169.33,36.24,125.64,1.05,49753.0,3.64,150.0,0.36,27
Hindustan Copper Ltd,Mar 2024,Manufacturing,Bull,2.41,-12.17,41.2,14.86,30.9,0.56,32.9,42.4,40.0,0.35,1.65,56.5,52.29,163.83,1.05,49753.0,1.29,-64.56,0.87,24
Hindustan Copper Ltd,Mar 2025,Manufacturing,Bear,-10.75,11.38,41.2,14.86,30.9,0.56,32.9,42.4,36.0,0.35,1.65,133.5,47.98,65.49,1.05,49753.0,1.94,50.39,0.78,33
Hindustan Copper Ltd,Mar 2026,Manufacturing,Bear,-13.09,-10.57,41.2,14.86,30.9,0.56,32.9,42.4,54.0,0.35,1.65,268.88,123.91,231.34,1.05,49753.0,4.59,136.6,0.74,25
Hindustan Copper Ltd,Sep 2023,Manufacturing,Bull,38.04,16.94,41.2,14.86,30.9,0.56,32.9,42.4,32.0,0.35,1.65,30.25,-55.39,-82.67,1.05,49753.0,0.63,-86.27,0.2,32
Hindustan Copper Ltd,Sep 2024,Manufacturing,Bull,7.04,10.42,41.2,14.86,30.9,0.56,32.9,42.4,29.0,0.35,1.65,152.0,-8.32,-17.74,1.05,49753.0,1.05,66.67,-0.05,26
Hindustan Copper Ltd,Sep 2025,Manufacturing,Bear,16.76,12.23,41.2,14.86,30.9,0.56,32.9,42.4,39.0,0.35,1.65,10.08,-1.78,-1.6,1.05,49753.0,1.9,80.95,0.79,27
Hindustan Petroleum Corporation Ltd,Dec 2023,Other,Bull,56.8,3.19,44.8,1.14,33.6,6.89,30.9,22.2,1.9,0.35,1.65,3.48,4.82,1.82,1.05,74899.0,3.35,8.7,0.59,32
Hindustan Petroleum Corporation Ltd,Dec 2024,Other,Bear,-8.13,-18.46,44.8,1.14,33.6,6.89,30.9,22.2,5.0,0.35,1.65,5.9,4.82,1.82,1.05,74899.0,11.95,150.0,0.88,31
Hindustan Petroleum Corporation Ltd,Dec 2025,Other,Bull,16.08,2.33,44.8,1.14,33.6,6.89,30.9,22.2,6.0,0.35,1.65,9.53,4.82,1.82,1.05,74899.0,18.85,57.74,0.25,25
Hindustan Petroleum Corporation Ltd,Jun 2023,Other,Bull,21.44,-1.2,44.8,1.14,33.6,6.89,30.9,22.2,9.0,0.35,1.65,15.38,4.82,1.82,1.05,74899.0,31.8,68.7,0.62,33
Hindustan Petroleum Corporation Ltd,Jun 2024,Other,Bull,6.26,8.17,44.8,1.14,33.6,6.89,30.9,22.2,1.8,0.35,1.65,2.85,2.28,-11.08,1.05,74899.0,2.98,-90.63,0.2,28
Hindustan Petroleum Corporation Ltd,Jun 2025,Other,Bull,21.11,3.02,44.8,1.14,33.6,6.89,30.9,22.2,7.0,0.35,1.65,9.13,0.2,61.6,1.05,74899.0,19.32,150.0,0.84,32
Hindustan Petroleum Corporation Ltd,Jun 2026,Other,Bull,17.55,-1.89,44.8,1.14,33.6,6.89,30.9,22.2,-11.0,0.35,1.65,-9.12,22.08,-405.78,1.05,74899.0,-57.64,-100.0,0.05,33
Hindustan Petroleum Corporation Ltd,Mar 2024,Other,Bull,22.46,5.84,44.8,1.14,33.6,6.89,30.9,22.2,4.3,0.35,1.65,6.78,2.32,-59.96,1.05,74899.0,12.73,122.09,0.71,35
Hindustan Petroleum Corporation Ltd,Mar 2025,Other,Bear,-12.61,-4.08,44.8,1.14,33.6,6.89,30.9,22.2,5.0,0.35,1.65,7.65,-3.74,438.64,1.05,74899.0,16.05,26.08,0.82,29
Hindustan Petroleum Corporation Ltd,Mar 2026,Other,Bear,-32.73,6.14,44.8,1.14,33.6,6.89,30.9,22.2,8.0,0.35,1.65,9.03,3.71,47.53,1.05,74899.0,28.5,77.57,0.78,26
Hindustan Petroleum Corporation Ltd,Sep 2023,Other,Bull,-10.07,22.42,44.8,1.14,33.6,6.89,30.9,22.2,9.0,0.35,1.65,13.97,-31.89,-147.51,1.05,74899.0,27.38,-3.93,0.46,32
Hindustan Petroleum Corporation Ltd,Sep 2024,Other,Bull,36.84,13.0,44.8,1.14,33.6,6.89,30.9,22.2,2.3,0.35,1.65,2.43,-12.84,-94.72,1.05,74899.0,0.67,-97.55,-0.56,35
Hindustan Petroleum Corporation Ltd,Sep 2025,Other,Bear,3.31,-4.18,44.8,1.14,33.6,6.89,30.9,22.2,7.0,0.35,1.65,8.32,-8.01,13.0,1.05,74899.0,18.14,150.0,0.93,27
Honasa Consumer Ltd,Dec 2023,Other,Bull,30.76,10.37,60.8,10.85,45.6,0.64,15.7,19.2,7.0,0.35,1.65,11.33,4.82,1.82,1.05,15361.0,0.8,8.7,-0.08,27
Honasa Consumer Ltd,Dec 2024,Other,Bear,-43.91,-15.04,60.8,10.85,45.6,0.64,15.7,19.2,5.0,0.35,1.65,8.67,4.82,1.82,1.05,15361.0,0.8,0.0,0.73,31
Honasa Consumer Ltd,Dec 2025,Other,Bull,-0.1,-7.25,60.8,10.85,45.6,0.64,15.7,19.2,11.0,0.35,1.65,21.67,4.82,1.82,1.05,15361.0,1.54,92.5,0.82,28
Honasa Consumer Ltd,Jun 2023,Other,Bull,7.86,0.74,60.8,10.85,45.6,0.64,15.7,19.2,6.0,0.35,1.65,29.0,4.82,1.82,1.05,15361.0,1.9,23.38,0.86,29
Honasa Consumer Ltd,Jun 2024,Other,Bull,6.26,6.33,60.8,10.85,45.6,0.64,15.7,19.2,8.0,0.35,1.65,15.33,13.52,53.85,1.05,15361.0,1.24,-34.74,0.92,23
Honasa Consumer Ltd,Jun 2025,Other,Bull,32.47,5.36,60.8,10.85,45.6,0.64,15.7,19.2,8.0,0.35,1.65,15.33,14.86,57.69,1.05,15361.0,1.27,2.42,0.92,23
Honasa Consumer Ltd,Jun 2026,Other,Bull,48.93,-1.68,60.8,10.85,45.6,0.64,15.7,19.2,15.0,0.35,1.65,36.67,25.58,80.0,1.05,15361.0,2.77,118.11,0.87,29
Honasa Consumer Ltd,Mar 2024,Other,Bull,-5.73,3.23,60.8,10.85,45.6,0.64,15.7,19.2,7.0,0.35,1.65,11.0,1.51,20.0,1.05,15361.0,0.94,-66.06,0.62,22
Honasa Consumer Ltd,Mar 2025,Other,Bear,-7.07,20.64,60.8,10.85,45.6,0.64,15.7,19.2,5.0,0.35,1.65,9.0,-3.61,-37.5,1.05,15361.0,0.77,-18.09,0.13,27
Honasa Consumer Ltd,Mar 2026,Other,Bear,5.17,16.85,60.8,10.85,45.6,0.64,15.7,19.2,12.0,0.35,1.65,25.67,10.42,68.29,1.05,15361.0,2.13,150.0,0.34,25
Honasa Consumer Ltd,Sep 2023,Other,Bull,-21.09,29.25,60.8,10.85,45.6,0.64,15.7,19.2,8.0,0.35,1.65,20.0,-34.39,-67.78,1.05,15361.0,2.16,1.41,0.0,23
Honasa Consumer Ltd,Sep 2024,Other,Bull,3.99,-16.47,60.8,10.85,45.6,0.64,15.7,19.2,-7.0,0.35,1.65,-9.12,-1.91,-163.33,1.05,15361.0,-0.57,-100.0,-0.74,24
Honasa Consumer Ltd,Sep 2025,Other,Bear,-7.23,-14.05,60.8,10.85,45.6,0.64,15.7,19.2,9.0,0.35,1.65,16.0,0.75,56.0,1.05,15361.0,1.21,150.0,0.71,24
Himadri Speciality Chemical Ltd,Dec 2023,Chemicals,Bull,21.95,1.47,42.0,7.13,31.5,0.12,17.8,22.1,17.0,0.35,1.65,8.29,4.4,0.0,1.05,33549.0,2.47,8.7,0.71,24
Himadri Speciality Chemical Ltd,Dec 2024,Chemicals,Bear,-12.42,-12.31,42.0,7.13,31.5,0.12,17.8,22.1,19.0,0.35,1.65,18.42,4.4,0.0,1.05,33549.0,2.88,16.6,0.92,29
Himadri Speciality Chemical Ltd,Dec 2025,Chemicals,Bull,8.83,-3.69,42.0,7.13,31.5,0.12,17.8,22.1,20.0,0.35,1.65,15.19,4.4,0.0,1.05,33549.0,3.81,32.29,0.88,31
Himadri Speciality Chemical Ltd,Jun 2023,Chemicals,Bull,49.89,46.06,42.0,7.13,31.5,0.12,17.8,22.1,14.0,0.35,1.65,10.31,4.4,0.0,1.05,33549.0,1.96,-48.56,-0.7,29
Himadri Speciality Chemical Ltd,Jun 2024,Chemicals,Bull,25.05,23.42,42.0,7.13,31.5,0.12,17.8,22.1,16.0,0.35,1.65,14.77,13.96,12.84,1.05,33549.0,2.48,26.53,0.92,27
Himadri Speciality Chemical Ltd,Jun 2025,Chemicals,Bull,18.95,-0.29,42.0,7.13,31.5,0.12,17.8,22.1,22.0,0.35,1.65,15.31,-2.02,26.95,1.05,33549.0,3.68,48.39,0.79,29
Himadri Speciality Chemical Ltd,Jun 2026,Chemicals,Bull,52.2,-14.54,42.0,7.13,31.5,0.12,17.8,22.1,20.0,0.35,1.65,13.09,20.95,18.75,1.05,33549.0,4.55,23.64,0.87,27
Himadri Speciality Chemical Ltd,Mar 2024,Chemicals,Bull,-8.78,1.98,42.0,7.13,31.5,0.12,17.8,22.1,15.0,0.35,1.65,12.86,23.76,33.72,1.05,33549.0,2.34,-48.57,0.78,29
Himadri Speciality Chemical Ltd,Mar 2025,Chemicals,Bear,-26.99,3.89,42.0,7.13,31.5,0.12,17.8,22.1,21.0,0.35,1.65,25.89,-5.42,26.02,1.05,33549.0,3.15,34.62,0.82,30
Himadri Speciality Chemical Ltd,Mar 2026,Chemicals,Bear,-9.02,14.33,42.0,7.13,31.5,0.12,17.8,22.1,19.0,0.35,1.65,14.24,15.21,16.2,1.05,33549.0,3.98,26.35,0.82,23
Himadri Speciality Chemical Ltd,Sep 2023,Chemicals,Bull,85.73,12.49,42.0,7.13,31.5,0.12,17.8,22.1,16.0,0.35,1.65,9.88,-29.82,-55.7,1.05,33549.0,2.29,-42.46,-0.03,24
Himadri Speciality Chemical Ltd,Sep 2024,Chemicals,Bull,66.73,12.77,42.0,7.13,31.5,0.12,17.8,22.1,18.0,0.35,1.65,18.91,-3.4,18.26,1.05,33549.0,2.74,19.65,0.93,29
Himadri Speciality Chemical Ltd,Sep 2025,Chemicals,Bear,-12.4,4.52,42.0,7.13,31.5,0.12,17.8,22.1,22.0,0.35,1.65,15.53,-5.64,13.55,1.05,33549.0,3.57,30.29,0.87,32
Housing & Urban Development Corporation Ltd,Dec 2023,Banking,Bull,39.4,1.12,8.13,1.57,6.1,3.5,20.0,8.41,44.0,0.45,1.65,14.93,8.74,9.96,1.05,34585.0,2.59,8.7,-0.08,32
Housing & Urban Development Corporation Ltd,Dec 2024,Banking,Bear,-0.52,-7.27,8.13,1.57,6.1,3.5,20.0,8.41,44.0,0.45,1.65,14.93,8.74,9.96,1.05,34585.0,3.67,41.7,0.7,30
Housing & Urban Development Corporation Ltd,Dec 2025,Banking,Bull,-1.46,3.26,8.13,1.57,6.1,3.5,20.0,8.41,44.0,0.45,1.65,14.93,8.74,9.96,1.05,34585.0,3.56,-3.0,0.64,31
Housing & Urban Development Corporation Ltd,Jun 2023,Banking,Bull,27.2,9.55,8.13,1.57,6.1,3.5,20.0,8.41,44.0,0.45,1.65,14.93,8.74,9.96,1.05,34585.0,2.23,-37.36,0.6,32
Housing & Urban Development Corporation Ltd,Jun 2024,Banking,Bull,39.97,-12.57,8.13,1.57,6.1,3.5,20.0,8.41,44.0,0.45,1.65,14.93,8.74,7.51,1.05,34585.0,2.79,25.11,0.36,33
Housing & Urban Development Corporation Ltd,Jun 2025,Banking,Bull,15.09,3.13,8.13,1.57,6.1,3.5,20.0,8.41,44.0,0.45,1.65,14.93,8.74,-14.29,1.05,34585.0,3.15,12.9,-0.49,25
Housing & Urban Development Corporation Ltd,Jun 2026,Banking,Bull,22.01,-3.06,8.13,1.57,6.1,3.5,20.0,8.41,44.0,0.45,1.65,14.93,8.74,19.35,1.05,34585.0,4.25,34.92,0.79,25
Housing & Urban Development Corporation Ltd,Mar 2024,Banking,Bull,46.22,23.04,8.13,1.57,6.1,3.5,20.0,8.41,44.0,0.45,1.65,14.93,8.74,56.95,1.05,34585.0,3.5,-17.65,0.93,26
Housing & Urban Development Corporation Ltd,Mar 2025,Banking,Bear,-14.83,2.94,8.13,1.57,6.1,3.5,20.0,8.41,44.0,0.45,1.65,14.93,8.74,30.47,1.05,34585.0,3.64,4.0,0.93,27
Housing & Urban Development Corporation Ltd,Mar 2026,Banking,Bear,-28.96,-0.41,8.13,1.57,6.1,3.5,20.0,8.41,44.0,0.45,1.65,14.93,8.74,214.44,1.05,34585.0,9.9,150.0,0.88,25
Housing & Urban Development Corporation Ltd,Sep 2023,Banking,Bull,64.67,35.47,8.13,1.57,6.1,3.5,20.0,8.41,44.0,0.45,1.65,14.93,8.74,-46.89,1.05,34585.0,2.26,-77.17,0.62,29
Housing & Urban Development Corporation Ltd,Sep 2024,Banking,Bull,-13.12,20.28,8.13,1.57,6.1,3.5,20.0,8.41,44.0,0.45,1.65,14.93,8.74,-1.57,1.05,34585.0,3.44,52.21,0.88,33
Housing & Urban Development Corporation Ltd,Sep 2025,Banking,Bear,-6.01,-9.79,8.13,1.57,6.1,3.5,20.0,8.41,44.0,0.45,1.65,14.93,8.74,-2.47,1.05,34585.0,3.55,3.2,-0.08,26
ICICI Prudential Life Insurance Company Ltd,Dec 2023,Banking,Bull,-4.29,-7.49,42.6,5.02,31.95,0.35,12.6,10.1,-0.6,0.45,1.65,14.93,8.74,9.96,1.05,68425.0,1.58,8.7,0.54,29
ICICI Prudential Life Insurance Company Ltd,Dec 2024,Banking,Bear,-14.64,12.4,42.6,5.02,31.95,0.35,12.6,10.1,5.0,0.45,1.65,14.93,8.74,9.96,1.05,68425.0,2.25,42.41,0.88,33
ICICI Prudential Life Insurance Company Ltd,Dec 2025,Banking,Bull,12.01,-4.62,42.6,5.02,31.95,0.35,12.6,10.1,3.2,0.45,1.65,14.93,8.74,9.96,1.05,68425.0,2.67,18.67,0.9,24
ICICI Prudential Life Insurance Company Ltd,Jun 2023,Banking,Bull,30.72,4.32,42.6,5.02,31.95,0.35,12.6,10.1,-1.2,0.45,1.65,14.93,8.74,9.96,1.05,68425.0,1.43,-46.44,0.46,34
ICICI Prudential Life Insurance Company Ltd,Jun 2024,Banking,Bull,-1.59,4.89,42.6,5.02,31.95,0.35,12.6,10.1,0.1,0.45,1.65,14.93,-3.91,-1.32,1.05,68425.0,1.56,9.09,-0.03,30
ICICI Prudential Life Insurance Company Ltd,Jun 2025,Banking,Bull,15.77,-5.59,42.6,5.02,31.95,0.35,12.6,10.1,0.8,0.45,1.65,14.93,123.91,-7.38,1.05,68425.0,2.08,33.33,0.36,30
ICICI Prudential Life Insurance Company Ltd,Mar 2023,Banking,Bear,-3.69,17.85,42.6,5.02,31.95,0.35,12.6,10.1,-3.8,0.45,1.65,14.93,-51.9,-39.28,1.05,68425.0,1.64,-21.15,0.46,30
ICICI Prudential Life Insurance Company Ltd,Mar 2024,Banking,Bull,14.42,6.46,42.6,5.02,31.95,0.35,12.6,10.1,-1.2,0.45,1.65,14.93,-3.86,-15.53,1.05,68425.0,1.21,-26.22,-0.74,29
ICICI Prudential Life Insurance Company Ltd,Mar 2025,Banking,Bear,-14.47,2.83,42.6,5.02,31.95,0.35,12.6,10.1,2.6,0.45,1.65,14.93,-38.23,71.88,1.05,68425.0,2.67,120.66,0.71,27
ICICI Prudential Life Insurance Company Ltd,Mar 2026,Banking,Bear,-24.43,-12.29,42.6,5.02,31.95,0.35,12.6,10.1,-24.0,0.45,1.65,14.93,-55.39,107.31,1.05,68425.0,4.3,61.05,0.57,33
ICICI Prudential Life Insurance Company Ltd,Sep 2023,Banking,Bull,-1.8,-4.43,42.6,5.02,31.95,0.35,12.6,10.1,-1.7,0.45,1.65,14.93,58.3,3.83,1.05,68425.0,1.69,-60.7,-0.56,32
ICICI Prudential Life Insurance Company Ltd,Sep 2024,Banking,Bull,26.5,-1.07,42.6,5.02,31.95,0.35,12.6,10.1,1.3,0.45,1.65,14.93,11.9,44.25,1.05,68425.0,1.74,2.96,0.93,31
ICICI Prudential Life Insurance Company Ltd,Sep 2025,Banking,Bear,-9.92,2.84,42.6,5.02,31.95,0.35,12.6,10.1,-0.2,0.45,1.65,14.93,-23.91,-23.12,1.05,68425.0,2.04,17.24,0.9,25
IDBI Bank Ltd,Dec 2023,Banking,Bull,-4.53,-4.3,9.63,1.31,7.22,2.52,14.1,5.92,44.0,0.45,1.65,14.93,8.74,9.96,1.05,89707.0,1.4,8.7,0.8,29
IDBI Bank Ltd,Dec 2024,Banking,Bear,-12.86,-6.18,9.63,1.31,7.22,2.52,14.1,5.92,44.0,0.45,1.65,14.93,8.74,9.96,1.05,89707.0,1.81,29.29,0.84,33
IDBI Bank Ltd,Dec 2025,Banking,Bull,11.52,0.25,9.63,1.31,7.22,2.52,14.1,5.92,44.0,0.45,1.65,14.93,8.74,9.96,1.05,89707.0,1.82,0.55,-0.36,31
IDBI Bank Ltd,Jun 2023,Banking,Bull,19.16,11.21,9.63,1.31,7.22,2.52,14.1,5.92,44.0,0.45,1.65,14.93,8.74,9.96,1.05,89707.0,1.14,-37.36,0.2,29
IDBI Bank Ltd,Jun 2024,Banking,Bull,0.74,0.66,9.63,1.31,7.22,2.52,14.1,5.92,44.0,0.45,1.65,14.93,8.74,14.79,1.05,89707.0,1.61,41.23,0.91,26
IDBI Bank Ltd,Jun 2025,Banking,Bull,33.06,5.42,9.63,1.31,7.22,2.52,14.1,5.92,44.0,0.45,1.65,14.93,8.74,3.58,1.05,89707.0,1.88,16.77,0.81,29
IDBI Bank Ltd,Jun 2026,Banking,Bull,23.47,12.75,9.63,1.31,7.22,2.52,14.1,5.92,44.0,0.45,1.65,14.93,8.74,8.78,1.05,89707.0,1.98,5.32,-0.64,34
IDBI Bank Ltd,Mar 2024,Banking,Bull,19.82,2.83,9.63,1.31,7.22,2.52,14.1,5.92,44.0,0.45,1.65,14.93,8.74,35.49,1.05,89707.0,1.55,-21.72,0.79,27
IDBI Bank Ltd,Mar 2025,Banking,Bear,1.15,9.89,9.63,1.31,7.22,2.52,14.1,5.92,44.0,0.45,1.65,14.93,8.74,20.41,1.05,89707.0,1.94,25.16,0.74,31
IDBI Bank Ltd,Mar 2026,Banking,Bear,-40.73,7.12,9.63,1.31,7.22,2.52,14.1,5.92,44.0,0.45,1.65,14.93,8.74,-0.54,1.05,89707.0,1.87,-3.61,0.53,28
IDBI Bank Ltd,Sep 2023,Banking,Bull,26.97,1.28,9.63,1.31,7.22,2.52,14.1,5.92,44.0,0.45,1.65,14.93,8.74,-34.63,1.05,89707.0,1.29,-31.02,-0.85,31
IDBI Bank Ltd,Sep 2024,Banking,Bull,5.04,6.54,9.63,1.31,7.22,2.52,14.1,5.92,44.0,0.45,1.65,14.93,8.74,11.78,1.05,89707.0,1.73,34.11,0.81,30
IDBI Bank Ltd,Sep 2025,Banking,Bear,-10.94,-3.36,9.63,1.31,7.22,2.52,14.1,5.92,44.0,0.45,1.65,14.93,8.74,54.78,1.05,89707.0,3.0,73.41,0.87,25
Vodafone Idea Ltd,Dec 2023,Other,Bull,33.33,-17.42,35.9,3.87,26.92,0.0,12.2,-1.72,41.0,0.35,1.65,0.67,4.82,1.82,1.05,162190.0,-1.44,-8.7,0.57,26
Vodafone Idea Ltd,Dec 2024,Other,Bear,-21.93,-17.55,35.9,3.87,26.92,0.0,12.2,-1.72,42.0,0.35,1.65,0.79,4.82,1.82,1.05,162190.0,-0.95,34.03,0.88,30
Vodafone Idea Ltd,Dec 2025,Other,Bull,26.29,-16.08,35.9,3.87,26.92,0.0,12.2,-1.72,43.0,0.35,1.65,0.83,4.82,1.82,1.05,162190.0,-0.49,48.42,0.81,27
Vodafone Idea Ltd,Jun 2023,Other,Bull,21.14,39.74,35.9,3.87,26.92,0.0,12.2,-1.72,39.0,0.35,1.65,0.65,4.82,1.82,1.05,162190.0,-1.61,-100.0,0.54,26
Vodafone Idea Ltd,Jun 2024,Other,Bull,27.79,-15.55,35.9,3.87,26.92,0.0,12.2,-1.72,40.0,0.35,1.65,0.76,-1.55,-7.93,1.05,162190.0,-0.95,40.99,0.57,28
Vodafone Idea Ltd,Jun 2025,Other,Bull,-8.27,18.58,35.9,3.87,26.92,0.0,12.2,-1.72,42.0,0.35,1.65,0.78,-0.85,-0.02,1.05,162190.0,-0.61,35.79,0.92,33
Vodafone Idea Ltd,Jun 2026,Other,Bull,67.36,7.08,35.9,3.87,26.92,0.0,12.2,-1.72,43.0,0.35,1.65,0.98,3.23,-28.98,1.05,162190.0,-0.35,42.62,0.91,26
Vodafone Idea Ltd,Mar 2024,Other,Bull,-22.06,26.74,35.9,3.87,26.92,0.0,12.2,-1.72,41.0,0.35,1.65,0.69,-0.46,-2.1,1.05,162190.0,-1.53,-100.0,0.53,29
Vodafone Idea Ltd,Mar 2025,Other,Bear,-15.11,-7.75,35.9,3.87,26.92,0.0,12.2,-1.72,42.0,0.35,1.65,0.72,4.82,11.43,1.05,162190.0,-1.0,34.64,0.88,35
Vodafone Idea Ltd,Mar 2026,Other,Bear,-26.47,15.06,35.9,3.87,26.92,0.0,12.2,-1.72,43.0,0.35,1.65,0.98,2.81,-596.89,1.05,162190.0,4.8,150.0,0.57,36
Vodafone Idea Ltd,Sep 2023,Other,Bull,54.3,0.0,35.9,3.87,26.92,0.0,12.2,-1.72,40.0,0.35,1.65,0.65,-8.32,132.77,1.05,162190.0,-1.79,-100.0,0.9,35
Vodafone Idea Ltd,Sep 2024,Other,Bull,-41.2,10.21,35.9,3.87,26.92,0.0,12.2,-1.72,42.0,0.35,1.65,0.69,3.06,-6.5,1.05,162190.0,-1.03,42.46,0.82,26
Vodafone Idea Ltd,Sep 2025,Other,Bear,9.13,3.84,35.9,3.87,26.92,0.0,12.2,-1.72,42.0,0.35,1.65,0.98,1.63,-22.92,1.05,162190.0,-0.51,50.49,0.57,30
IDFC First Bank Ltd,Dec 2023,Banking,Bull,-5.58,-4.0,32.2,1.53,24.15,0.29,3.76,5.98,44.0,0.45,1.65,14.93,8.74,9.96,1.05,74328.0,1.04,8.7,0.27,31
IDFC First Bank Ltd,Dec 2024,Banking,Bear,-14.03,-3.14,32.2,1.53,24.15,0.29,3.76,5.98,44.0,0.45,1.65,14.93,8.74,9.96,1.05,74328.0,0.46,-55.77,-0.27,28
IDFC First Bank Ltd,Dec 2025,Banking,Bull,24.04,-14.0,32.2,1.53,24.15,0.29,3.76,5.98,44.0,0.45,1.65,14.93,8.74,9.96,1.05,74328.0,0.56,21.74,0.86,27
IDFC First Bank Ltd,Jun 2023,Banking,Bull,42.93,6.0,32.2,1.53,24.15,0.29,3.76,5.98,44.0,0.45,1.65,14.93,8.74,9.96,1.05,74328.0,1.1,96.43,0.82,31
IDFC First Bank Ltd,Jun 2024,Banking,Bull,6.01,2.03,32.2,1.53,24.15,0.29,3.76,5.98,44.0,0.45,1.65,14.93,8.74,-12.16,1.05,74328.0,0.91,-17.27,-0.05,27
IDFC First Bank Ltd,Jun 2025,Banking,Bull,27.41,3.06,32.2,1.53,24.15,0.29,3.76,5.98,44.0,0.45,1.65,14.93,8.74,33.24,1.05,74328.0,0.62,-31.87,0.91,35
IDFC First Bank Ltd,Jun 2026,Banking,Bull,32.09,-2.27,32.2,1.53,24.15,0.29,3.76,5.98,44.0,0.45,1.65,14.93,8.74,139.67,1.05,74328.0,1.33,114.52,0.25,34
IDFC First Bank Ltd,Mar 2024,Banking,Bull,-14.12,1.43,32.2,1.53,24.15,0.29,3.76,5.98,44.0,0.45,1.65,14.93,8.74,0.0,1.05,74328.0,1.04,-21.8,-0.4,34
IDFC First Bank Ltd,Mar 2025,Banking,Bear,-14.38,1.38,32.2,1.53,24.15,0.29,3.76,5.98,44.0,0.45,1.65,14.93,8.74,-53.97,1.05,74328.0,0.4,-61.54,-0.18,29
IDFC First Bank Ltd,Mar 2026,Banking,Bear,-31.26,13.08,32.2,1.53,24.15,0.29,3.76,5.98,44.0,0.45,1.65,14.93,8.74,-26.93,1.05,74328.0,0.38,-5.0,0.0,27
IDFC First Bank Ltd,Sep 2023,Banking,Bull,16.53,3.63,32.2,1.53,24.15,0.29,3.76,5.98,44.0,0.45,1.65,14.93,8.74,-34.93,1.05,74328.0,1.11,150.0,0.86,25
IDFC First Bank Ltd,Sep 2024,Banking,Bull,-8.37,-1.98,32.2,1.53,24.15,0.29,3.76,5.98,44.0,0.45,1.65,14.93,8.74,-71.04,1.05,74328.0,0.28,-74.77,0.8,32
IDFC First Bank Ltd,Sep 2025,Banking,Bear,-9.38,3.53,32.2,1.53,24.15,0.29,3.76,5.98,44.0,0.45,1.65,14.93,8.74,17.57,1.05,74328.0,0.47,67.86,0.91,27
Indian Energy Exchange Ltd,Dec 2023,Banking,Bull,26.32,12.69,20.0,7.45,15.0,3.07,39.4,51.4,86.0,0.45,1.65,99.0,8.74,9.96,1.05,10155.0,1.03,8.7,0.66,22
Indian Energy Exchange Ltd,Dec 2024,Banking,Bear,-12.75,-5.36,20.0,7.45,15.0,3.07,39.4,51.4,86.0,0.45,1.65,113.0,8.74,9.96,1.05,10155.0,1.2,16.5,0.91,27
Indian Energy Exchange Ltd,Dec 2025,Banking,Bull,-4.93,-2.72,20.0,7.45,15.0,3.07,39.4,51.4,84.0,0.45,1.65,122.0,8.74,9.96,1.05,10155.0,1.34,11.67,0.94,27
Indian Energy Exchange Ltd,Jun 2023,Banking,Bull,-5.04,7.71,20.0,7.45,15.0,3.07,39.4,51.4,78.0,0.45,1.65,82.0,8.74,9.96,1.05,10155.0,0.85,-36.57,0.59,24
Indian Energy Exchange Ltd,Jun 2024,Banking,Bull,29.94,12.45,20.0,7.45,15.0,3.07,39.4,51.4,80.0,0.45,1.65,99.0,7.83,4.35,1.05,10155.0,1.08,27.06,0.94,21
Indian Energy Exchange Ltd,Jun 2025,Banking,Bull,10.1,2.72,20.0,7.45,15.0,3.07,39.4,51.4,81.0,0.45,1.65,115.0,7.58,13.08,1.05,10155.0,1.35,25.0,0.9,23
Indian Energy Exchange Ltd,Jun 2026,Banking,Bull,5.97,-2.79,20.0,7.45,15.0,3.07,39.4,51.4,83.0,0.45,1.65,131.0,8.22,13.45,1.05,10155.0,1.51,11.85,0.9,26
Indian Energy Exchange Ltd,Mar 2024,Banking,Bull,-19.48,24.65,20.0,7.45,15.0,3.07,39.4,51.4,86.0,0.45,1.65,105.0,16.35,27.63,1.05,10155.0,1.08,-28.48,0.95,30
Indian Energy Exchange Ltd,Mar 2025,Banking,Bear,-1.63,-4.47,20.0,7.45,15.0,3.07,39.4,51.4,85.0,0.45,1.65,121.0,14.52,21.88,1.05,10155.0,1.31,21.3,0.96,30
Indian Energy Exchange Ltd,Mar 2026,Banking,Bear,-12.94,-3.54,20.0,7.45,15.0,3.07,39.4,51.4,86.0,0.45,1.65,149.0,22.54,7.44,1.05,10155.0,1.46,11.45,0.91,28
Indian Energy Exchange Ltd,Sep 2023,Banking,Bull,5.14,11.44,20.0,7.45,15.0,3.07,39.4,51.4,85.0,0.45,1.65,92.0,-31.01,-36.3,1.05,10155.0,0.97,-33.56,0.38,29
Indian Energy Exchange Ltd,Sep 2024,Banking,Bull,7.89,17.42,20.0,7.45,15.0,3.07,39.4,51.4,86.0,0.45,1.65,120.0,14.88,11.34,1.05,10155.0,1.21,24.74,0.96,29
Indian Energy Exchange Ltd,Sep 2025,Banking,Bear,-27.91,3.47,20.0,7.45,15.0,3.07,39.4,51.4,87.0,0.45,1.65,133.0,8.45,5.13,1.05,10155.0,1.38,14.05,0.92,22
IFCI Ltd,Dec 2023,Banking,Bull,21.71,-13.03,124.0,2.48,93.0,0.0,1.97,4.9,44.0,0.45,1.65,14.93,8.74,9.96,1.05,22172.0,0.08,8.7,0.79,23
IFCI Ltd,Dec 2024,Banking,Bear,-4.36,-24.98,124.0,2.48,93.0,0.0,1.97,4.9,44.0,0.45,1.65,14.93,8.74,9.96,1.05,22172.0,-0.12,-100.0,0.0,22
IFCI Ltd,Dec 2025,Banking,Bull,-4.41,-10.17,124.0,2.48,93.0,0.0,1.97,4.9,44.0,0.45,1.65,14.93,8.74,9.96,1.05,22172.0,-0.06,50.0,0.8,23
IFCI Ltd,Jun 2023,Banking,Bull,14.36,18.51,124.0,2.48,93.0,0.0,1.97,4.9,44.0,0.45,1.65,14.93,8.74,9.96,1.05,22172.0,-0.64,-100.0,-0.56,31
IFCI Ltd,Jun 2024,Banking,Bull,48.03,-1.91,124.0,2.48,93.0,0.0,1.97,4.9,44.0,0.45,1.65,14.93,8.74,-325.64,1.05,22172.0,-0.41,35.94,0.82,30
IFCI Ltd,Jun 2025,Banking,Bull,47.38,-0.15,124.0,2.48,93.0,0.0,1.97,4.9,44.0,0.45,1.65,14.93,8.74,-596.89,1.05,22172.0,0.15,136.59,0.78,22
IFCI Ltd,Jun 2026,Banking,Bull,43.7,13.97,124.0,2.48,93.0,0.0,1.97,4.9,44.0,0.45,1.65,14.93,8.74,185.71,1.05,22172.0,0.12,-20.0,0.92,25
IFCI Ltd,Mar 2024,Banking,Bull,36.72,19.87,124.0,2.48,93.0,0.0,1.97,4.9,44.0,0.45,1.65,14.93,8.74,-221.71,1.05,22172.0,0.61,150.0,0.91,30
IFCI Ltd,Mar 2025,Banking,Bear,-30.57,37.59,124.0,2.48,93.0,0.0,1.97,4.9,44.0,0.45,1.65,14.93,8.74,-395.45,1.05,22172.0,0.84,37.7,0.62,23
IFCI Ltd,Mar 2026,Banking,Bear,-9.78,33.62,124.0,2.48,93.0,0.0,1.97,4.9,44.0,0.45,1.65,14.93,8.74,-45.16,1.05,22172.0,0.05,-94.05,-0.18,23
IFCI Ltd,Sep 2023,Banking,Bull,101.65,15.57,124.0,2.48,93.0,0.0,1.97,4.9,44.0,0.45,1.65,14.93,8.74,190.0,1.05,22172.0,0.44,78.0,0.92,24
IFCI Ltd,Sep 2024,Banking,Bull,8.49,5.44,124.0,2.48,93.0,0.0,1.97,4.9,44.0,0.45,1.65,14.93,8.74,17.83,1.05,22172.0,0.32,-27.27,0.8,22
IFCI Ltd,Sep 2025,Banking,Bear,-16.65,-11.86,124.0,2.48,93.0,0.0,1.97,4.9,44.0,0.45,1.65,14.93,8.74,21.92,1.05,22172.0,0.53,65.62,0.62,31
International Gemological Institute Limited,Dec 2023,Other,Bull,16.05,6.69,22.3,9.13,16.73,0.81,55.8,69.2,51.0,0.35,1.65,32.0,4.82,1.82,1.05,13583.0,0.0,8.7,-0.77,26
International Gemological Institute Limited,Dec 2024,Other,Bear,-0.12,0.87,22.3,9.13,16.73,0.81,55.8,69.2,57.0,0.35,1.65,152.0,4.82,1.82,1.05,13583.0,2.63,8.7,0.46,24
International Gemological Institute Limited,Dec 2025,Other,Bull,-6.76,-29.35,22.3,9.13,16.73,0.81,55.8,69.2,60.0,0.35,1.65,95.5,4.82,1.82,1.05,13583.0,3.11,18.25,0.84,24
International Gemological Institute Limited,Jun 2024,Other,Bull,15.08,5.53,22.3,9.13,16.73,0.81,55.8,69.2,49.0,0.35,1.65,63.5,4.82,1.82,1.05,13583.0,1.96,-36.98,-0.81,28
International Gemological Institute Limited,Jun 2025,Other,Bull,-2.22,9.05,22.3,9.13,16.73,0.81,55.8,69.2,58.0,0.35,1.65,87.0,20.4,62.82,1.05,13583.0,2.93,49.49,0.65,26
International Gemological Institute Limited,Jun 2026,Other,Bull,9.56,-3.84,22.3,9.13,16.73,0.81,55.8,69.2,60.0,0.35,1.65,74.67,40.0,45.61,1.05,13583.0,3.84,31.06,0.1,28
International Gemological Institute Limited,Mar 2024,Other,Bull,8.92,1.66,22.3,9.13,16.73,0.81,55.8,69.2,62.0,0.35,1.65,57.67,-13.12,-6.67,1.05,13583.0,0.0,8.7,0.25,20
International Gemological Institute Limited,Mar 2025,Other,Bear,-34.85,1.03,22.3,9.13,16.73,0.81,55.8,69.2,64.0,0.35,1.65,65.33,17.31,80.77,1.05,13583.0,3.26,8.7,-0.3,20
International Gemological Institute Limited,Mar 2026,Other,Bear,-3.78,12.28,22.3,9.13,16.73,0.81,55.8,69.2,64.0,0.35,1.65,78.67,22.59,41.73,1.05,13583.0,4.16,27.61,0.48,25
International Gemological Institute Limited,Sep 2024,Other,Bull,8.98,0.66,22.3,9.13,16.73,0.81,55.8,69.2,59.0,0.35,1.65,73.5,-32.61,-33.73,1.05,13583.0,2.76,-33.65,-0.71,30
International Gemological Institute Limited,Sep 2025,Other,Bear,-5.47,-4.63,22.3,9.13,16.73,0.81,55.8,69.2,58.0,0.35,1.65,88.0,9.35,3.17,1.05,13583.0,3.0,8.7,0.38,26
Indraprastha Gas Ltd,Dec 2023,Other,Bull,-8.49,-0.73,15.6,1.85,11.7,2.14,13.3,17.5,16.0,0.35,1.65,268.88,4.82,1.82,1.05,21277.0,3.4,8.7,-0.03,29
Indraprastha Gas Ltd,Dec 2024,Other,Bear,-24.62,-7.23,15.6,1.85,11.7,2.14,13.3,17.5,10.0,0.35,1.65,181.0,4.82,1.82,1.05,21277.0,2.33,-31.47,-0.53,25
Indraprastha Gas Ltd,Dec 2025,Other,Bull,-6.91,-1.39,15.6,1.85,11.7,2.14,13.3,17.5,12.0,0.35,1.65,235.5,4.82,1.82,1.05,21277.0,2.81,20.6,0.78,26
Indraprastha Gas Ltd,Jun 2023,Other,Bull,12.55,8.02,15.6,1.85,11.7,2.14,13.3,17.5,19.0,0.35,1.65,268.88,4.82,1.82,1.05,21277.0,3.73,32.74,0.36,29
Indraprastha Gas Ltd,Jun 2024,Other,Bull,14.39,-4.35,15.6,1.85,11.7,2.14,13.3,17.5,16.0,0.35,1.65,268.88,-1.1,1.05,1.05,21277.0,3.44,-7.77,0.78,22
Indraprastha Gas Ltd,Jun 2025,Other,Bull,8.17,4.78,15.6,1.85,11.7,2.14,13.3,17.5,13.0,0.35,1.65,170.33,4.12,31.69,1.05,21277.0,3.06,-11.05,0.92,31
Indraprastha Gas Ltd,Jun 2026,Other,Bull,11.21,-2.25,15.6,1.85,11.7,2.14,13.3,17.5,6.0,0.35,1.65,98.0,12.76,-39.29,1.05,21277.0,1.72,-43.79,0.13,24
Indraprastha Gas Ltd,Mar 2024,Other,Bull,2.27,9.73,15.6,1.85,11.7,2.14,13.3,17.5,14.0,0.35,1.65,173.67,5.58,-17.05,1.05,21277.0,3.1,80.23,0.91,31
Indraprastha Gas Ltd,Mar 2025,Other,Bear,-0.99,-2.92,15.6,1.85,11.7,2.14,13.3,17.5,12.0,0.35,1.65,123.25,12.25,-5.63,1.05,21277.0,3.25,4.84,0.65,21
Indraprastha Gas Ltd,Mar 2026,Other,Bear,-22.68,7.49,15.6,1.85,11.7,2.14,13.3,17.5,10.0,0.35,1.65,52.62,6.36,-20.79,1.05,21277.0,2.43,-25.23,0.03,24
Indraprastha Gas Ltd,Sep 2023,Other,Bull,-5.78,3.29,15.6,1.85,11.7,2.14,13.3,17.5,19.0,0.35,1.65,268.88,-24.59,132.35,1.05,21277.0,3.95,62.55,0.91,28
Indraprastha Gas Ltd,Sep 2024,Other,Bull,7.43,20.66,15.6,1.85,11.7,2.14,13.3,17.5,14.0,0.35,1.65,267.5,2.81,4.85,1.05,21277.0,3.25,-17.72,0.54,27
Indraprastha Gas Ltd,Sep 2025,Other,Bear,-2.82,-12.28,15.6,1.85,11.7,2.14,13.3,17.5,11.0,0.35,1.65,147.0,1.9,-15.01,1.05,21277.0,2.76,-15.08,0.32,21
IIFL Finance Ltd,Dec 2023,Banking,Bull,-2.31,-4.94,12.2,1.84,9.15,0.67,12.6,10.9,44.0,0.45,1.65,14.93,8.74,9.96,1.05,25634.0,11.58,8.7,0.59,24
IIFL Finance Ltd,Dec 2024,Banking,Bear,-11.5,-36.52,12.2,1.84,9.15,0.67,12.6,10.9,44.0,0.45,1.65,14.93,8.74,9.96,1.05,25634.0,0.96,-91.71,-0.27,25
IIFL Finance Ltd,Dec 2025,Banking,Bull,35.01,-2.24,12.2,1.84,9.15,0.67,12.6,10.9,44.0,0.45,1.65,14.93,8.74,9.96,1.05,25634.0,10.92,150.0,0.86,24
IIFL Finance Ltd,Jun 2023,Banking,Bull,7.44,3.9,12.2,1.84,9.15,0.67,12.6,10.9,44.0,0.45,1.65,14.93,8.74,9.96,1.05,25634.0,10.06,-7.88,0.62,23
IIFL Finance Ltd,Jun 2024,Banking,Bull,49.83,28.77,12.2,1.84,9.15,0.67,12.6,10.9,44.0,0.45,1.65,14.93,8.74,-37.98,1.05,25634.0,6.79,-32.5,-0.49,22
IIFL Finance Ltd,Jun 2025,Banking,Bull,45.51,-3.22,12.2,1.84,9.15,0.67,12.6,10.9,44.0,0.45,1.65,14.93,8.74,234.15,1.05,25634.0,5.49,-19.15,0.86,23
IIFL Finance Ltd,Jun 2026,Banking,Bull,16.0,4.63,12.2,1.84,9.15,0.67,12.6,10.9,44.0,0.45,1.65,14.93,8.74,42.32,1.05,25634.0,15.87,150.0,0.88,31
IIFL Finance Ltd,Mar 2024,Banking,Bull,-43.22,18.91,12.2,1.84,9.15,0.67,12.6,10.9,44.0,0.45,1.65,14.93,8.74,-8.88,1.05,25634.0,8.81,-44.49,0.53,32
IIFL Finance Ltd,Mar 2025,Banking,Bear,-21.66,13.97,12.2,1.84,9.15,0.67,12.6,10.9,44.0,0.45,1.65,14.93,8.74,-25.74,1.05,25634.0,4.89,-44.49,0.53,22
IIFL Finance Ltd,Mar 2026,Banking,Bear,-30.11,11.63,12.2,1.84,9.15,0.67,12.6,10.9,44.0,0.45,1.65,14.93,8.74,127.37,1.05,25634.0,13.8,150.0,0.82,27
IIFL Finance Ltd,Sep 2023,Banking,Bull,19.65,2.56,12.2,1.84,9.15,0.67,12.6,10.9,44.0,0.45,1.65,14.93,8.74,-26.23,1.05,25634.0,11.2,-18.84,-0.18,30
IIFL Finance Ltd,Sep 2024,Banking,Bull,-9.41,4.44,12.2,1.84,9.15,0.67,12.6,10.9,44.0,0.45,1.65,14.93,8.74,-121.58,1.05,25634.0,-3.72,-100.0,0.03,32
IIFL Finance Ltd,Sep 2025,Banking,Bear,-3.72,2.42,12.2,1.84,9.15,0.67,12.6,10.9,44.0,0.45,1.65,14.93,8.74,66.53,1.05,25634.0,8.86,150.0,0.62,31
Inventurus Knowledge Solutions Ltd,Dec 2023,IT,Bull,11.77,2.35,39.1,10.68,29.33,0.0,31.4,31.5,29.0,0.35,1.65,6.23,5.5,7.6,1.05,29880.0,5.94,8.7,0.88,28
Inventurus Knowledge Solutions Ltd,Dec 2024,IT,Bear,-2.11,1.38,39.1,10.68,29.33,0.0,31.4,31.5,28.0,0.35,1.65,8.62,5.5,7.6,1.05,29880.0,7.56,27.27,0.93,25
Inventurus Knowledge Solutions Ltd,Dec 2025,IT,Bull,11.29,-14.3,39.1,10.68,29.33,0.0,31.4,31.5,34.0,0.35,1.65,12.13,5.5,7.6,1.05,29880.0,10.68,41.27,0.92,26
Inventurus Knowledge Solutions Ltd,Jun 2024,IT,Bull,9.72,6.1,39.1,10.68,29.33,0.0,31.4,31.5,27.0,0.35,1.65,6.65,5.5,7.6,1.05,29880.0,5.57,-47.85,-0.36,22
Inventurus Knowledge Solutions Ltd,Jun 2025,IT,Bull,8.27,-2.59,39.1,10.68,29.33,0.0,31.4,31.5,32.0,0.35,1.65,13.22,30.51,49.02,1.05,29880.0,8.83,58.53,0.92,22
Inventurus Knowledge Solutions Ltd,Jun 2026,IT,Bull,26.13,-3.73,39.1,10.68,29.33,0.0,31.4,31.5,32.0,0.35,1.65,29.0,36.07,49.23,1.05,29880.0,11.29,27.86,0.87,22
Inventurus Knowledge Solutions Ltd,Mar 2024,IT,Bull,-10.65,-11.71,39.1,10.68,29.33,0.0,31.4,31.5,20.0,0.35,1.65,3.94,-23.93,-65.03,1.05,29880.0,3.72,-67.05,-0.4,24
Inventurus Knowledge Solutions Ltd,Mar 2025,IT,Bear,-21.32,5.54,39.1,10.68,29.33,0.0,31.4,31.5,31.0,0.35,1.65,10.76,13.13,55.79,1.05,29880.0,8.61,131.45,0.8,23
Inventurus Knowledge Solutions Ltd,Mar 2026,IT,Bear,-21.03,5.2,39.1,10.68,29.33,0.0,31.4,31.5,34.0,0.35,1.65,22.69,15.95,35.53,1.05,29880.0,12.0,39.37,0.93,23
Inventurus Knowledge Solutions Ltd,Sep 2024,IT,Bull,-8.36,-11.72,39.1,10.68,29.33,0.0,31.4,31.5,29.0,0.35,1.65,8.59,-28.08,-41.75,1.05,29880.0,6.59,-45.08,0.66,30
Inventurus Knowledge Solutions Ltd,Sep 2025,IT,Bear,-10.76,2.85,39.1,10.68,29.33,0.0,31.4,31.5,35.0,0.35,1.65,16.88,25.97,182.81,1.05,29880.0,10.53,59.79,0.89,32
Indegene Ltd,Dec 2023,Pharma,Bull,13.12,7.39,33.5,4.45,25.12,0.39,14.4,18.8,22.0,0.35,1.65,12.42,8.41,5.51,1.05,13934.0,4.45,8.7,0.79,25
Indegene Ltd,Dec 2024,Pharma,Bear,-17.61,-4.97,33.5,4.45,25.12,0.39,14.4,18.8,18.0,0.35,1.65,44.0,8.41,5.51,1.05,13934.0,4.58,2.92,0.66,28
Indegene Ltd,Dec 2025,Pharma,Bull,-8.02,-9.01,33.5,4.45,25.12,0.39,14.4,18.8,17.0,0.35,1.65,32.0,8.41,5.51,1.05,13934.0,4.28,-6.55,0.8,26
Indegene Ltd,Jun 2023,Pharma,Bull,8.34,4.01,33.5,4.45,25.12,0.39,14.4,18.8,16.0,0.35,1.65,7.46,8.41,5.51,1.05,13934.0,3.08,-28.04,0.8,20
Indegene Ltd,Jun 2024,Pharma,Bull,-2.57,22.9,33.5,4.45,25.12,0.39,14.4,18.8,19.0,0.35,1.65,10.75,0.45,-11.11,1.05,13934.0,3.67,19.16,0.81,27
Indegene Ltd,Jun 2025,Pharma,Bull,0.13,-2.2,33.5,4.45,25.12,0.39,14.4,18.8,20.0,0.35,1.65,38.75,5.69,5.45,1.05,13934.0,4.85,32.15,0.92,28
Indegene Ltd,Jun 2026,Pharma,Bull,13.1,3.06,33.5,4.45,25.12,0.39,14.4,18.8,16.0,0.35,1.65,29.0,12.85,12.62,1.05,13934.0,4.82,-0.62,0.72,23
Indegene Ltd,Mar 2024,Pharma,Bull,13.46,3.34,33.5,4.45,25.12,0.39,14.4,18.8,21.0,0.35,1.65,11.58,10.69,39.71,1.05,13934.0,4.26,-11.62,0.78,24
Indegene Ltd,Mar 2025,Pharma,Bear,-4.66,-1.39,33.5,4.45,25.12,0.39,14.4,18.8,20.0,0.35,1.65,49.33,11.83,34.09,1.05,13934.0,4.9,15.02,0.86,23
Indegene Ltd,Mar 2026,Pharma,Bear,-16.43,-1.11,33.5,4.45,25.12,0.39,14.4,18.8,16.0,0.35,1.65,23.43,31.8,-31.03,1.05,13934.0,3.31,-32.45,-0.44,27
Indegene Ltd,Sep 2023,Pharma,Bull,-16.85,-9.75,33.5,4.45,25.12,0.39,14.4,18.8,19.0,0.35,1.65,10.08,-40.17,-35.34,1.05,13934.0,3.38,2.11,-0.57,20
Indegene Ltd,Sep 2024,Pharma,Bull,25.03,-9.58,33.5,4.45,25.12,0.39,14.4,18.8,18.0,0.35,1.65,31.5,2.08,-3.16,1.05,13934.0,3.83,13.31,-0.64,24
Indegene Ltd,Sep 2025,Pharma,Bear,-2.49,3.88,33.5,4.45,25.12,0.39,14.4,18.8,17.0,0.35,1.65,35.25,6.35,-13.56,1.05,13934.0,4.25,10.97,-0.2,27
India Cements Ltd,Dec 2023,Manufacturing,Bull,11.24,-3.86,79.6,1.06,59.7,0.0,0.37,1.24,4.2,0.35,1.65,0.78,4.53,4.31,1.05,10750.0,0.02,0.32,-0.2,27
India Cements Ltd,Dec 2024,Manufacturing,Bear,3.24,-12.99,79.6,1.06,59.7,0.0,0.37,1.24,-20.0,0.35,1.65,-2.6,4.53,4.31,1.05,10750.0,3.95,150.0,0.92,30
India Cements Ltd,Dec 2025,Manufacturing,Bull,11.26,-3.42,79.6,1.06,59.7,0.0,0.37,1.24,7.0,0.35,1.65,3.29,4.53,4.31,1.05,10750.0,-0.09,-100.0,0.03,23
India Cements Ltd,Jun 2023,Manufacturing,Bull,13.33,1.48,79.6,1.06,59.7,0.0,0.37,1.24,0.6,0.35,1.65,0.14,4.53,4.31,1.05,10750.0,-2.82,-100.0,0.53,29
India Cements Ltd,Jun 2024,Manufacturing,Bull,33.2,0.58,79.6,1.06,59.7,0.0,0.37,1.24,-2.4,0.35,1.65,-0.3,-7.73,724.9,1.05,10750.0,1.89,150.0,0.88,28
India Cements Ltd,Jun 2025,Manufacturing,Bull,22.72,5.58,79.6,1.06,59.7,0.0,0.37,1.24,8.0,0.35,1.65,3.07,9.04,-211.76,1.05,10750.0,-4.29,-100.0,0.0,30
India Cements Ltd,Jun 2026,Manufacturing,Bull,5.56,-1.7,79.6,1.06,59.7,0.0,0.37,1.24,15.0,0.35,1.65,6.0,-8.53,-596.89,1.05,10750.0,0.87,120.28,0.93,30
India Cements Ltd,Mar 2024,Manufacturing,Bull,-18.71,6.15,79.6,1.06,59.7,0.0,0.37,1.24,3.0,0.35,1.65,0.58,-13.99,-29.89,1.05,10750.0,-1.95,-100.0,-0.68,27
India Cements Ltd,Mar 2025,Manufacturing,Bear,-26.59,3.16,79.6,1.06,59.7,0.0,0.37,1.24,-0.2,0.35,1.65,-0.05,16.65,-68.97,1.05,10750.0,0.47,124.1,0.91,26
India Cements Ltd,Mar 2026,Manufacturing,Bear,-21.16,-1.76,79.6,1.06,59.7,0.0,0.37,1.24,12.0,0.35,1.65,6.65,19.9,-145.11,1.05,10750.0,1.92,150.0,0.36,28
India Cements Ltd,Sep 2023,Manufacturing,Bull,10.6,24.77,79.6,1.06,59.7,0.0,0.37,1.24,0.3,0.35,1.65,0.07,24.04,-396.3,1.05,10750.0,-2.58,-100.0,-0.27,21
India Cements Ltd,Sep 2024,Manufacturing,Bull,29.22,-3.45,79.6,1.06,59.7,0.0,0.37,1.24,-16.0,0.35,1.65,-2.23,-17.31,455.74,1.05,10750.0,-10.94,-100.0,0.9,30
India Cements Ltd,Sep 2025,Manufacturing,Bear,10.92,1.31,79.6,1.06,59.7,0.0,0.37,1.24,7.0,0.35,1.65,3.24,-6.76,-50.0,1.05,10750.0,0.28,102.56,0.91,23
Indiamart Intermesh Ltd,Dec 2023,Other,Bull,-5.57,3.16,20.7,4.25,15.52,1.77,20.7,28.0,26.0,0.35,1.65,39.0,4.82,1.82,1.05,10194.0,13.65,8.7,0.68,25
Indiamart Intermesh Ltd,Dec 2024,Other,Bear,-25.0,-3.79,20.7,4.25,15.52,1.77,20.7,28.0,35.0,0.35,1.65,62.0,4.82,1.82,1.05,10194.0,20.16,47.69,0.88,27
Indiamart Intermesh Ltd,Dec 2025,Other,Bull,-7.31,-6.82,20.7,4.25,15.52,1.77,20.7,28.0,30.0,0.35,1.65,120.0,4.82,1.82,1.05,10194.0,31.34,55.46,0.91,29
Indiamart Intermesh Ltd,Jun 2023,Other,Bull,12.57,-0.72,20.7,4.25,15.52,1.77,20.7,28.0,24.0,0.35,1.65,33.5,4.82,1.82,1.05,10194.0,13.57,-56.7,-0.57,23
Indiamart Intermesh Ltd,Jun 2024,Other,Bull,-0.34,13.82,20.7,4.25,15.52,1.77,20.7,28.0,33.0,0.35,1.65,54.0,8.52,39.02,1.05,10194.0,19.01,40.09,0.88,23
Indiamart Intermesh Ltd,Jun 2025,Other,Bull,28.85,1.08,20.7,4.25,15.52,1.77,20.7,28.0,32.0,0.35,1.65,119.0,5.08,27.27,1.05,10194.0,25.57,34.51,0.87,20
Indiamart Intermesh Ltd,Jun 2026,Other,Bull,-3.79,-0.74,20.7,4.25,15.52,1.77,20.7,28.0,32.0,0.35,1.65,7.03,2.99,-8.51,1.05,10194.0,28.63,11.97,0.8,23
Indiamart Intermesh Ltd,Mar 2024,Other,Bull,-2.93,-1.13,20.7,4.25,15.52,1.77,20.7,28.0,24.0,0.35,1.65,38.5,11.7,20.48,1.05,10194.0,16.61,-41.98,0.62,25
Indiamart Intermesh Ltd,Mar 2025,Other,Bear,-9.46,8.15,20.7,4.25,15.52,1.77,20.7,28.0,34.0,0.35,1.65,59.5,7.25,58.77,1.05,10194.0,30.08,81.1,0.57,23
Indiamart Intermesh Ltd,Mar 2026,Other,Bear,-9.48,3.06,20.7,4.25,15.52,1.77,20.7,28.0,30.0,0.35,1.65,120.0,8.6,-67.53,1.05,10194.0,8.35,-72.24,-0.46,22
Indiamart Intermesh Ltd,Sep 2023,Other,Bull,3.8,8.01,20.7,4.25,15.52,1.77,20.7,28.0,23.0,0.35,1.65,34.5,-28.74,-59.88,1.05,10194.0,11.57,38.56,0.88,20
Indiamart Intermesh Ltd,Sep 2024,Other,Bull,9.94,6.4,20.7,4.25,15.52,1.77,20.7,28.0,35.0,0.35,1.65,61.0,10.48,35.0,1.05,10194.0,22.52,94.64,0.71,26
Indiamart Intermesh Ltd,Sep 2025,Other,Bear,-9.29,-8.44,20.7,4.25,15.52,1.77,20.7,28.0,30.0,0.35,1.65,116.0,10.14,-54.14,1.05,10194.0,13.78,-38.81,0.8,27
Indian Bank,Dec 2023,Banking,Bull,-4.62,-5.42,8.99,1.37,6.74,2.14,15.4,6.32,44.0,0.45,1.65,14.93,8.74,9.96,1.05,114963.0,16.37,8.7,-0.2,26
Indian Bank,Dec 2024,Banking,Bear,0.54,-3.08,8.99,1.37,6.74,2.14,15.4,6.32,44.0,0.45,1.65,14.93,8.74,9.96,1.05,114963.0,21.6,31.95,0.79,36
Indian Bank,Dec 2025,Banking,Bull,13.59,-3.46,8.99,1.37,6.74,2.14,15.4,6.32,44.0,0.45,1.65,14.93,8.74,9.96,1.05,114963.0,23.36,8.15,0.8,26
Indian Bank,Jun 2023,Banking,Bull,3.96,3.77,8.99,1.37,6.74,2.14,15.4,6.32,44.0,0.45,1.65,14.93,8.74,9.96,1.05,114963.0,14.85,-36.43,-0.13,27
Indian Bank,Jun 2024,Banking,Bull,5.37,-5.47,8.99,1.37,6.74,2.14,15.4,6.32,44.0,0.45,1.65,14.93,8.74,16.49,1.05,114963.0,19.08,28.48,0.74,34
Indian Bank,Jun 2025,Banking,Bull,24.29,3.17,8.99,1.37,6.74,2.14,15.4,6.32,44.0,0.45,1.65,14.93,8.74,-21.75,1.05,114963.0,16.9,-11.43,-0.44,34
Indian Bank,Jun 2026,Banking,Bull,-6.08,0.14,8.99,1.37,6.74,2.14,15.4,6.32,44.0,0.45,1.65,14.93,8.74,6.64,1.05,114963.0,24.92,47.46,0.88,29
Indian Bank,Mar 2024,Banking,Bull,23.39,3.24,8.99,1.37,6.74,2.14,15.4,6.32,44.0,0.45,1.65,14.93,8.74,24.11,1.05,114963.0,17.04,-31.62,0.7,28
Indian Bank,Mar 2025,Banking,Bear,4.59,8.82,8.99,1.37,6.74,2.14,15.4,6.32,44.0,0.45,1.65,14.93,8.74,15.99,1.05,114963.0,22.14,29.93,0.9,26
Indian Bank,Mar 2026,Banking,Bear,1.57,5.23,8.99,1.37,6.74,2.14,15.4,6.32,44.0,0.45,1.65,14.93,8.74,39.39,1.05,114963.0,23.56,6.41,0.8,35
Indian Bank,Sep 2023,Banking,Bull,42.2,1.7,8.99,1.37,6.74,2.14,15.4,6.32,44.0,0.45,1.65,14.93,8.74,-38.37,1.05,114963.0,16.61,-29.5,-0.57,35
Indian Bank,Sep 2024,Banking,Bull,-3.84,8.53,8.99,1.37,6.74,2.14,15.4,6.32,44.0,0.45,1.65,14.93,8.74,21.99,1.05,114963.0,20.79,25.17,0.92,33
Indian Bank,Sep 2025,Banking,Bear,15.55,-11.94,8.99,1.37,6.74,2.14,15.4,6.32,44.0,0.45,1.65,14.93,8.74,4.26,1.05,114963.0,23.07,10.97,0.2,26
IndusInd Bank Ltd,Dec 2023,Banking,Bull,11.39,-11.23,57.6,1.16,43.2,0.15,1.36,5.68,44.0,0.45,1.65,14.93,8.74,9.96,1.05,76216.0,29.59,8.7,0.74,25
IndusInd Bank Ltd,Dec 2024,Banking,Bear,-31.89,0.5,57.6,1.16,43.2,0.15,1.36,5.68,44.0,0.45,1.65,14.93,8.74,9.96,1.05,76216.0,18.0,-39.17,-0.08,28
IndusInd Bank Ltd,Dec 2025,Banking,Bull,16.29,-35.38,57.6,1.16,43.2,0.15,1.36,5.68,44.0,0.45,1.65,14.93,8.74,9.96,1.05,76216.0,1.64,-90.89,-0.57,30
IndusInd Bank Ltd,Jun 2023,Banking,Bull,28.83,5.62,57.6,1.16,43.2,0.15,1.36,5.68,44.0,0.45,1.65,14.93,8.74,9.96,1.05,76216.0,27.38,150.0,0.78,31
IndusInd Bank Ltd,Jun 2024,Banking,Bull,-4.0,7.32,57.6,1.16,43.2,0.15,1.36,5.68,44.0,0.45,1.65,14.93,8.74,-5.65,1.05,76216.0,27.88,1.83,0.88,26
IndusInd Bank Ltd,Jun 2025,Banking,Bull,27.74,-6.11,57.6,1.16,43.2,0.15,1.36,5.68,44.0,0.45,1.65,14.93,8.74,-56.92,1.05,76216.0,7.75,-72.2,0.05,32
IndusInd Bank Ltd,Jun 2026,Banking,Bull,17.83,-1.64,57.6,1.16,43.2,0.15,1.36,5.68,44.0,0.45,1.65,14.93,8.74,710.16,1.05,76216.0,13.31,71.74,0.86,33
IndusInd Bank Ltd,Mar 2024,Banking,Bull,-2.87,6.02,57.6,1.16,43.2,0.15,1.36,5.68,44.0,0.45,1.65,14.93,8.74,10.59,1.05,76216.0,30.18,126.75,0.62,27
IndusInd Bank Ltd,Mar 2025,Banking,Bear,-32.96,4.66,57.6,1.16,43.2,0.15,1.36,5.68,44.0,0.45,1.65,14.93,8.74,-207.28,1.05,76216.0,-29.89,-100.0,0.53,29
IndusInd Bank Ltd,Mar 2026,Banking,Bear,-15.47,3.49,57.6,1.16,43.2,0.15,1.36,5.68,44.0,0.45,1.65,14.93,8.74,-1.66,1.05,76216.0,7.63,125.53,0.84,27
IndusInd Bank Ltd,Sep 2023,Banking,Bull,3.51,5.14,57.6,1.16,43.2,0.15,1.36,5.68,44.0,0.45,1.65,14.93,8.74,112.34,1.05,76216.0,28.34,150.0,0.88,28
IndusInd Bank Ltd,Sep 2024,Banking,Bull,-0.64,-1.79,57.6,1.16,43.2,0.15,1.36,5.68,44.0,0.45,1.65,14.93,8.74,-43.34,1.05,76216.0,17.09,-39.7,-0.13,33
IndusInd Bank Ltd,Sep 2025,Banking,Bear,-16.33,-0.33,57.6,1.16,43.2,0.15,1.36,5.68,44.0,0.45,1.65,14.93,8.74,-81.24,1.05,76216.0,-5.61,-100.0,-0.7,26
Indus Towers Ltd,Dec 2023,Other,Bull,4.35,-11.2,14.3,2.59,10.72,3.61,18.6,19.5,50.0,0.35,1.65,268.88,4.82,1.82,1.05,102361.0,5.72,8.7,0.38,35
Indus Towers Ltd,Dec 2024,Other,Bear,-11.0,12.25,14.3,2.59,10.72,3.61,18.6,19.5,92.0,0.35,1.65,27.29,4.82,1.82,1.05,102361.0,15.17,150.0,0.93,28
Indus Towers Ltd,Dec 2025,Other,Bull,18.95,-2.56,14.3,2.59,10.72,3.61,18.6,19.5,55.0,0.35,1.65,11.06,4.82,1.82,1.05,102361.0,6.73,-55.64,-0.27,27
Indus Towers Ltd,Jun 2023,Other,Bull,14.38,14.55,14.3,2.59,10.72,3.61,18.6,19.5,49.0,0.35,1.65,9.89,4.82,1.82,1.05,102361.0,5.0,-25.71,0.13,34
Indus Towers Ltd,Jun 2024,Other,Bull,19.07,4.04,14.3,2.59,10.72,3.61,18.6,19.5,61.0,0.35,1.65,11.04,2.56,25.06,1.05,102361.0,7.15,43.0,0.62,34
Indus Towers Ltd,Jun 2025,Other,Bull,19.48,7.18,14.3,2.59,10.72,3.61,18.6,19.5,54.0,0.35,1.65,10.05,6.77,-56.61,1.05,102361.0,6.58,-7.97,-0.53,31
Indus Towers Ltd,Jun 2026,Other,Bull,-7.45,0.0,14.3,2.59,10.72,3.61,18.6,19.5,53.0,0.35,1.65,12.51,3.5,-1.69,1.05,102361.0,6.62,0.61,0.67,35
Indus Towers Ltd,Mar 2024,Other,Bull,43.6,-0.31,14.3,2.59,10.72,3.61,18.6,19.5,57.0,0.35,1.65,32.06,1.65,37.46,1.05,102361.0,6.88,3.93,0.74,32
Indus Towers Ltd,Mar 2025,Other,Bear,-2.81,-4.18,14.3,2.59,10.72,3.61,18.6,19.5,57.0,0.35,1.65,10.2,4.66,-7.63,1.05,102361.0,6.74,-2.03,0.76,27
Indus Towers Ltd,Mar 2026,Other,Bear,-4.05,-2.08,14.3,2.59,10.72,3.61,18.6,19.5,55.0,0.35,1.65,11.77,0.53,3.22,1.05,102361.0,6.8,0.89,0.68,26
Indus Towers Ltd,Sep 2023,Other,Bull,15.87,5.27,14.3,2.59,10.72,3.61,18.6,19.5,48.0,0.35,1.65,13.91,-15.41,-25.83,1.05,102361.0,4.8,-29.41,-0.53,29
Indus Towers Ltd,Sep 2024,Other,Bull,0.74,8.31,14.3,2.59,10.72,3.61,18.6,19.5,65.0,0.35,1.65,11.64,3.78,20.02,1.05,102361.0,8.43,75.62,0.36,25
Indus Towers Ltd,Sep 2025,Other,Bear,-18.43,-0.17,14.3,2.59,10.72,3.61,18.6,19.5,56.0,0.35,1.65,12.16,5.97,3.37,1.05,102361.0,6.97,-17.32,-0.79,35
Inox Wind Ltd,Dec 2023,Manufacturing,Bull,159.95,10.63,38.4,2.07,28.8,0.0,7.5,10.6,18.0,0.35,1.65,1.48,4.53,4.31,1.05,13221.0,0.01,0.16,0.76,21
Inox Wind Ltd,Dec 2024,Manufacturing,Bear,-24.34,-18.39,38.4,2.07,28.8,0.0,7.5,10.6,22.0,0.35,1.65,6.0,4.53,4.31,1.05,13221.0,0.84,150.0,0.92,24
Inox Wind Ltd,Dec 2025,Manufacturing,Bull,-13.1,-5.96,38.4,2.07,28.8,0.0,7.5,10.6,23.0,0.35,1.65,5.64,4.53,4.31,1.05,13221.0,0.68,-19.05,0.82,20
Inox Wind Ltd,Jun 2023,Manufacturing,Bull,64.84,-1.66,38.4,2.07,28.8,0.0,7.5,10.6,9.0,0.35,1.65,0.44,4.53,4.31,1.05,13221.0,-0.46,-100.0,0.62,22
Inox Wind Ltd,Jun 2024,Manufacturing,Bull,8.15,17.98,38.4,2.07,28.8,0.0,7.5,10.6,21.0,0.35,1.65,2.41,27.24,724.9,1.05,13221.0,0.07,115.22,0.88,20
Inox Wind Ltd,Jun 2025,Manufacturing,Bull,11.87,6.38,38.4,2.07,28.8,0.0,7.5,10.6,22.0,0.35,1.65,5.41,-9.33,-11.82,1.05,13221.0,0.61,150.0,0.92,26
Inox Wind Ltd,Jun 2026,Manufacturing,Bull,11.91,-8.11,38.4,2.07,28.8,0.0,7.5,10.6,19.0,0.35,1.65,2.67,-32.56,-49.61,1.05,13221.0,0.25,-59.02,0.03,22
Inox Wind Ltd,Mar 2024,Manufacturing,Bull,-0.52,3.97,38.4,2.07,28.8,0.0,7.5,10.6,19.0,0.35,1.65,1.74,51.29,-150.77,1.05,13221.0,0.34,36.0,0.78,27
Inox Wind Ltd,Mar 2025,Manufacturing,Bear,-12.98,-3.2,38.4,2.07,28.8,0.0,7.5,10.6,20.0,0.35,1.65,7.26,99.22,352.38,1.05,13221.0,1.35,150.0,0.8,26
Inox Wind Ltd,Mar 2026,Manufacturing,Bear,-38.55,-7.85,38.4,2.07,28.8,0.0,7.5,10.6,16.0,0.35,1.65,3.08,50.61,9.28,1.05,13221.0,0.53,-60.74,0.32,23
Inox Wind Ltd,Sep 2023,Manufacturing,Bull,19.28,57.23,38.4,2.07,28.8,0.0,7.5,10.6,13.0,0.35,1.65,0.75,-54.42,-142.19,1.05,13221.0,-0.17,-100.0,0.46,21
Inox Wind Ltd,Sep 2024,Manufacturing,Bull,65.64,4.2,38.4,2.07,28.8,0.0,7.5,10.6,23.0,0.35,1.65,3.77,38.83,154.55,1.05,13221.0,0.19,150.0,0.86,25
Inox Wind Ltd,Sep 2025,Manufacturing,Bear,-18.92,-13.77,38.4,2.07,28.8,0.0,7.5,10.6,20.0,0.35,1.65,4.47,-12.24,-36.32,1.05,13221.0,0.53,150.0,0.62,30
Intellect Design Arena Ltd,Dec 2023,IT,Bull,19.29,-10.31,25.9,3.01,19.42,0.59,12.4,16.0,21.0,0.35,1.65,131.0,5.5,7.6,1.05,9581.0,6.17,8.7,0.84,23
Intellect Design Arena Ltd,Dec 2024,IT,Bear,3.28,23.63,25.9,3.01,19.42,0.59,12.4,16.0,19.0,0.35,1.65,119.0,5.5,7.6,1.05,9581.0,5.06,-17.99,0.49,22
Intellect Design Arena Ltd,Dec 2025,IT,Bull,-0.53,-8.46,25.9,3.01,19.42,0.59,12.4,16.0,14.0,0.35,1.65,100.0,5.5,7.6,1.05,9581.0,2.04,-59.68,0.87,27
Intellect Design Arena Ltd,Jun 2023,IT,Bull,47.99,-4.14,25.9,3.01,19.42,0.59,12.4,16.0,23.0,0.35,1.65,148.0,5.5,7.6,1.05,9581.0,6.87,150.0,0.94,19
Intellect Design Arena Ltd,Jun 2024,IT,Bull,-0.79,3.36,25.9,3.01,19.42,0.59,12.4,16.0,20.0,0.35,1.65,119.0,-4.42,-11.76,1.05,9581.0,5.43,-20.96,0.53,20
Intellect Design Arena Ltd,Jun 2025,IT,Bull,67.91,8.83,25.9,3.01,19.42,0.59,12.4,16.0,20.0,0.35,1.65,142.0,15.08,32.39,1.05,9581.0,6.8,25.23,0.96,24
Intellect Design Arena Ltd,Jun 2026,IT,Bull,12.79,-2.26,25.9,3.01,19.42,0.59,12.4,16.0,20.0,0.35,1.65,166.0,15.6,277.78,1.05,9581.0,7.28,7.06,0.95,23
Intellect Design Arena Ltd,Mar 2024,IT,Bull,32.3,22.18,25.9,3.01,19.42,0.59,12.4,16.0,22.0,0.35,1.65,136.0,-3.91,-22.34,1.05,9581.0,5.33,-26.79,0.78,19
Intellect Design Arena Ltd,Mar 2025,IT,Bear,-28.35,15.82,25.9,3.01,19.42,0.59,12.4,16.0,28.0,0.35,1.65,202.0,19.8,81.33,1.05,9581.0,9.75,82.93,0.96,25
Intellect Design Arena Ltd,Mar 2026,IT,Bear,-36.85,8.22,25.9,3.01,19.42,0.59,12.4,16.0,22.0,0.35,1.65,91.5,20.66,27.66,1.05,9581.0,8.61,-11.69,0.97,23
Intellect Design Arena Ltd,Sep 2023,IT,Bull,14.12,16.01,25.9,3.01,19.42,0.59,12.4,16.0,19.0,0.35,1.65,118.0,-26.75,-30.39,1.05,9581.0,5.16,-40.07,0.68,21
Intellect Design Arena Ltd,Sep 2024,IT,Bull,-11.29,15.55,25.9,3.01,19.42,0.59,12.4,16.0,15.0,0.35,1.65,81.0,-9.12,-28.77,1.05,9581.0,3.82,-25.97,0.85,24
Intellect Design Arena Ltd,Sep 2025,IT,Bear,-13.99,-6.0,25.9,3.01,19.42,0.59,12.4,16.0,20.0,0.35,1.65,153.0,4.41,-25.0,1.05,9581.0,7.35,92.41,0.94,25
Indian Overseas Bank,Dec 2023,Banking,Bull,-10.54,-12.05,10.7,1.64,8.02,0.0,15.6,6.12,44.0,0.45,1.65,14.93,8.74,9.96,1.05,63682.0,0.38,8.7,-0.15,34
Indian Overseas Bank,Dec 2024,Banking,Bear,-10.03,-13.09,10.7,1.64,8.02,0.0,15.6,6.12,44.0,0.45,1.65,14.93,8.74,9.96,1.05,63682.0,0.46,21.05,0.88,27
Indian Overseas Bank,Dec 2025,Banking,Bull,-8.67,-10.9,10.7,1.64,8.02,0.0,15.6,6.12,44.0,0.45,1.65,14.93,8.74,9.96,1.05,63682.0,0.74,60.87,0.81,32
Indian Overseas Bank,Jun 2023,Banking,Bull,5.17,13.32,10.7,1.64,8.02,0.0,15.6,6.12,44.0,0.45,1.65,14.93,8.74,9.96,1.05,63682.0,0.27,-63.51,-0.62,31
Indian Overseas Bank,Jun 2024,Banking,Bull,-0.73,-2.35,10.7,1.64,8.02,0.0,15.6,6.12,44.0,0.45,1.65,14.93,8.74,-10.36,1.05,63682.0,0.34,25.93,0.93,24
Indian Overseas Bank,Jun 2025,Banking,Bull,3.4,7.56,10.7,1.64,8.02,0.0,15.6,6.12,44.0,0.45,1.65,14.93,8.74,34.63,1.05,63682.0,0.61,79.41,0.87,34
Indian Overseas Bank,Jun 2026,Banking,Bull,5.18,-2.53,10.7,1.64,8.02,0.0,15.6,6.12,44.0,0.45,1.65,14.93,8.74,20.25,1.05,63682.0,0.89,45.9,0.81,26
Indian Overseas Bank,Mar 2024,Banking,Bull,37.5,8.58,10.7,1.64,8.02,0.0,15.6,6.12,44.0,0.45,1.65,14.93,8.74,60.71,1.05,63682.0,0.43,-51.69,0.89,29
Indian Overseas Bank,Mar 2025,Banking,Bear,-24.87,-1.19,10.7,1.64,8.02,0.0,15.6,6.12,44.0,0.45,1.65,14.93,8.74,68.26,1.05,63682.0,0.57,32.56,0.8,32
Indian Overseas Bank,Mar 2026,Banking,Bear,-13.53,-1.24,10.7,1.64,8.02,0.0,15.6,6.12,44.0,0.45,1.65,14.93,8.74,32.09,1.05,63682.0,0.81,42.11,0.82,25
Indian Overseas Bank,Sep 2023,Banking,Bull,87.37,7.09,10.7,1.64,8.02,0.0,15.6,6.12,44.0,0.45,1.65,14.93,8.74,-63.46,1.05,63682.0,0.33,-59.26,-0.4,33
Indian Overseas Bank,Sep 2024,Banking,Bull,-9.34,11.61,10.7,1.64,8.02,0.0,15.6,6.12,44.0,0.45,1.65,14.93,8.74,-3.7,1.05,63682.0,0.41,24.24,0.82,29
Indian Overseas Bank,Sep 2025,Banking,Bear,-1.03,-8.15,10.7,1.64,8.02,0.0,15.6,6.12,44.0,0.45,1.65,14.93,8.74,15.29,1.05,63682.0,0.65,58.54,0.7,24
Ipca Laboratories Ltd,Dec 2023,Pharma,Bull,19.22,-7.19,36.4,6.19,27.3,0.3,15.7,17.0,16.0,0.35,1.65,10.03,8.41,5.51,1.05,49942.0,7.09,8.7,0.46,33
Ipca Laboratories Ltd,Dec 2024,Pharma,Bear,13.81,1.15,36.4,6.19,27.3,0.3,15.7,17.0,21.0,0.35,1.65,27.24,8.41,5.51,1.05,49942.0,9.78,37.94,0.91,28
Ipca Laboratories Ltd,Dec 2025,Pharma,Bull,6.9,-10.77,36.4,6.19,27.3,0.3,15.7,17.0,22.0,0.35,1.65,29.61,8.41,5.51,1.05,49942.0,12.86,31.49,0.87,32
Ipca Laboratories Ltd,Jun 2023,Pharma,Bull,-8.33,1.32,36.4,6.19,27.3,0.3,15.7,17.0,19.0,0.35,1.65,9.94,8.41,5.51,1.05,49942.0,6.42,-50.08,-0.74,25
Ipca Laboratories Ltd,Jun 2024,Pharma,Bull,-8.97,10.18,36.4,6.19,27.3,0.3,15.7,17.0,19.0,0.35,1.65,16.38,1.95,-9.95,1.05,49942.0,7.58,18.07,0.82,32
Ipca Laboratories Ltd,Jun 2025,Pharma,Bull,-0.08,-4.99,36.4,6.19,27.3,0.3,15.7,17.0,18.0,0.35,1.65,21.89,2.85,-15.58,1.05,49942.0,9.19,21.24,0.92,27
Ipca Laboratories Ltd,Jun 2026,Pharma,Bull,12.78,3.49,36.4,6.19,27.3,0.3,15.7,17.0,24.0,0.35,1.65,55.83,16.56,16.48,1.05,49942.0,15.84,72.36,0.82,27
Ipca Laboratories Ltd,Mar 2024,Pharma,Bull,10.55,-7.44,36.4,6.19,27.3,0.3,15.7,17.0,16.0,0.35,1.65,11.1,28.26,-99.39,1.05,49942.0,2.35,-85.16,0.2,32
Ipca Laboratories Ltd,Mar 2025,Pharma,Bear,-11.29,-2.69,36.4,6.19,27.3,0.3,15.7,17.0,19.0,0.35,1.65,19.5,7.36,-67.84,1.05,49942.0,2.67,13.62,0.8,26
Ipca Laboratories Ltd,Mar 2026,Pharma,Bear,14.52,-1.37,36.4,6.19,27.3,0.3,15.7,17.0,20.0,0.35,1.65,24.2,3.42,31.76,1.05,49942.0,11.79,150.0,0.86,34
Ipca Laboratories Ltd,Sep 2023,Pharma,Bull,25.3,5.59,36.4,6.19,27.3,0.3,15.7,17.0,18.0,0.35,1.65,8.2,-27.04,-67.92,1.05,49942.0,5.72,-51.48,-0.7,34
Ipca Laboratories Ltd,Sep 2024,Pharma,Bull,32.17,-1.96,36.4,6.19,27.3,0.3,15.7,17.0,19.0,0.35,1.65,19.17,15.84,724.9,1.05,49942.0,9.05,58.22,0.93,33
Ipca Laboratories Ltd,Sep 2025,Pharma,Bear,-2.26,-1.68,36.4,6.19,27.3,0.3,15.7,17.0,21.0,0.35,1.65,27.25,13.75,339.06,1.05,49942.0,11.14,23.09,0.34,24
IRB Infrastructure Developers Ltd,Dec 2023,Manufacturing,Bull,35.29,-8.79,24.1,1.13,18.08,0.79,4.29,7.47,42.0,0.35,1.65,1.89,4.53,4.31,1.05,23721.0,0.16,8.7,0.71,30
IRB Infrastructure Developers Ltd,Dec 2024,Manufacturing,Bear,-6.47,-13.25,24.1,1.13,18.08,0.79,4.29,7.47,49.0,0.35,1.65,2.13,4.53,4.31,1.05,23721.0,4.99,150.0,0.81,32
IRB Infrastructure Developers Ltd,Dec 2025,Manufacturing,Bull,1.56,-10.34,24.1,1.13,18.08,0.79,4.29,7.47,55.0,0.35,1.65,2.34,4.53,4.31,1.05,23721.0,0.17,-96.59,-0.49,31
IRB Infrastructure Developers Ltd,Jun 2023,Manufacturing,Bull,7.69,23.21,24.1,1.13,18.08,0.79,4.29,7.47,44.0,0.35,1.65,1.9,4.53,4.31,1.05,23721.0,0.11,-35.29,-0.46,25
IRB Infrastructure Developers Ltd,Jun 2024,Manufacturing,Bull,5.98,-2.08,24.1,1.13,18.08,0.79,4.29,7.47,43.0,0.35,1.65,1.83,-5.89,-25.13,1.05,23721.0,0.12,9.09,-0.08,25
IRB Infrastructure Developers Ltd,Jun 2025,Manufacturing,Bull,7.82,-4.91,24.1,1.13,18.08,0.79,4.29,7.47,45.0,0.35,1.65,2.06,3.65,-96.65,1.05,23721.0,0.17,41.67,0.88,28
IRB Infrastructure Developers Ltd,Jun 2026,Manufacturing,Bull,-0.65,-0.52,24.1,1.13,18.08,0.79,4.29,7.47,54.0,0.35,1.65,2.63,14.22,45.02,1.05,23721.0,0.25,47.06,0.91,29
IRB Infrastructure Developers Ltd,Mar 2024,Manufacturing,Bull,40.11,2.25,24.1,1.13,18.08,0.79,4.29,7.47,37.0,0.35,1.65,1.23,26.13,41.04,1.05,23721.0,0.16,-36.0,0.34,24
IRB Infrastructure Developers Ltd,Mar 2025,Manufacturing,Bear,-24.01,-1.88,24.1,1.13,18.08,0.79,4.29,7.47,46.0,0.35,1.65,2.18,15.97,53.57,1.05,23721.0,0.18,12.5,0.8,28
IRB Infrastructure Developers Ltd,Mar 2026,Manufacturing,Bear,5.2,2.75,24.1,1.13,18.08,0.79,4.29,7.47,56.0,0.35,1.65,2.67,-8.19,46.53,1.05,23721.0,0.25,38.89,0.82,31
IRB Infrastructure Developers Ltd,Sep 2023,Manufacturing,Bull,17.25,15.25,24.1,1.13,18.08,0.79,4.29,7.47,41.0,0.35,1.65,1.65,-18.34,-68.63,1.05,23721.0,0.08,-68.0,0.32,27
IRB Infrastructure Developers Ltd,Sep 2024,Manufacturing,Bull,-5.81,24.7,24.1,1.13,18.08,0.79,4.29,7.47,43.0,0.35,1.65,1.57,-23.05,-47.09,1.05,23721.0,0.08,0.0,-0.57,29
IRB Infrastructure Developers Ltd,Sep 2025,Manufacturing,Bear,-16.94,-5.49,24.1,1.13,18.08,0.79,4.29,7.47,53.0,0.35,1.65,2.05,-18.52,-34.42,1.05,23721.0,0.12,50.0,0.77,27
Ircon International Ltd,Dec 2023,Manufacturing,Bull,17.24,-0.39,20.3,1.6,15.22,1.68,8.19,9.27,9.0,0.35,1.65,7.0,4.53,4.31,1.05,10652.0,2.6,8.7,0.72,27
Ircon International Ltd,Dec 2024,Manufacturing,Bear,-4.51,-5.78,20.3,1.6,15.22,1.68,8.19,9.27,5.0,0.35,1.65,2.36,4.53,4.31,1.05,10652.0,0.92,-64.62,-0.53,29
Ircon International Ltd,Dec 2025,Manufacturing,Bull,2.32,-10.59,20.3,1.6,15.22,1.68,8.19,9.27,7.0,0.35,1.65,1.7,4.53,4.31,1.05,10652.0,1.07,16.3,0.7,25
Ircon International Ltd,Jun 2023,Manufacturing,Bull,43.72,46.82,20.3,1.6,15.22,1.68,8.19,9.27,9.0,0.35,1.65,7.61,4.53,4.31,1.05,10652.0,1.99,85.98,0.9,21
Ircon International Ltd,Jun 2024,Manufacturing,Bull,18.68,-7.72,20.3,1.6,15.22,1.68,8.19,9.27,11.0,0.35,1.65,5.23,-21.95,-8.57,1.05,10652.0,2.38,19.6,0.75,22
Ircon International Ltd,Jun 2025,Manufacturing,Bull,27.43,3.7,20.3,1.6,15.22,1.68,8.19,9.27,11.0,0.35,1.65,2.67,-31.65,90.7,1.05,10652.0,1.75,-26.47,0.92,29
Ircon International Ltd,Jun 2026,Manufacturing,Bull,4.52,-1.74,20.3,1.6,15.22,1.68,8.19,9.27,10.0,0.35,1.65,1.79,-7.69,-8.0,1.05,10652.0,0.99,-43.43,-0.03,28
Ircon International Ltd,Mar 2024,Manufacturing,Bull,26.82,10.88,20.3,1.6,15.22,1.68,8.19,9.27,8.0,0.35,1.65,7.73,37.01,32.09,1.05,10652.0,2.62,150.0,0.87,23
Ircon International Ltd,Mar 2025,Manufacturing,Bear,-27.41,13.95,20.3,1.6,15.22,1.68,8.19,9.27,7.0,0.35,1.65,4.1,49.19,-5.36,1.05,10652.0,2.24,-14.5,-0.27,26
Ircon International Ltd,Mar 2026,Manufacturing,Bear,-34.69,-5.11,20.3,1.6,15.22,1.68,8.19,9.27,8.0,0.35,1.65,2.75,78.56,16.46,1.05,10652.0,2.04,-8.93,0.78,23
Ircon International Ltd,Sep 2023,Manufacturing,Bull,75.01,8.69,20.3,1.6,15.22,1.68,8.19,9.27,7.0,0.35,1.65,5.84,52.71,172.83,1.05,10652.0,2.67,30.88,0.8,29
Ircon International Ltd,Sep 2024,Manufacturing,Bull,-15.53,22.64,20.3,1.6,15.22,1.68,8.19,9.27,8.0,0.35,1.65,3.79,-35.36,-16.6,1.05,10652.0,2.19,-17.98,-0.74,27
Ircon International Ltd,Sep 2025,Manufacturing,Bear,-15.55,-6.87,20.3,1.6,15.22,1.68,8.19,9.27,7.0,0.35,1.65,1.66,-42.06,-35.38,1.05,10652.0,1.47,-32.88,0.6,29
Indian Railway Catering & Tourism Corporation Ltd,Dec 2023,Other,Bull,26.61,-4.98,26.8,8.59,20.1,1.94,34.4,46.1,35.0,0.35,1.65,78.8,4.82,1.82,1.05,37032.0,3.75,8.7,0.76,31
Indian Railway Catering & Tourism Corporation Ltd,Dec 2024,Other,Bear,-15.07,-4.1,26.8,8.59,20.1,1.94,34.4,46.1,34.0,0.35,1.65,139.0,4.82,1.82,1.05,37032.0,4.26,13.6,0.57,27
Indian Railway Catering & Tourism Corporation Ltd,Dec 2025,Other,Bull,-2.36,-4.4,26.8,8.59,20.1,1.94,34.4,46.1,32.0,0.35,1.65,93.0,4.82,1.82,1.05,37032.0,4.93,15.73,0.78,28
Indian Railway Catering & Tourism Corporation Ltd,Jun 2023,Other,Bull,11.36,8.92,26.8,8.59,20.1,1.94,34.4,46.1,34.0,0.35,1.65,85.75,4.82,1.82,1.05,37032.0,2.9,-41.18,0.32,25
Indian Railway Catering & Tourism Corporation Ltd,Jun 2024,Other,Bull,1.97,1.75,26.8,8.59,20.1,1.94,34.4,46.1,34.0,0.35,1.65,125.0,0.0,2.67,1.05,37032.0,3.85,32.76,0.91,29
Indian Railway Catering & Tourism Corporation Ltd,Jun 2025,Other,Bull,7.9,0.18,26.8,8.59,20.1,1.94,34.4,46.1,34.0,0.35,1.65,99.25,-5.31,-2.93,1.05,37032.0,4.13,7.27,0.57,29
Indian Railway Catering & Tourism Corporation Ltd,Jun 2026,Other,Bull,-1.62,-2.86,26.8,8.59,20.1,1.94,34.4,46.1,28.0,0.35,1.65,96.75,-5.45,-16.24,1.05,37032.0,4.13,0.0,0.05,31
Indian Railway Catering & Tourism Corporation Ltd,Mar 2024,Other,Bull,4.24,-1.02,26.8,8.59,20.1,1.94,34.4,46.1,31.0,0.35,1.65,72.4,15.27,22.41,1.05,37032.0,3.55,-14.04,0.8,24
Indian Railway Catering & Tourism Corporation Ltd,Mar 2025,Other,Bear,-7.4,-1.92,26.8,8.59,20.1,1.94,34.4,46.1,30.0,0.35,1.65,48.12,13.51,16.23,1.05,37032.0,4.48,26.2,0.88,23
Indian Railway Catering & Tourism Corporation Ltd,Mar 2026,Other,Bear,-27.48,-2.72,26.8,8.59,20.1,1.94,34.4,46.1,27.0,0.35,1.65,79.8,25.86,-1.51,1.05,37032.0,4.08,-8.93,0.54,31
Indian Railway Catering & Tourism Corporation Ltd,Sep 2023,Other,Bull,7.87,15.71,26.8,8.59,20.1,1.94,34.4,46.1,37.0,0.35,1.65,91.75,-27.66,-10.61,1.05,37032.0,3.68,-9.8,0.53,25
Indian Railway Catering & Tourism Corporation Ltd,Sep 2024,Other,Bull,-6.08,4.81,26.8,8.59,20.1,1.94,34.4,46.1,35.0,0.35,1.65,124.33,-7.88,8.45,1.05,37032.0,3.85,4.62,-0.03,29
Indian Railway Catering & Tourism Corporation Ltd,Sep 2025,Other,Bear,-9.56,-5.01,26.8,8.59,20.1,1.94,34.4,46.1,35.0,0.35,1.65,101.0,-9.69,-4.47,1.05,37032.0,4.28,11.17,0.78,31
Indian Renewable Energy Development Agency Ltd,Dec 2024,Banking,Bear,-6.78,-27.28,16.0,2.28,12.0,1.21,15.6,8.69,44.0,0.45,1.65,14.93,8.74,9.96,1.05,31382.0,1.58,8.7,0.69,31
Indian Renewable Energy Development Agency Ltd,Dec 2025,Banking,Bull,-8.37,-16.51,16.0,2.28,12.0,1.21,15.6,8.69,44.0,0.45,1.65,14.93,8.74,9.96,1.05,31382.0,2.08,31.65,0.94,32
Indian Renewable Energy Development Agency Ltd,Jun 2024,Banking,Bull,33.5,-3.54,16.0,2.28,12.0,1.21,15.6,8.69,44.0,0.45,1.65,14.93,8.74,9.96,1.05,31382.0,1.43,-31.25,0.23,22
Indian Renewable Energy Development Agency Ltd,Jun 2025,Banking,Bull,5.89,-0.03,16.0,2.28,12.0,1.21,15.6,8.69,44.0,0.45,1.65,14.93,8.74,9.96,1.05,31382.0,0.88,-38.46,-0.32,24
Indian Renewable Energy Development Agency Ltd,Jun 2026,Banking,Bull,13.72,0.15,16.0,2.28,12.0,1.21,15.6,8.69,44.0,0.45,1.65,14.93,8.74,-20.24,1.05,31382.0,1.21,37.5,0.91,22
Indian Renewable Energy Development Agency Ltd,Mar 2024,Banking,Bull,29.86,4.13,16.0,2.28,12.0,1.21,15.6,8.69,44.0,0.45,1.65,14.93,8.74,-42.39,1.05,31382.0,1.26,4.13,0.83,28
Indian Renewable Energy Development Agency Ltd,Mar 2025,Banking,Bear,-27.58,0.31,16.0,2.28,12.0,1.21,15.6,8.69,44.0,0.45,1.65,14.93,8.74,30.73,1.05,31382.0,1.87,48.41,0.9,30
Indian Renewable Energy Development Agency Ltd,Mar 2026,Banking,Bear,-21.8,-3.91,16.0,2.28,12.0,1.21,15.6,8.69,44.0,0.45,1.65,14.93,8.74,99.6,1.05,31382.0,1.75,-6.42,0.9,23
Indian Renewable Energy Development Agency Ltd,Sep 2024,Banking,Bull,19.77,15.98,16.0,2.28,12.0,1.21,15.6,8.69,44.0,0.45,1.65,14.93,8.74,14.45,1.05,31382.0,1.44,-17.71,0.23,31
Indian Renewable Energy Development Agency Ltd,Sep 2025,Banking,Bear,-12.73,-10.12,16.0,2.28,12.0,1.21,15.6,8.69,44.0,0.45,1.65,14.93,8.74,62.91,1.05,31382.0,1.96,36.11,0.93,26
ITC Hotels Ltd,Dec 2024,Other,Bear,-4.43,-4.19,34.7,2.75,26.02,0.65,7.89,11.2,37.0,0.35,1.65,190.5,4.82,1.82,1.05,32014.0,0.0,8.7,-0.64,30
ITC Hotels Ltd,Dec 2025,Other,Bull,-10.85,-0.72,34.7,2.75,26.02,0.65,7.89,11.2,38.0,0.35,1.65,233.5,4.82,1.82,1.05,32014.0,1.13,8.7,0.59,27
ITC Hotels Ltd,Jun 2024,Other,Bull,11.2,5.54,34.7,2.75,26.02,0.65,7.89,11.2,29.0,0.35,1.65,103.0,4.82,1.82,1.05,32014.0,0.0,8.7,-0.38,26
ITC Hotels Ltd,Jun 2025,Other,Bull,5.71,6.28,34.7,2.75,26.02,0.65,7.89,11.2,30.0,0.35,1.65,122.5,4.82,1.82,1.05,32014.0,0.64,8.7,-0.46,24
ITC Hotels Ltd,Jun 2026,Other,Bull,22.92,-2.18,34.7,2.75,26.02,0.65,7.89,11.2,31.0,0.35,1.65,146.0,-7.78,-15.74,1.05,32014.0,0.87,35.94,0.82,25
ITC Hotels Ltd,Mar 2025,Other,Bear,14.93,6.28,34.7,2.75,26.02,0.65,7.89,11.2,39.0,0.35,1.65,206.0,-13.81,8.86,1.05,32014.0,1.23,41.38,0.91,31
ITC Hotels Ltd,Mar 2026,Other,Bear,-29.85,-0.27,34.7,2.75,26.02,0.65,7.89,11.2,37.0,0.35,1.65,233.0,77.62,264.37,1.05,32014.0,1.52,23.58,0.93,25
ITC Hotels Ltd,Sep 2024,Other,Bull,4.9,-0.75,34.7,2.75,26.02,0.65,7.89,11.2,27.0,0.35,1.65,106.0,-4.66,-42.54,1.05,32014.0,0.0,8.7,-0.3,30
ITC Hotels Ltd,Sep 2025,Other,Bear,1.86,-9.13,34.7,2.75,26.02,0.65,7.89,11.2,29.0,0.35,1.65,123.0,-10.36,-26.92,1.05,32014.0,0.64,8.7,0.62,27
ITI Ltd,Dec 2023,Other,Bull,51.52,-8.65,35.9,13.28,26.92,0.0,-8.86,1.41,-17.0,0.35,1.65,-0.75,4.82,1.82,1.05,25317.0,-1.05,-8.7,0.15,22
ITI Ltd,Dec 2024,Other,Bear,45.96,-17.71,35.9,13.28,26.92,0.0,-8.86,1.41,-1.0,0.35,1.65,-0.17,4.82,1.82,1.05,25317.0,-0.51,51.43,0.9,26
ITI Ltd,Dec 2025,Other,Bull,0.91,-3.49,35.9,13.28,26.92,0.0,-8.86,1.41,4.9,0.35,1.65,0.52,4.82,1.82,1.05,25317.0,-0.26,49.02,0.84,28
ITI Ltd,Jun 2023,Other,Bull,18.13,72.03,35.9,13.28,26.92,0.0,-8.86,1.41,-31.0,0.35,1.65,-0.89,4.82,1.82,1.05,25317.0,-1.07,-100.0,-0.85,27
ITI Ltd,Jun 2024,Other,Bull,14.15,4.05,35.9,13.28,26.92,0.0,-8.86,1.41,-2.5,0.35,1.65,-0.25,100.77,-9.9,1.05,25317.0,-0.95,11.21,0.84,29
ITI Ltd,Jun 2025,Other,Bull,33.76,5.22,35.9,13.28,26.92,0.0,-8.86,1.41,-1.5,0.35,1.65,-0.16,-51.88,30.61,1.05,25317.0,-0.66,30.53,0.79,23
ITI Ltd,Jun 2026,Other,Bull,16.59,-0.63,35.9,13.28,26.92,0.0,-8.86,1.41,0.4,0.35,1.65,0.07,-17.48,28.0,1.05,25317.0,-0.33,50.0,0.89,32
ITI Ltd,Mar 2024,Other,Bull,-17.75,-2.77,35.9,13.28,26.92,0.0,-8.86,1.41,-29.0,0.35,1.65,-2.9,123.91,132.04,1.05,25317.0,-2.49,-100.0,0.8,22
ITI Ltd,Mar 2025,Other,Bear,-34.72,17.87,35.9,13.28,26.92,0.0,-8.86,1.41,-2.7,0.35,1.65,-0.62,101.15,-95.6,1.05,25317.0,-0.05,97.99,0.91,26
ITI Ltd,Mar 2026,Other,Bear,-23.1,4.36,35.9,13.28,26.92,0.0,-8.86,1.41,4.3,0.35,1.65,0.6,26.1,-596.89,1.05,25317.0,4.53,150.0,0.92,27
ITI Ltd,Sep 2023,Other,Bull,85.52,13.72,35.9,13.28,26.92,0.0,-8.86,1.41,-22.0,0.35,1.65,-0.77,-42.12,293.75,1.05,25317.0,-1.31,-100.0,0.91,29
ITI Ltd,Sep 2024,Other,Bull,-17.2,23.1,35.9,13.28,26.92,0.0,-8.86,1.41,-0.9,0.35,1.65,-0.15,69.05,-70.71,1.05,25317.0,-0.73,44.27,0.77,30
ITI Ltd,Sep 2025,Other,Bear,-8.58,-3.98,35.9,13.28,26.92,0.0,-8.86,1.41,-0.2,0.35,1.65,-0.02,-48.09,724.9,1.05,25317.0,-0.56,23.29,0.36,26
Jammu and Kashmir Bank Ltd,Dec 2023,Banking,Bull,14.47,-9.11,6.94,0.94,5.2,1.48,15.4,5.84,44.0,0.45,1.65,14.93,8.74,9.96,1.05,15997.0,3.84,8.7,0.8,24
Jammu and Kashmir Bank Ltd,Dec 2024,Banking,Bear,-4.43,-6.77,6.94,0.94,5.2,1.48,15.4,5.84,44.0,0.45,1.65,14.93,8.74,9.96,1.05,15997.0,4.8,25.0,0.88,24
Jammu and Kashmir Bank Ltd,Dec 2025,Banking,Bull,-3.7,-3.05,6.94,0.94,5.2,1.48,15.4,5.84,44.0,0.45,1.65,14.93,8.74,9.96,1.05,15997.0,5.28,10.0,0.03,23
Jammu and Kashmir Bank Ltd,Jun 2023,Banking,Bull,21.18,34.92,6.94,0.94,5.2,1.48,15.4,5.84,44.0,0.45,1.65,14.93,8.74,9.96,1.05,15997.0,3.21,-39.2,-0.13,31
Jammu and Kashmir Bank Ltd,Jun 2024,Banking,Bull,-15.56,-3.3,6.94,0.94,5.2,1.48,15.4,5.84,44.0,0.45,1.65,14.93,8.74,-1.18,1.05,15997.0,3.8,18.38,0.91,26
Jammu and Kashmir Bank Ltd,Jun 2025,Banking,Bull,23.21,-2.63,6.94,0.94,5.2,1.48,15.4,5.84,44.0,0.45,1.65,14.93,8.74,-8.32,1.05,15997.0,4.4,15.79,0.91,21
Jammu and Kashmir Bank Ltd,Jun 2026,Banking,Bull,35.42,1.38,6.94,0.94,5.2,1.48,15.4,5.84,44.0,0.45,1.65,14.93,8.74,-26.16,1.05,15997.0,3.89,-11.59,-0.3,27
Jammu and Kashmir Bank Ltd,Mar 2024,Banking,Bull,7.58,-5.77,6.94,0.94,5.2,1.48,15.4,5.84,44.0,0.45,1.65,14.93,8.74,91.24,1.05,15997.0,5.75,47.81,0.79,24
Jammu and Kashmir Bank Ltd,Mar 2025,Banking,Bear,-8.17,3.64,6.94,0.94,5.2,1.48,15.4,5.84,44.0,0.45,1.65,14.93,8.74,39.23,1.05,15997.0,5.28,-8.17,0.92,29
Jammu and Kashmir Bank Ltd,Mar 2026,Banking,Bear,8.88,20.43,6.94,0.94,5.2,1.48,15.4,5.84,44.0,0.45,1.65,14.93,8.74,64.74,1.05,15997.0,7.25,37.31,0.62,21
Jammu and Kashmir Bank Ltd,Sep 2023,Banking,Bull,71.14,11.96,6.94,0.94,5.2,1.48,15.4,5.84,44.0,0.45,1.65,14.93,8.74,-10.49,1.05,15997.0,3.72,-48.69,0.46,28
Jammu and Kashmir Bank Ltd,Sep 2024,Banking,Bull,-6.81,9.42,6.94,0.94,5.2,1.48,15.4,5.84,44.0,0.45,1.65,14.93,8.74,-12.64,1.05,15997.0,5.02,34.95,0.34,27
Jammu and Kashmir Bank Ltd,Sep 2025,Banking,Bear,-8.15,-6.86,6.94,0.94,5.2,1.48,15.4,5.84,44.0,0.45,1.65,14.93,8.74,-14.95,1.05,15997.0,4.49,-10.56,-0.25,25
Jain Resource Recycling Ltd,Dec 2024,Manufacturing,Bear,-13.08,-6.4,27.0,6.31,20.25,0.0,30.4,25.7,5.0,0.35,1.65,4.24,4.53,4.31,1.05,9825.0,14.29,8.7,0.54,26
Jain Resource Recycling Ltd,Dec 2025,Manufacturing,Bull,33.5,13.53,27.0,6.31,20.25,0.0,30.4,25.7,7.0,0.35,1.65,7.65,4.53,4.31,1.05,9825.0,3.66,-74.39,-0.34,24
Jain Resource Recycling Ltd,Jun 2024,Manufacturing,Bull,9.83,5.24,27.0,6.31,20.25,0.0,30.4,25.7,6.0,0.35,1.65,4.48,4.53,4.31,1.05,9825.0,14.53,150.0,0.88,19
Jain Resource Recycling Ltd,Jun 2025,Manufacturing,Bull,26.44,11.2,27.0,6.31,20.25,0.0,30.4,25.7,6.0,0.35,1.65,5.62,4.53,4.31,1.05,9825.0,1.75,-87.96,0.36,25
Jain Resource Recycling Ltd,Jun 2026,Manufacturing,Bull,-24.97,-4.62,27.0,6.31,20.25,0.0,30.4,25.7,4.0,0.35,1.65,5.68,52.95,16.95,1.05,9825.0,2.01,14.86,0.57,22
Jain Resource Recycling Ltd,Mar 2025,Manufacturing,Bear,-15.23,-9.9,27.0,6.31,20.25,0.0,30.4,25.7,5.0,0.35,1.65,4.04,-36.58,-57.94,1.05,9825.0,1.62,-19.4,0.72,29
Jain Resource Recycling Ltd,Mar 2026,Manufacturing,Bear,12.6,-42.37,27.0,6.31,20.25,0.0,30.4,25.7,3.5,0.35,1.65,4.23,107.55,10.0,1.05,9825.0,1.91,17.9,0.91,20
Jain Resource Recycling Ltd,Sep 2024,Manufacturing,Bull,5.03,0.13,27.0,6.31,20.25,0.0,30.4,25.7,6.0,0.35,1.65,4.63,-10.14,-7.02,1.05,9825.0,12.81,150.0,0.88,28
Jain Resource Recycling Ltd,Sep 2025,Manufacturing,Bear,-0.38,-9.13,27.0,6.31,20.25,0.0,30.4,25.7,8.0,0.35,1.65,5.93,-22.39,43.48,1.05,9825.0,2.86,-77.67,0.81,21
JBM Auto Ltd,Dec 2023,Manufacturing,Bull,10.76,18.94,63.8,9.54,47.85,0.14,15.7,15.1,12.0,0.35,1.65,2.91,4.53,4.31,1.05,14670.0,2.06,8.7,0.67,28
JBM Auto Ltd,Dec 2024,Manufacturing,Bear,-16.7,-5.73,63.8,9.54,47.85,0.14,15.7,15.1,12.0,0.35,1.65,2.47,4.53,4.31,1.05,14670.0,2.23,8.25,0.64,23
JBM Auto Ltd,Dec 2025,Manufacturing,Bull,-7.93,-16.06,63.8,9.54,47.85,0.14,15.7,15.1,11.0,0.35,1.65,2.34,4.53,4.31,1.05,14670.0,2.33,4.48,0.74,30
JBM Auto Ltd,Jun 2023,Manufacturing,Bull,89.92,4.46,63.8,9.54,47.85,0.14,15.7,15.1,12.0,0.35,1.65,2.92,4.53,4.31,1.05,14670.0,1.28,-45.06,-0.03,21
JBM Auto Ltd,Jun 2024,Manufacturing,Bull,11.5,7.27,63.8,9.54,47.85,0.14,15.7,15.1,11.0,0.35,1.65,2.5,-15.01,-34.62,1.05,14670.0,1.41,10.16,0.53,21
JBM Auto Ltd,Jun 2025,Manufacturing,Bull,6.09,13.95,63.8,9.54,47.85,0.14,15.7,15.1,10.0,0.35,1.65,1.82,-10.17,-30.36,1.05,14670.0,1.56,10.64,-0.3,26
JBM Auto Ltd,Jun 2026,Manufacturing,Bull,24.35,3.25,63.8,9.54,47.85,0.14,15.7,15.1,11.0,0.35,1.65,1.87,-10.66,-26.67,1.05,14670.0,1.78,14.1,-0.03,26
JBM Auto Ltd,Mar 2024,Manufacturing,Bull,11.41,12.58,63.8,9.54,47.85,0.14,15.7,15.1,12.0,0.35,1.65,3.13,57.08,106.67,1.05,14670.0,2.36,32.58,0.79,26
JBM Auto Ltd,Mar 2025,Manufacturing,Bear,-23.43,-1.74,63.8,9.54,47.85,0.14,15.7,15.1,11.0,0.35,1.65,2.76,43.88,111.76,1.05,14670.0,2.81,19.07,0.91,21
JBM Auto Ltd,Mar 2026,Manufacturing,Bear,-17.65,6.58,63.8,9.54,47.85,0.14,15.7,15.1,12.0,0.35,1.65,2.12,47.69,115.38,1.05,14670.0,3.14,11.74,0.79,22
JBM Auto Ltd,Sep 2023,Manufacturing,Bull,-1.38,16.83,63.8,9.54,47.85,0.14,15.7,15.1,11.0,0.35,1.65,2.92,-14.63,11.36,1.05,14670.0,1.87,-40.45,0.82,29
JBM Auto Ltd,Sep 2024,Manufacturing,Bull,-18.08,21.2,63.8,9.54,47.85,0.14,15.7,15.1,12.0,0.35,1.65,2.63,-13.46,-14.52,1.05,14670.0,2.09,11.76,0.57,25
JBM Auto Ltd,Sep 2025,Manufacturing,Bear,2.34,-10.31,63.8,9.54,47.85,0.14,15.7,15.1,11.0,0.35,1.65,2.14,-16.89,-23.61,1.05,14670.0,2.23,6.7,-0.57,21
Jindal Saw Ltd,Dec 2023,Manufacturing,Bull,12.89,2.41,30.5,1.58,22.88,0.64,8.2,10.4,17.0,0.35,1.65,5.43,4.53,4.31,1.05,19949.0,8.34,8.7,0.38,27
Jindal Saw Ltd,Dec 2024,Manufacturing,Bear,-20.73,-15.36,30.5,1.58,22.88,0.64,8.2,10.4,18.0,0.35,1.65,5.43,4.53,4.31,1.05,19949.0,7.92,-5.04,0.54,30
Jindal Saw Ltd,Dec 2025,Manufacturing,Bull,-17.87,7.74,30.5,1.58,22.88,0.64,8.2,10.4,12.0,0.35,1.65,4.61,4.53,4.31,1.05,19949.0,4.03,-49.12,-0.4,28
Jindal Saw Ltd,Jun 2023,Manufacturing,Bull,73.94,4.24,30.5,1.58,22.88,0.64,8.2,10.4,14.0,0.35,1.65,3.8,4.53,4.31,1.05,19949.0,4.14,2.73,0.54,27
Jindal Saw Ltd,Jun 2024,Manufacturing,Bull,15.82,12.78,30.5,1.58,22.88,0.64,8.2,10.4,17.0,0.35,1.65,5.45,-12.68,-18.75,1.05,19949.0,6.9,66.67,0.88,28
Jindal Saw Ltd,Jun 2025,Manufacturing,Bull,-10.59,3.25,30.5,1.58,22.88,0.64,8.2,10.4,16.0,0.35,1.65,3.92,-22.5,-13.36,1.05,19949.0,6.63,-3.91,0.8,25
Jindal Saw Ltd,Jun 2026,Manufacturing,Bull,37.92,14.13,30.5,1.58,22.88,0.64,8.2,10.4,9.0,0.35,1.65,3.62,-9.93,-63.31,1.05,19949.0,1.63,-75.41,-0.27,27
Jindal Saw Ltd,Mar 2024,Manufacturing,Bull,2.5,3.1,30.5,1.58,22.88,0.64,8.2,10.4,17.0,0.35,1.65,5.29,23.02,96.72,1.05,19949.0,7.85,150.0,0.88,22
Jindal Saw Ltd,Mar 2025,Manufacturing,Bear,-4.04,12.03,30.5,1.58,22.88,0.64,8.2,10.4,15.0,0.35,1.65,5.29,2.19,-79.09,1.05,19949.0,4.55,-42.04,-0.3,25
Jindal Saw Ltd,Mar 2026,Manufacturing,Bear,9.35,5.07,30.5,1.58,22.88,0.64,8.2,10.4,10.0,0.35,1.65,2.93,13.41,-70.12,1.05,19949.0,2.18,-52.09,-0.46,25
Jindal Saw Ltd,Sep 2023,Manufacturing,Bull,28.47,-13.94,30.5,1.58,22.88,0.64,8.2,10.4,15.0,0.35,1.65,4.25,22.78,291.21,1.05,19949.0,5.9,150.0,0.81,26
Jindal Saw Ltd,Sep 2024,Manufacturing,Bull,36.21,5.96,30.5,1.58,22.88,0.64,8.2,10.4,16.0,0.35,1.65,5.78,2.71,-1.04,1.05,19949.0,7.81,32.37,0.91,31
Jindal Saw Ltd,Sep 2025,Manufacturing,Bear,-15.15,-3.22,30.5,1.58,22.88,0.64,8.2,10.4,11.0,0.35,1.65,2.95,-16.11,59.77,1.05,19949.0,2.38,-69.53,0.88,28
J K Cements Ltd,Dec 2023,Manufacturing,Bull,18.66,2.45,38.3,5.32,28.72,0.41,15.6,15.1,21.0,0.35,1.65,5.48,4.53,4.31,1.05,37425.0,36.73,8.7,0.54,33
J K Cements Ltd,Dec 2024,Manufacturing,Bear,-0.57,-1.67,38.3,5.32,28.72,0.41,15.6,15.1,17.0,0.35,1.65,4.39,4.53,4.31,1.05,37425.0,24.54,-33.19,-0.13,26
J K Cements Ltd,Dec 2025,Manufacturing,Bull,-12.28,-6.08,38.3,5.32,28.72,0.41,15.6,15.1,16.0,0.35,1.65,4.93,4.53,4.31,1.05,37425.0,22.6,-7.91,0.8,32
J K Cements Ltd,Jun 2023,Manufacturing,Bull,16.1,5.83,38.3,5.32,28.72,0.41,15.6,15.1,15.0,0.35,1.65,3.74,4.53,4.31,1.05,37425.0,14.84,-34.34,-0.27,28
J K Cements Ltd,Jun 2024,Manufacturing,Bull,2.47,12.42,38.3,5.32,28.72,0.41,15.6,15.1,17.0,0.35,1.65,4.42,-4.33,-34.86,1.05,37425.0,23.98,61.59,0.93,25
J K Cements Ltd,Jun 2025,Manufacturing,Bull,24.69,-10.27,38.3,5.32,28.72,0.41,15.6,15.1,21.0,0.35,1.65,6.31,14.44,70.53,1.05,37425.0,41.99,75.1,0.91,24
J K Cements Ltd,Jun 2026,Manufacturing,Bull,5.92,-3.21,38.3,5.32,28.72,0.41,15.6,15.1,16.0,0.35,1.65,5.68,16.43,58.05,1.05,37425.0,35.91,-14.48,0.88,25
J K Cements Ltd,Mar 2024,Manufacturing,Bull,6.5,11.23,38.3,5.32,28.72,0.41,15.6,15.1,18.0,0.35,1.65,4.87,12.41,94.69,1.05,37425.0,28.44,-20.8,0.77,29
J K Cements Ltd,Mar 2025,Manufacturing,Bear,7.64,15.93,38.3,5.32,28.72,0.41,15.6,15.1,21.0,0.35,1.65,6.77,27.53,95.14,1.05,37425.0,46.64,63.99,0.92,27
J K Cements Ltd,Mar 2026,Manufacturing,Bear,-7.6,-11.08,38.3,5.32,28.72,0.41,15.6,15.1,18.0,0.35,1.65,6.96,15.96,2.16,1.05,37425.0,43.08,-7.63,0.46,31
J K Cements Ltd,Sep 2023,Manufacturing,Bull,-4.63,13.48,38.3,5.32,28.72,0.41,15.6,15.1,17.0,0.35,1.65,4.06,-31.72,-36.0,1.05,37425.0,22.69,-47.33,-0.7,28
J K Cements Ltd,Sep 2024,Manufacturing,Bull,4.39,21.02,38.3,5.32,28.72,0.41,15.6,15.1,11.0,0.35,1.65,2.31,-17.58,-38.18,1.05,37425.0,16.28,-28.25,0.32,28
J K Cements Ltd,Sep 2025,Manufacturing,Bear,2.92,1.06,38.3,5.32,28.72,0.41,15.6,15.1,15.0,0.35,1.65,4.26,-15.69,-55.96,1.05,37425.0,20.78,27.64,0.79,23
JK Tyre & Industries Ltd,Dec 2023,Manufacturing,Bull,42.91,-4.03,14.2,1.69,10.65,1.13,16.0,15.5,15.0,0.35,1.65,5.14,4.53,4.31,1.05,10204.0,8.47,8.7,0.95,26
JK Tyre & Industries Ltd,Dec 2024,Manufacturing,Bear,-9.24,-11.6,14.2,1.69,10.65,1.13,16.0,15.5,9.0,0.35,1.65,2.55,4.53,4.31,1.05,10204.0,1.92,-77.33,0.73,21
JK Tyre & Industries Ltd,Dec 2025,Manufacturing,Bull,37.18,-6.76,14.2,1.69,10.65,1.13,16.0,15.5,14.0,0.35,1.65,5.39,4.53,4.31,1.05,10204.0,7.21,150.0,0.95,22
JK Tyre & Industries Ltd,Jun 2023,Manufacturing,Bull,53.48,-4.66,14.2,1.69,10.65,1.13,16.0,15.5,12.0,0.35,1.65,3.75,4.53,4.31,1.05,10204.0,6.25,-13.31,0.92,21
JK Tyre & Industries Ltd,Jun 2024,Manufacturing,Bull,0.19,11.85,14.2,1.69,10.65,1.13,16.0,15.5,14.0,0.35,1.65,4.46,-1.33,-3.96,1.05,10204.0,8.11,29.76,0.92,20
JK Tyre & Industries Ltd,Jun 2025,Manufacturing,Bull,25.35,13.32,14.2,1.69,10.65,1.13,16.0,15.5,10.0,0.35,1.65,3.5,5.31,207.55,1.05,10204.0,5.97,-26.39,0.96,27
JK Tyre & Industries Ltd,Jun 2026,Manufacturing,Bull,0.06,-0.46,14.2,1.69,10.65,1.13,16.0,15.5,7.0,0.35,1.65,2.61,-6.56,-78.85,1.05,10204.0,1.53,-74.37,0.32,24
JK Tyre & Industries Ltd,Mar 2024,Manufacturing,Bull,10.07,2.34,14.2,1.69,10.65,1.13,16.0,15.5,13.0,0.35,1.65,4.41,-0.54,8.18,1.05,10204.0,6.49,150.0,0.96,25
JK Tyre & Industries Ltd,Mar 2025,Manufacturing,Bear,-28.27,8.21,14.2,1.69,10.65,1.13,16.0,15.5,10.0,0.35,1.65,3.0,3.3,-54.59,1.05,10204.0,3.54,-45.45,0.83,27
JK Tyre & Industries Ltd,Mar 2026,Manufacturing,Bear,-26.28,0.05,14.2,1.69,10.65,1.13,16.0,15.5,13.0,0.35,1.65,5.32,9.15,9.2,1.05,10204.0,6.17,74.29,0.95,30
JK Tyre & Industries Ltd,Sep 2023,Manufacturing,Bull,19.04,-0.1,14.2,1.69,10.65,1.13,16.0,15.5,15.0,0.35,1.65,5.4,-1.22,465.91,1.05,10204.0,9.83,59.32,0.95,20
JK Tyre & Industries Ltd,Sep 2024,Manufacturing,Bull,-2.62,8.64,14.2,1.69,10.65,1.13,16.0,15.5,12.0,0.35,1.65,3.51,-2.06,-18.6,1.05,10204.0,4.93,-49.85,0.69,26
JK Tyre & Industries Ltd,Sep 2025,Manufacturing,Bear,1.23,1.7,14.2,1.69,10.65,1.13,16.0,15.5,13.0,0.35,1.65,4.82,6.7,129.29,1.05,10204.0,8.28,67.95,0.96,23
JM Financial Ltd,Dec 2023,Banking,Bull,16.82,-4.92,11.3,1.12,8.48,2.61,11.9,11.6,65.0,0.45,1.65,2.02,8.74,9.96,1.05,11911.0,2.91,8.7,0.84,22
JM Financial Ltd,Dec 2024,Banking,Bear,-15.55,-26.67,11.3,1.12,8.48,2.61,11.9,11.6,55.0,0.45,1.65,1.91,8.74,9.96,1.05,11911.0,2.19,-24.74,-0.57,23
JM Financial Ltd,Dec 2025,Banking,Bull,-7.12,-16.34,11.3,1.12,8.48,2.61,11.9,11.6,56.0,0.45,1.65,2.27,8.74,9.96,1.05,11911.0,3.27,49.32,0.81,20
JM Financial Ltd,Jun 2023,Banking,Bull,21.28,20.41,11.3,1.12,8.48,2.61,11.9,11.6,56.0,0.45,1.65,1.62,8.74,9.96,1.05,11911.0,1.74,-46.79,-0.53,27
JM Financial Ltd,Jun 2024,Banking,Bull,12.25,42.51,11.3,1.12,8.48,2.61,11.9,11.6,57.0,0.45,1.65,1.66,-12.86,-41.93,1.05,11911.0,1.79,2.87,0.57,27
JM Financial Ltd,Jun 2025,Banking,Bull,68.46,-3.41,11.3,1.12,8.48,2.61,11.9,11.6,76.0,0.45,1.65,3.39,0.45,121.74,1.05,11911.0,4.75,150.0,0.74,29
JM Financial Ltd,Jun 2026,Banking,Bull,3.23,1.08,11.3,1.12,8.48,2.61,11.9,11.6,58.0,0.45,1.65,2.83,20.22,16.04,1.05,11911.0,3.05,-35.79,0.53,30
JM Financial Ltd,Mar 2024,Banking,Bull,-25.23,6.4,11.3,1.12,8.48,2.61,11.9,11.6,54.0,0.45,1.65,1.67,18.18,-480.79,1.05,11911.0,-2.39,-100.0,0.15,25
JM Financial Ltd,Mar 2025,Banking,Bear,-26.11,27.11,11.3,1.12,8.48,2.61,11.9,11.6,58.0,0.45,1.65,2.11,-6.78,25.67,1.05,11911.0,2.19,150.0,0.82,20
JM Financial Ltd,Mar 2026,Banking,Bear,-23.01,-8.47,11.3,1.12,8.48,2.61,11.9,11.6,52.0,0.45,1.65,2.0,-14.58,-64.71,1.05,11911.0,1.73,-21.0,0.53,27
JM Financial Ltd,Sep 2023,Banking,Bull,16.93,22.38,11.3,1.12,8.48,2.61,11.9,11.6,55.0,0.45,1.65,1.71,-0.33,-44.17,1.05,11911.0,2.04,17.92,0.9,22
JM Financial Ltd,Sep 2024,Banking,Bull,69.08,7.51,11.3,1.12,8.48,2.61,11.9,11.6,41.0,0.45,1.65,1.43,-5.55,-121.36,1.05,11911.0,2.43,19.12,0.88,21
JM Financial Ltd,Sep 2025,Banking,Bear,0.62,-2.52,11.3,1.12,8.48,2.61,11.9,11.6,59.0,0.45,1.65,2.38,2.69,11.49,1.05,11911.0,2.82,16.05,0.71,22
Jaiprakash Power Ventures Ltd,Dec 2023,Other,Bull,38.81,-9.02,13.2,0.86,9.9,0.0,3.6,6.97,26.0,0.35,1.65,5.5,4.82,1.82,1.05,10979.0,0.25,8.7,0.64,28
Jaiprakash Power Ventures Ltd,Dec 2024,Other,Bear,-7.57,-23.04,13.2,0.86,9.9,0.0,3.6,6.97,25.0,0.35,1.65,2.99,4.82,1.82,1.05,10979.0,0.18,-28.0,-0.79,24
Jaiprakash Power Ventures Ltd,Dec 2025,Other,Bull,-3.27,-3.61,13.2,0.86,9.9,0.0,3.6,6.97,15.0,0.35,1.65,1.91,4.82,1.82,1.05,10979.0,0.01,-94.44,-0.3,28
Jaiprakash Power Ventures Ltd,Jun 2023,Other,Bull,6.96,32.0,13.2,0.86,9.9,0.0,3.6,6.97,31.0,0.35,1.65,4.38,4.82,1.82,1.05,10979.0,0.28,54.0,0.91,21
Jaiprakash Power Ventures Ltd,Jun 2024,Other,Bull,22.5,-1.98,13.2,0.86,9.9,0.0,3.6,6.97,45.0,0.35,1.65,7.25,-19.86,101.73,1.05,10979.0,0.51,82.14,0.92,24
Jaiprakash Power Ventures Ltd,Jun 2025,Other,Bull,24.91,3.62,13.2,0.86,9.9,0.0,3.6,6.97,38.0,0.35,1.65,6.2,38.86,118.9,1.05,10979.0,0.41,-19.61,0.87,27
Jaiprakash Power Ventures Ltd,Jun 2026,Other,Bull,18.27,-3.28,13.2,0.86,9.9,0.0,3.6,6.97,43.0,0.35,1.65,7.44,53.63,724.9,1.05,10979.0,0.68,65.85,0.93,26
Jaiprakash Power Ventures Ltd,Mar 2024,Other,Bull,3.39,3.83,13.2,0.86,9.9,0.0,3.6,6.97,48.0,0.35,1.65,6.67,-11.3,206.77,1.05,10979.0,0.86,26.47,0.79,21
Jaiprakash Power Ventures Ltd,Mar 2025,Other,Bear,-21.1,20.29,13.2,0.86,9.9,0.0,3.6,6.97,29.0,0.35,1.65,4.0,-23.59,-55.3,1.05,10979.0,0.23,-73.26,-0.49,29
Jaiprakash Power Ventures Ltd,Mar 2026,Other,Bear,-20.27,-5.89,13.2,0.86,9.9,0.0,3.6,6.97,9.0,0.35,1.65,1.39,-12.44,-104.68,1.05,10979.0,-0.02,-100.0,-0.27,27
Jaiprakash Power Ventures Ltd,Sep 2023,Other,Bull,61.42,-3.09,13.2,0.86,9.9,0.0,3.6,6.97,30.0,0.35,1.65,3.51,-23.99,-85.29,1.05,10979.0,0.1,24.0,0.88,28
Jaiprakash Power Ventures Ltd,Sep 2024,Other,Bull,-8.25,13.63,13.2,0.86,9.9,0.0,3.6,6.97,32.0,0.35,1.65,3.51,-19.08,-68.93,1.05,10979.0,0.27,150.0,0.93,21
Jaiprakash Power Ventures Ltd,Sep 2025,Other,Bear,-8.65,1.51,13.2,0.86,9.9,0.0,3.6,6.97,33.0,0.35,1.65,4.71,7.23,16.67,1.05,10979.0,0.27,0.0,0.1,20
Jindal Stainless Ltd,Dec 2023,Manufacturing,Bull,15.71,14.49,18.9,3.15,14.18,0.53,17.7,19.3,14.0,0.35,1.65,8.53,4.53,4.31,1.05,62334.0,8.41,8.7,0.8,28
Jindal Stainless Ltd,Dec 2024,Manufacturing,Bear,-8.89,10.9,18.9,3.15,14.18,0.53,17.7,19.3,12.0,0.35,1.65,7.41,4.53,4.31,1.05,62334.0,7.95,-5.47,0.69,24
Jindal Stainless Ltd,Dec 2025,Manufacturing,Bull,10.08,8.69,18.9,3.15,14.18,0.53,17.7,19.3,13.0,0.35,1.65,10.51,4.53,4.31,1.05,62334.0,10.05,26.42,0.91,33
Jindal Stainless Ltd,Jun 2023,Manufacturing,Bull,14.64,25.04,18.9,3.15,14.18,0.53,17.7,19.3,12.0,0.35,1.65,11.92,4.53,4.31,1.05,62334.0,9.06,-9.85,0.68,27
Jindal Stainless Ltd,Jun 2024,Manufacturing,Bull,14.31,9.08,18.9,3.15,14.18,0.53,17.7,19.3,13.0,0.35,1.65,8.46,3.32,-6.51,1.05,62334.0,7.87,-13.13,0.72,27
Jindal Stainless Ltd,Jun 2025,Manufacturing,Bull,22.3,-0.61,18.9,3.15,14.18,0.53,17.7,19.3,13.0,0.35,1.65,9.0,3.03,9.33,1.05,62334.0,8.67,10.17,0.03,24
Jindal Stainless Ltd,Jun 2026,Manufacturing,Bull,-1.73,-4.82,18.9,3.15,14.18,0.53,17.7,19.3,12.0,0.35,1.65,9.1,7.24,-7.13,1.05,62334.0,9.33,7.61,0.8,31
Jindal Stainless Ltd,Mar 2024,Manufacturing,Bull,21.09,18.97,18.9,3.15,14.18,0.53,17.7,19.3,11.0,0.35,1.65,6.76,-7.17,-32.11,1.05,62334.0,6.08,-34.83,-0.56,34
Jindal Stainless Ltd,Mar 2025,Manufacturing,Bear,-16.41,9.69,18.9,3.15,14.18,0.53,17.7,19.3,10.0,0.35,1.65,6.89,8.14,-8.67,1.05,62334.0,7.17,17.93,0.81,27
Jindal Stainless Ltd,Mar 2026,Manufacturing,Bear,-16.62,-7.33,18.9,3.15,14.18,0.53,17.7,19.3,13.0,0.35,1.65,9.77,11.07,16.64,1.05,62334.0,10.23,42.68,0.87,29
Jindal Stainless Ltd,Sep 2023,Manufacturing,Bull,40.32,15.43,18.9,3.15,14.18,0.53,17.7,19.3,13.0,0.35,1.65,7.89,-13.14,-0.65,1.05,62334.0,9.4,-8.11,0.44,33
Jindal Stainless Ltd,Sep 2024,Manufacturing,Bull,-2.3,10.36,18.9,3.15,14.18,0.53,17.7,19.3,12.0,0.35,1.65,7.46,3.42,21.56,1.05,62334.0,7.42,-21.06,0.88,33
Jindal Stainless Ltd,Sep 2025,Manufacturing,Bear,4.62,6.39,18.9,3.15,14.18,0.53,17.7,19.3,13.0,0.35,1.65,9.74,6.82,36.95,1.05,62334.0,9.79,31.94,0.92,28
JSW Cement Ltd,Dec 2024,Manufacturing,Bear,-10.36,-3.7,20.6,2.48,15.45,0.42,14.7,11.1,8.0,0.35,1.65,1.0,4.53,4.31,1.05,16206.0,-0.68,-8.7,0.03,29
JSW Cement Ltd,Dec 2025,Manufacturing,Bull,-14.16,-5.65,20.6,2.48,15.45,0.42,14.7,11.1,18.0,0.35,1.65,3.28,4.53,4.31,1.05,16206.0,1.04,150.0,0.8,21
JSW Cement Ltd,Jun 2024,Manufacturing,Bull,8.7,9.35,20.6,2.48,15.45,0.42,14.7,11.1,12.0,0.35,1.65,1.53,4.53,4.31,1.05,16206.0,-0.15,-100.0,-0.57,29
JSW Cement Ltd,Jun 2025,Manufacturing,Bull,5.06,-0.87,20.6,2.48,15.45,0.42,14.7,11.1,21.0,0.35,1.65,3.17,4.53,4.31,1.05,16206.0,-13.31,-100.0,-0.27,24
JSW Cement Ltd,Jun 2026,Manufacturing,Bull,17.6,-1.85,20.6,2.48,15.45,0.42,14.7,11.1,16.0,0.35,1.65,3.08,32.31,-291.25,1.05,16206.0,1.18,108.87,0.93,26
JSW Cement Ltd,Mar 2025,Manufacturing,Bear,-10.11,-18.1,20.6,2.48,15.45,0.42,14.7,11.1,14.0,0.35,1.65,2.11,5.43,-87.79,1.05,16206.0,0.34,-71.19,-0.27,24
JSW Cement Ltd,Mar 2026,Manufacturing,Bear,-8.35,3.41,20.6,2.48,15.45,0.42,14.7,11.1,19.0,0.35,1.65,4.1,30.96,-596.89,1.05,16206.0,2.72,150.0,0.64,24
JSW Cement Ltd,Sep 2024,Manufacturing,Bull,-15.32,-13.97,20.6,2.48,15.45,0.42,14.7,11.1,7.0,0.35,1.65,0.77,-21.54,-94.44,1.05,16206.0,-0.63,-100.0,0.2,27
JSW Cement Ltd,Sep 2025,Manufacturing,Bear,-5.6,-6.14,20.6,2.48,15.45,0.42,14.7,11.1,19.0,0.35,1.65,2.68,-24.26,-50.98,1.05,16206.0,0.63,150.0,0.82,22
JSW Dulux Ltd,Dec 2023,Manufacturing,Bull,4.15,6.95,37.4,5.86,28.05,1.58,19.1,22.7,16.0,0.35,1.65,55.33,4.53,4.31,1.05,14368.0,24.99,8.7,0.38,23
JSW Dulux Ltd,Dec 2024,Manufacturing,Bear,-7.03,-12.9,37.4,5.86,28.05,1.58,19.1,22.7,16.0,0.35,1.65,55.67,4.53,4.31,1.05,14368.0,23.85,-4.56,0.68,20
JSW Dulux Ltd,Dec 2025,Manufacturing,Bull,-4.19,-6.35,37.4,5.86,28.05,1.58,19.1,22.7,15.0,0.35,1.65,45.33,4.53,4.31,1.05,14368.0,16.32,-31.57,-0.44,20
JSW Dulux Ltd,Jun 2023,Manufacturing,Bull,6.59,-8.09,37.4,5.86,28.05,1.58,19.1,22.7,16.0,0.35,1.65,54.0,4.53,4.31,1.05,14368.0,24.13,47.86,0.82,30
JSW Dulux Ltd,Jun 2024,Manufacturing,Bull,17.31,15.72,37.4,5.86,28.05,1.58,19.1,22.7,16.0,0.35,1.65,84.5,0.29,0.88,1.05,14368.0,25.16,4.27,-0.46,24
JSW Dulux Ltd,Jun 2025,Manufacturing,Bull,-3.27,-2.38,37.4,5.86,28.05,1.58,19.1,22.7,14.0,0.35,1.65,44.67,-5.24,-16.51,1.05,14368.0,19.98,-20.59,-0.05,25
JSW Dulux Ltd,Jun 2026,Manufacturing,Bull,12.42,-0.92,37.4,5.86,28.05,1.58,19.1,22.7,12.0,0.35,1.65,38.33,7.94,8.11,1.05,14368.0,17.5,-12.41,-0.53,22
JSW Dulux Ltd,Mar 2024,Manufacturing,Bull,-6.4,11.52,37.4,5.86,28.05,1.58,19.1,22.7,17.0,0.35,1.65,54.0,-2.6,-0.91,1.05,14368.0,23.87,36.4,0.62,30
JSW Dulux Ltd,Mar 2025,Manufacturing,Bear,0.97,-6.87,37.4,5.86,28.05,1.58,19.1,22.7,16.0,0.35,1.65,79.5,-2.12,-6.09,1.05,14368.0,23.8,-0.29,0.27,28
JSW Dulux Ltd,Mar 2026,Manufacturing,Bear,-10.71,7.89,37.4,5.86,28.05,1.58,19.1,22.7,14.0,0.35,1.65,31.75,-11.26,38.46,1.05,14368.0,27.6,15.97,0.91,23
JSW Dulux Ltd,Sep 2023,Manufacturing,Bull,4.18,4.41,37.4,5.86,28.05,1.58,19.1,22.7,15.0,0.35,1.65,47.33,-0.93,17.5,1.05,14368.0,20.68,-25.07,0.2,27
JSW Dulux Ltd,Sep 2024,Manufacturing,Bull,33.01,-2.36,37.4,5.86,28.05,1.58,19.1,22.7,15.0,0.35,1.65,73.0,0.92,-10.09,1.05,14368.0,21.5,3.97,0.05,24
JSW Dulux Ltd,Sep 2025,Manufacturing,Bear,1.92,9.19,37.4,5.86,28.05,1.58,19.1,22.7,13.0,0.35,1.65,55.5,-17.65,724.9,1.05,14368.0,369.52,150.0,0.8,21
JSW Energy Ltd,Dec 2023,Other,Bull,-7.58,10.65,48.1,3.01,36.08,0.38,7.51,8.16,44.0,0.35,1.65,2.13,4.82,1.82,1.05,96524.0,1.41,8.7,0.81,30
JSW Energy Ltd,Dec 2024,Other,Bear,-11.17,2.84,48.1,3.01,36.08,0.38,7.51,8.16,37.0,0.35,1.65,1.62,4.82,1.82,1.05,96524.0,0.96,-31.91,0.56,32
JSW Energy Ltd,Dec 2025,Other,Bull,-10.07,22.34,48.1,3.01,36.08,0.38,7.51,8.16,50.0,0.35,1.65,1.37,4.82,1.82,1.05,96524.0,2.4,150.0,0.92,27
JSW Energy Ltd,Jun 2023,Other,Bull,9.84,10.64,48.1,3.01,36.08,0.38,7.51,8.16,42.0,0.35,1.65,2.51,4.82,1.82,1.05,96524.0,1.76,-26.67,-0.32,29
JSW Energy Ltd,Jun 2024,Other,Bull,42.14,15.52,48.1,3.01,36.08,0.38,7.51,8.16,49.0,0.35,1.65,2.77,13.21,130.17,1.05,96524.0,2.99,69.89,0.95,28
JSW Energy Ltd,Jun 2025,Other,Bull,0.32,-1.47,48.1,3.01,36.08,0.38,7.51,8.16,54.0,0.35,1.65,2.14,110.87,432.48,1.05,96524.0,4.25,42.14,0.88,28
JSW Energy Ltd,Jun 2026,Other,Bull,20.86,-3.64,48.1,3.01,36.08,0.38,7.51,8.16,55.0,0.35,1.65,1.89,27.56,0.76,1.05,96524.0,2.57,-39.53,0.32,32
JSW Energy Ltd,Mar 2024,Other,Bull,28.98,14.68,48.1,3.01,36.08,0.38,7.51,8.16,42.0,0.35,1.65,2.19,-5.87,18.97,1.05,96524.0,2.14,-16.73,0.18,33
JSW Energy Ltd,Mar 2025,Other,Bear,-16.51,4.4,48.1,3.01,36.08,0.38,7.51,8.16,38.0,0.35,1.65,1.78,10.77,-22.28,1.05,96524.0,2.33,8.88,0.59,30
JSW Energy Ltd,Mar 2026,Other,Bear,-6.06,8.97,48.1,3.01,36.08,0.38,7.51,8.16,50.0,0.35,1.65,1.4,-12.52,-31.34,1.05,96524.0,2.11,-9.44,-0.32,34
JSW Energy Ltd,Sep 2023,Other,Bull,51.35,8.71,48.1,3.01,36.08,0.38,7.51,8.16,58.0,0.35,1.65,3.66,-37.41,60.79,1.05,96524.0,5.17,145.02,0.92,28
JSW Energy Ltd,Sep 2024,Other,Bull,-2.29,-4.8,48.1,3.01,36.08,0.38,7.51,8.16,52.0,0.35,1.65,3.25,17.49,154.2,1.05,96524.0,4.88,-5.61,0.92,30
JSW Energy Ltd,Sep 2025,Other,Bear,0.7,-7.81,48.1,3.01,36.08,0.38,7.51,8.16,58.0,0.35,1.65,2.11,62.34,98.55,1.05,96524.0,4.03,-17.42,0.95,28
JSW Infrastructure Ltd,Dec 2023,Other,Bull,32.42,11.73,51.6,6.62,38.7,0.26,15.3,13.6,51.0,0.35,1.65,3.36,4.82,1.82,1.05,79954.0,1.19,8.7,0.46,32
JSW Infrastructure Ltd,Dec 2024,Other,Bear,-7.95,4.39,51.6,6.62,38.7,0.26,15.3,13.6,50.0,0.35,1.65,2.29,4.82,1.82,1.05,79954.0,1.57,31.93,0.57,29
JSW Infrastructure Ltd,Dec 2025,Other,Bull,-10.16,17.43,51.6,6.62,38.7,0.26,15.3,13.6,48.0,0.35,1.65,6.92,4.82,1.82,1.05,79954.0,1.71,8.92,0.84,35
JSW Infrastructure Ltd,Jun 2023,Other,Bull,11.06,2.3,51.6,6.62,38.7,0.26,15.3,13.6,51.0,0.35,1.65,7.03,4.82,1.82,1.05,79954.0,1.72,0.58,0.54,35
JSW Infrastructure Ltd,Jun 2024,Other,Bull,32.93,5.84,51.6,6.62,38.7,0.26,15.3,13.6,51.0,0.35,1.65,6.28,7.45,16.93,1.05,79954.0,1.39,-19.19,-0.05,25
JSW Infrastructure Ltd,Jun 2025,Other,Bull,-1.06,1.99,51.6,6.62,38.7,0.26,15.3,13.6,47.0,0.35,1.65,10.56,3.55,16.07,1.05,79954.0,1.83,31.65,0.64,29
JSW Infrastructure Ltd,Jun 2026,Other,Bull,30.32,2.25,51.6,6.62,38.7,0.26,15.3,13.6,47.0,0.35,1.65,6.61,7.04,-1.92,1.05,79954.0,1.49,-18.58,0.13,30
JSW Infrastructure Ltd,Mar 2024,Other,Bull,16.47,16.59,51.6,6.62,38.7,0.26,15.3,13.6,53.0,0.35,1.65,4.34,24.83,2.17,1.05,79954.0,1.57,5.37,0.48,25
JSW Infrastructure Ltd,Mar 2025,Other,Bear,-1.36,1.82,51.6,6.62,38.7,0.26,15.3,13.6,50.0,0.35,1.65,80.12,27.03,73.74,1.05,79954.0,2.43,54.78,0.88,26
JSW Infrastructure Ltd,Mar 2026,Other,Bear,-14.99,8.95,51.6,6.62,38.7,0.26,15.3,13.6,51.0,0.35,1.65,5.92,24.35,8.72,1.05,79954.0,1.99,-18.11,0.1,27
JSW Infrastructure Ltd,Sep 2023,Other,Bull,-6.45,17.06,51.6,6.62,38.7,0.26,15.3,13.6,53.0,0.35,1.65,6.37,-41.31,-28.49,1.05,79954.0,1.21,-39.2,0.13,31
JSW Infrastructure Ltd,Sep 2024,Other,Bull,-2.13,8.49,51.6,6.62,38.7,0.26,15.3,13.6,52.0,0.35,1.65,7.03,-8.67,13.68,1.05,79954.0,1.77,46.28,0.82,33
JSW Infrastructure Ltd,Sep 2025,Other,Bear,0.46,-2.99,51.6,6.62,38.7,0.26,15.3,13.6,48.0,0.35,1.65,5.81,-1.33,-28.49,1.05,79954.0,1.72,-2.82,0.03,25
Jubilant Foodworks Ltd,Dec 2023,Other,Bull,4.58,-6.06,81.4,13.54,61.05,0.26,21.0,14.8,20.0,0.35,1.65,4.52,4.82,1.82,1.05,31029.0,1.0,8.7,0.96,29
Jubilant Foodworks Ltd,Dec 2024,Other,Bear,9.0,-6.53,81.4,13.54,61.05,0.26,21.0,14.8,19.0,0.35,1.65,3.02,4.82,1.82,1.05,31029.0,0.65,-35.0,0.93,26
Jubilant Foodworks Ltd,Dec 2025,Other,Bull,-9.82,-9.24,81.4,13.54,61.05,0.26,21.0,14.8,20.0,0.35,1.65,4.7,4.82,1.82,1.05,31029.0,1.07,64.62,0.97,29
Jubilant Foodworks Ltd,Jun 2023,Other,Bull,15.04,8.31,81.4,13.54,61.05,0.26,21.0,14.8,18.0,0.35,1.65,4.35,4.82,1.82,1.05,31029.0,0.44,-58.88,0.85,30
Jubilant Foodworks Ltd,Jun 2024,Other,Bull,23.83,5.28,81.4,13.54,61.05,0.26,21.0,14.8,20.0,0.35,1.65,2.84,40.28,-12.12,1.05,31029.0,0.85,93.18,0.98,22
Jubilant Foodworks Ltd,Jun 2025,Other,Bull,6.2,-0.01,81.4,13.54,61.05,0.26,21.0,14.8,19.0,0.35,1.65,3.95,5.11,118.6,1.05,31029.0,1.39,63.53,0.96,29
Jubilant Foodworks Ltd,Jun 2026,Other,Bull,-5.88,-4.12,81.4,13.54,61.05,0.26,21.0,14.8,20.0,0.35,1.65,4.2,5.8,36.99,1.05,31029.0,1.47,5.76,0.98,25
Jubilant Foodworks Ltd,Mar 2024,Other,Bull,-20.07,13.37,81.4,13.54,61.05,0.26,21.0,14.8,20.0,0.35,1.65,2.73,17.9,617.24,1.05,31029.0,3.14,113.61,0.95,32
Jubilant Foodworks Ltd,Mar 2025,Other,Bear,-10.13,-0.34,81.4,13.54,61.05,0.26,21.0,14.8,19.0,0.35,1.65,3.38,8.38,-15.52,1.05,31029.0,0.73,-76.75,0.93,25
Jubilant Foodworks Ltd,Mar 2026,Other,Bear,-21.52,-9.1,81.4,13.54,61.05,0.26,21.0,14.8,19.0,0.35,1.65,4.15,10.53,-12.77,1.05,31029.0,1.21,65.75,0.98,28
Jubilant Foodworks Ltd,Sep 2023,Other,Bull,6.42,9.64,81.4,13.54,61.05,0.26,21.0,14.8,20.0,0.35,1.65,4.86,-46.73,-3.0,1.05,31029.0,1.47,21.49,0.98,22
Jubilant Foodworks Ltd,Sep 2024,Other,Bull,18.77,12.21,81.4,13.54,61.05,0.26,21.0,14.8,20.0,0.35,1.65,2.87,24.21,-67.79,1.05,31029.0,0.97,-34.01,0.59,30
Jubilant Foodworks Ltd,Sep 2025,Other,Bear,-12.86,-4.27,81.4,13.54,61.05,0.26,21.0,14.8,20.0,0.35,1.65,4.49,11.69,297.96,1.05,31029.0,2.82,150.0,0.97,22
Jubilant Ingrevia Ltd,Dec 2023,Chemicals,Bull,5.96,-9.96,33.0,3.36,24.75,0.76,9.52,11.4,10.0,0.35,1.65,6.4,4.4,0.0,1.05,10487.0,2.42,8.7,0.96,23
Jubilant Ingrevia Ltd,Dec 2024,Chemicals,Bear,6.19,-8.46,33.0,3.36,24.75,0.76,9.52,11.4,13.0,0.35,1.65,11.5,4.4,0.0,1.05,10487.0,4.36,80.17,0.98,30
Jubilant Ingrevia Ltd,Dec 2025,Chemicals,Bull,8.28,3.69,33.0,3.36,24.75,0.76,9.52,11.4,12.0,0.35,1.65,10.5,4.4,0.0,1.05,10487.0,2.94,-32.57,0.8,22
Jubilant Ingrevia Ltd,Jun 2023,Chemicals,Bull,15.22,15.34,33.0,3.36,24.75,0.76,9.52,11.4,11.0,0.35,1.65,10.64,4.4,0.0,1.05,10487.0,3.62,23.13,0.98,21
Jubilant Ingrevia Ltd,Jun 2024,Chemicals,Bull,10.92,14.04,33.0,3.36,24.75,0.76,9.52,11.4,11.0,0.35,1.65,7.86,6.0,25.64,1.05,10487.0,3.06,-15.47,0.93,27
Jubilant Ingrevia Ltd,Jun 2025,Chemicals,Bull,17.02,0.14,33.0,3.36,24.75,0.76,9.52,11.4,14.0,0.35,1.65,10.92,-1.8,8.7,1.05,10487.0,4.71,53.92,0.97,26
Jubilant Ingrevia Ltd,Jun 2026,Chemicals,Bull,6.14,-6.73,33.0,3.36,24.75,0.76,9.52,11.4,15.0,0.35,1.65,11.71,23.69,125.53,1.05,10487.0,6.64,40.98,0.96,26
Jubilant Ingrevia Ltd,Mar 2024,Chemicals,Bull,-10.66,-7.33,33.0,3.36,24.75,0.76,9.52,11.4,8.0,0.35,1.65,6.5,-0.09,-50.0,1.05,10487.0,1.84,-72.29,0.94,21
Jubilant Ingrevia Ltd,Mar 2025,Chemicals,Bear,-20.79,15.42,33.0,3.36,24.75,0.76,9.52,11.4,14.0,0.35,1.65,10.5,2.64,51.02,1.05,10487.0,4.65,150.0,0.97,25
Jubilant Ingrevia Ltd,Mar 2026,Chemicals,Bear,-22.81,-14.81,33.0,3.36,24.75,0.76,9.52,11.4,14.0,0.35,1.65,13.58,13.58,14.67,1.05,10487.0,5.43,16.77,0.96,24
Jubilant Ingrevia Ltd,Sep 2023,Chemicals,Bull,13.56,10.57,33.0,3.36,24.75,0.76,9.52,11.4,12.0,0.35,1.65,9.08,-21.54,-46.23,1.05,10487.0,3.61,-33.52,0.92,30
Jubilant Ingrevia Ltd,Sep 2024,Chemicals,Bull,45.63,26.98,33.0,3.36,24.75,0.76,9.52,11.4,12.0,0.35,1.65,8.27,-2.7,103.45,1.05,10487.0,3.7,2.49,0.94,30
Jubilant Ingrevia Ltd,Sep 2025,Chemicals,Bear,-16.26,-1.73,33.0,3.36,24.75,0.76,9.52,11.4,12.0,0.35,1.65,11.25,6.66,-6.76,1.05,10487.0,4.36,17.84,0.96,26
Jubilant Pharmova Ltd,Dec 2023,Pharma,Bull,25.1,0.08,42.1,2.3,31.58,0.49,6.53,8.99,13.0,0.35,1.65,3.07,8.41,5.51,1.05,16331.0,4.19,8.7,0.97,24
Jubilant Pharmova Ltd,Dec 2024,Pharma,Bear,-5.56,-6.92,42.1,2.3,31.58,0.49,6.53,8.99,16.0,0.35,1.65,5.12,8.41,5.51,1.05,16331.0,6.33,51.07,0.97,28
Jubilant Pharmova Ltd,Dec 2025,Pharma,Bull,-3.57,-13.99,42.1,2.3,31.58,0.49,6.53,8.99,14.0,0.35,1.65,5.16,8.41,5.51,1.05,16331.0,3.51,-44.55,0.97,24
Jubilant Pharmova Ltd,Jun 2023,Pharma,Bull,36.94,-4.34,42.1,2.3,31.58,0.49,6.53,8.99,11.0,0.35,1.65,2.71,8.41,5.51,1.05,16331.0,0.4,-88.6,0.94,30
Jubilant Pharmova Ltd,Jun 2024,Pharma,Bull,28.74,39.48,42.1,2.3,31.58,0.49,6.53,8.99,15.0,0.35,1.65,3.55,3.28,630.3,1.05,16331.0,30.26,150.0,0.93,31
Jubilant Pharmova Ltd,Jun 2025,Pharma,Bull,32.02,6.51,42.1,2.3,31.58,0.49,6.53,8.99,15.0,0.35,1.65,5.92,4.34,0.99,1.05,16331.0,6.46,-78.65,0.92,29
Jubilant Pharmova Ltd,Jun 2026,Pharma,Bull,18.9,1.81,42.1,2.3,31.58,0.49,6.53,8.99,11.0,0.35,1.65,4.59,5.04,0.0,1.05,16331.0,3.55,-45.05,0.8,24
Jubilant Pharmova Ltd,Mar 2024,Pharma,Bull,-1.77,5.7,42.1,2.3,31.58,0.49,6.53,8.99,15.0,0.35,1.65,3.71,10.84,-596.89,1.05,16331.0,-3.68,-100.0,0.92,31
Jubilant Pharmova Ltd,Mar 2025,Pharma,Bear,-17.04,20.83,42.1,2.3,31.58,0.49,6.53,8.99,18.0,0.35,1.65,6.51,11.37,-68.67,1.05,16331.0,9.64,150.0,0.98,25
Jubilant Pharmova Ltd,Mar 2026,Pharma,Bear,-22.84,-1.35,42.1,2.3,31.58,0.49,6.53,8.99,15.0,0.35,1.65,6.05,20.46,16.67,1.05,16331.0,7.5,-22.2,0.88,21
Jubilant Pharmova Ltd,Sep 2023,Pharma,Bull,9.41,21.55,42.1,2.3,31.58,0.49,6.53,8.99,14.0,0.35,1.65,3.67,-24.63,10.71,1.05,16331.0,3.92,-47.73,0.92,27
Jubilant Pharmova Ltd,Sep 2024,Pharma,Bull,58.0,-2.71,42.1,2.3,31.58,0.49,6.53,8.99,17.0,0.35,1.65,4.74,-0.4,-264.52,1.05,16331.0,6.45,64.54,0.98,27
Jubilant Pharmova Ltd,Sep 2025,Pharma,Bear,-9.63,-6.3,42.1,2.3,31.58,0.49,6.53,8.99,17.0,0.35,1.65,6.82,1.92,-20.53,1.05,16331.0,7.55,17.05,0.92,28
Jupiter Wagons Ltd,Dec 2023,Manufacturing,Bull,1.61,-5.05,57.5,3.44,43.12,0.42,6.39,9.16,14.0,0.35,1.65,11.18,4.53,4.31,1.05,10239.0,1.98,8.7,0.4,26
Jupiter Wagons Ltd,Dec 2024,Manufacturing,Bear,-2.41,-6.77,57.5,3.44,43.12,0.42,6.39,9.16,14.0,0.35,1.65,10.21,4.53,4.31,1.05,10239.0,2.29,15.66,0.92,26
Jupiter Wagons Ltd,Dec 2025,Manufacturing,Bull,0.43,-5.47,57.5,3.44,43.12,0.42,6.39,9.16,13.0,0.35,1.65,6.28,4.53,4.31,1.05,10239.0,1.47,-35.81,0.36,20
Jupiter Wagons Ltd,Jun 2023,Manufacturing,Bull,79.55,30.22,57.5,3.44,43.12,0.42,6.39,9.16,13.0,0.35,1.65,12.12,4.53,4.31,1.05,10239.0,1.57,6.8,0.38,29
Jupiter Wagons Ltd,Jun 2024,Manufacturing,Bull,81.0,1.89,57.5,3.44,43.12,0.42,6.39,9.16,16.0,0.35,1.65,10.54,-1.79,13.58,1.05,10239.0,2.23,42.04,0.74,29
Jupiter Wagons Ltd,Jun 2025,Manufacturing,Bull,4.77,3.38,57.5,3.44,43.12,0.42,6.39,9.16,13.0,0.35,1.65,3.69,-55.39,-67.71,1.05,10239.0,0.77,-65.47,0.03,26
Jupiter Wagons Ltd,Jun 2026,Manufacturing,Bull,4.33,-2.99,57.5,3.44,43.12,0.42,6.39,9.16,10.0,0.35,1.65,3.82,-24.61,-58.06,1.05,10239.0,0.66,-14.29,-0.3,29
Jupiter Wagons Ltd,Mar 2024,Manufacturing,Bull,17.06,34.53,57.5,3.44,43.12,0.42,6.39,9.16,13.0,0.35,1.65,13.27,48.07,66.67,1.05,10239.0,2.55,150.0,0.91,27
Jupiter Wagons Ltd,Mar 2025,Manufacturing,Bear,-27.18,0.8,57.5,3.44,43.12,0.42,6.39,9.16,14.0,0.35,1.65,8.65,18.75,11.96,1.05,10239.0,2.43,-4.71,0.1,28
Jupiter Wagons Ltd,Mar 2026,Manufacturing,Bear,-29.37,0.16,57.5,3.44,43.12,0.42,6.39,9.16,10.0,0.35,1.65,4.94,69.93,-12.9,1.05,10239.0,0.67,-72.43,0.03,24
Jupiter Wagons Ltd,Sep 2023,Manufacturing,Bull,80.69,6.48,57.5,3.44,43.12,0.42,6.39,9.16,14.0,0.35,1.65,12.1,31.0,215.38,1.05,10239.0,2.05,150.0,0.9,20
Jupiter Wagons Ltd,Sep 2024,Manufacturing,Bull,-25.81,27.28,57.5,3.44,43.12,0.42,6.39,9.16,14.0,0.35,1.65,8.18,-9.51,-15.24,1.05,10239.0,2.11,2.93,-0.56,30
Jupiter Wagons Ltd,Sep 2025,Manufacturing,Bear,-13.13,-13.17,57.5,3.44,43.12,0.42,6.39,9.16,13.0,0.35,1.65,5.42,-24.78,-56.31,1.05,10239.0,1.1,-47.87,-0.4,23
Jyoti CNC Automation Ltd,Dec 2023,Manufacturing,Bull,11.14,4.96,69.6,11.19,52.2,0.0,18.2,21.3,25.0,0.35,1.65,4.0,4.53,4.31,1.05,22401.0,2.44,8.7,0.73,22
Jyoti CNC Automation Ltd,Dec 2024,Manufacturing,Bear,16.83,-4.46,69.6,11.19,52.2,0.0,18.2,21.3,25.0,0.35,1.65,10.27,4.53,4.31,1.05,22401.0,3.53,44.67,0.82,32
Jyoti CNC Automation Ltd,Dec 2025,Manufacturing,Bull,12.69,6.3,69.6,11.19,52.2,0.0,18.2,21.3,27.0,0.35,1.65,6.46,4.53,4.31,1.05,22401.0,3.89,10.2,0.46,22
Jyoti CNC Automation Ltd,Jun 2023,Manufacturing,Bull,11.55,2.93,69.6,11.19,52.2,0.0,18.2,21.3,8.0,0.35,1.65,0.76,4.53,4.31,1.05,22401.0,-4.1,-100.0,-0.44,23
Jyoti CNC Automation Ltd,Jun 2024,Manufacturing,Bull,70.23,4.28,69.6,11.19,52.2,0.0,18.2,21.3,23.0,0.35,1.65,7.73,-4.23,6.25,1.05,22401.0,2.24,150.0,0.62,28
Jyoti CNC Automation Ltd,Jun 2025,Manufacturing,Bull,-1.26,-2.74,69.6,11.19,52.2,0.0,18.2,21.3,24.0,0.35,1.65,8.33,-8.89,-11.25,1.05,22401.0,3.14,40.18,0.75,23
Jyoti CNC Automation Ltd,Jun 2026,Manufacturing,Bull,1.18,21.15,69.6,11.19,52.2,0.0,18.2,21.3,21.0,0.35,1.65,4.54,-11.81,-35.96,1.05,22401.0,2.51,-20.06,-0.56,22
Jyoti CNC Automation Ltd,Mar 2024,Manufacturing,Bull,89.19,31.89,69.6,11.19,52.2,0.0,18.2,21.3,30.0,0.35,1.65,6.38,116.35,-596.89,1.05,22401.0,4.38,74.5,0.92,26
Jyoti CNC Automation Ltd,Mar 2025,Manufacturing,Bear,-20.76,-8.82,69.6,11.19,52.2,0.0,18.2,21.3,31.0,0.35,1.65,16.18,59.12,113.73,1.05,22401.0,4.79,9.36,0.74,31
Jyoti CNC Automation Ltd,Mar 2026,Manufacturing,Bear,-27.3,-3.63,69.6,11.19,52.2,0.0,18.2,21.3,25.0,0.35,1.65,7.35,46.1,28.17,1.05,22401.0,3.98,-16.91,0.78,28
Jyoti CNC Automation Ltd,Sep 2023,Manufacturing,Bull,-10.15,-10.39,69.6,11.19,52.2,0.0,18.2,21.3,18.0,0.35,1.65,2.2,-40.55,-70.18,1.05,22401.0,0.86,-78.39,-0.4,22
Jyoti CNC Automation Ltd,Sep 2024,Manufacturing,Bull,-14.17,14.53,69.6,11.19,52.2,0.0,18.2,21.3,25.0,0.35,1.65,11.89,-4.22,-24.0,1.05,22401.0,3.34,150.0,0.9,30
Jyoti CNC Automation Ltd,Sep 2025,Manufacturing,Bear,-20.3,-2.59,69.6,11.19,52.2,0.0,18.2,21.3,25.0,0.35,1.65,8.93,-11.81,-21.1,1.05,22401.0,3.76,12.57,0.1,30
Kajaria Ceramics Ltd,Dec 2023,Manufacturing,Bull,-3.06,-2.22,33.4,6.39,25.05,1.14,17.9,23.4,16.0,0.35,1.65,35.6,4.53,4.31,1.05,19272.0,6.54,8.7,-0.2,26
Kajaria Ceramics Ltd,Dec 2024,Manufacturing,Bear,-21.44,-6.67,33.4,6.39,25.05,1.14,17.9,23.4,13.0,0.35,1.65,21.71,4.53,4.31,1.05,19272.0,4.88,-25.38,-0.53,25
Kajaria Ceramics Ltd,Dec 2025,Manufacturing,Bull,-18.2,-2.26,33.4,6.39,25.05,1.14,17.9,23.4,17.0,0.35,1.65,33.33,4.53,4.31,1.05,19272.0,5.51,12.91,-0.03,29
Kajaria Ceramics Ltd,Jun 2023,Manufacturing,Bull,18.68,-4.27,33.4,6.39,25.05,1.14,17.9,23.4,16.0,0.35,1.65,33.8,4.53,4.31,1.05,19272.0,6.75,22.5,0.8,29
Kajaria Ceramics Ltd,Jun 2024,Manufacturing,Bull,14.85,5.58,33.4,6.39,25.05,1.14,17.9,23.4,15.0,0.35,1.65,56.33,-4.86,-14.81,1.05,19272.0,5.64,-16.44,0.53,27
Kajaria Ceramics Ltd,Jun 2025,Manufacturing,Bull,27.41,-4.13,33.4,6.39,25.05,1.14,17.9,23.4,17.0,0.35,1.65,37.4,-4.58,39.24,1.05,19272.0,6.84,21.28,0.88,21
Kajaria Ceramics Ltd,Jun 2026,Manufacturing,Bull,22.04,-2.88,33.4,6.39,25.05,1.14,17.9,23.4,20.0,0.35,1.65,52.0,13.7,98.84,1.05,19272.0,10.64,55.56,0.77,22
Kajaria Ceramics Ltd,Mar 2024,Manufacturing,Bull,-11.74,6.57,33.4,6.39,25.05,1.14,17.9,23.4,14.0,0.35,1.65,34.4,13.53,-4.59,1.05,19272.0,6.43,-39.57,-0.7,21
Kajaria Ceramics Ltd,Mar 2025,Manufacturing,Bear,-26.73,11.83,33.4,6.39,25.05,1.14,17.9,23.4,11.0,0.35,1.65,23.0,11.5,-53.26,1.05,19272.0,2.67,-58.48,-0.08,26
Kajaria Ceramics Ltd,Mar 2026,Manufacturing,Bear,-4.44,1.68,33.4,6.39,25.05,1.14,17.9,23.4,19.0,0.35,1.65,43.83,24.48,42.73,1.05,19272.0,9.78,150.0,0.88,21
Kajaria Ceramics Ltd,Sep 2023,Manufacturing,Bull,6.49,7.29,33.4,6.39,25.05,1.14,17.9,23.4,16.0,0.35,1.65,44.75,-15.51,-35.09,1.05,19272.0,6.78,-30.67,-0.62,21
Kajaria Ceramics Ltd,Sep 2024,Manufacturing,Bull,-1.59,2.8,33.4,6.39,25.05,1.14,17.9,23.4,13.0,0.35,1.65,31.2,-2.4,-17.31,1.05,19272.0,5.29,-21.98,0.36,27
Kajaria Ceramics Ltd,Sep 2025,Manufacturing,Bear,8.93,-1.85,33.4,6.39,25.05,1.14,17.9,23.4,18.0,0.35,1.65,35.5,-2.95,211.63,1.05,19272.0,8.35,57.84,0.84,24
Kalyan Jewellers India Ltd,Dec 2023,Manufacturing,Bull,54.19,8.88,42.4,9.84,31.8,0.42,24.8,21.2,7.0,0.35,1.65,4.51,4.53,4.31,1.05,62084.0,1.75,8.7,0.75,31
Kalyan Jewellers India Ltd,Dec 2024,Manufacturing,Bear,2.15,-5.52,42.4,9.84,31.8,0.42,24.8,21.2,6.0,0.35,1.65,4.89,4.53,4.31,1.05,62084.0,2.12,21.14,0.81,33
Kalyan Jewellers India Ltd,Dec 2025,Manufacturing,Bull,4.31,-15.59,42.4,9.84,31.8,0.42,24.8,21.2,7.0,0.35,1.65,7.21,4.53,4.31,1.05,62084.0,4.03,90.09,0.91,28
Kalyan Jewellers India Ltd,Jun 2023,Manufacturing,Bull,39.05,1.89,42.4,9.84,31.8,0.42,24.8,21.2,7.0,0.35,1.65,3.94,4.53,4.31,1.05,62084.0,1.4,-65.26,0.57,29
Kalyan Jewellers India Ltd,Jun 2024,Manufacturing,Bull,17.67,24.98,42.4,9.84,31.8,0.42,24.8,21.2,7.0,0.35,1.65,4.33,5.84,-1.11,1.05,62084.0,1.72,22.86,0.78,34
Kalyan Jewellers India Ltd,Jun 2025,Manufacturing,Bull,21.35,-3.07,42.4,9.84,31.8,0.42,24.8,21.2,7.0,0.35,1.65,4.88,-0.14,20.55,1.05,62084.0,2.56,48.84,0.84,31
Kalyan Jewellers India Ltd,Jun 2026,Manufacturing,Bull,-0.1,0.95,42.4,9.84,31.8,0.42,24.8,21.2,6.0,0.35,1.65,5.86,2.38,-16.11,1.05,62084.0,3.38,32.03,0.84,27
Kalyan Jewellers India Ltd,Mar 2024,Manufacturing,Bull,18.08,-2.11,42.4,9.84,31.8,0.42,24.8,21.2,7.0,0.35,1.65,3.79,3.4,-4.86,1.05,62084.0,1.34,-60.36,-0.62,30
Kalyan Jewellers India Ltd,Mar 2025,Manufacturing,Bear,-39.78,-5.97,42.4,9.84,31.8,0.42,24.8,21.2,6.0,0.35,1.65,4.16,11.83,5.62,1.05,62084.0,1.82,35.82,0.84,32
Kalyan Jewellers India Ltd,Mar 2026,Manufacturing,Bear,-22.37,-2.35,42.4,9.84,31.8,0.42,24.8,21.2,7.0,0.35,1.65,5.66,41.37,55.3,1.05,62084.0,3.97,118.13,0.91,34
Kalyan Jewellers India Ltd,Sep 2023,Manufacturing,Bull,51.69,-4.12,42.4,9.84,31.8,0.42,24.8,21.2,7.0,0.35,1.65,3.83,-55.39,-61.32,1.05,62084.0,1.31,-67.0,0.1,34
Kalyan Jewellers India Ltd,Sep 2024,Manufacturing,Bull,47.11,11.8,42.4,9.84,31.8,0.42,24.8,21.2,5.0,0.35,1.65,3.63,34.03,-5.11,1.05,62084.0,1.27,-3.05,0.62,24
Kalyan Jewellers India Ltd,Sep 2025,Manufacturing,Bear,-20.11,-3.1,42.4,9.84,31.8,0.42,24.8,21.2,6.0,0.35,1.65,5.23,27.08,38.83,1.05,62084.0,2.52,98.43,0.75,30
Kaynes Technology India Ltd,Dec 2023,Manufacturing,Bull,8.86,4.78,67.8,4.95,50.85,0.0,8.69,12.7,14.0,0.35,1.65,4.67,4.53,4.31,1.05,23561.0,7.07,8.7,0.73,32
Kaynes Technology India Ltd,Dec 2024,Manufacturing,Bear,35.69,-3.84,67.8,4.95,50.85,0.0,8.69,12.7,14.0,0.35,1.65,3.48,4.53,4.31,1.05,23561.0,10.38,46.82,0.36,23
Kaynes Technology India Ltd,Dec 2025,Manufacturing,Bull,-43.93,7.22,67.8,4.95,50.85,0.0,8.69,12.7,15.0,0.35,1.65,4.76,4.53,4.31,1.05,23561.0,11.43,10.12,0.15,22
Kaynes Technology India Ltd,Jun 2023,Manufacturing,Bull,44.89,20.7,67.8,4.95,50.85,0.0,8.69,12.7,14.0,0.35,1.65,3.64,4.53,4.31,1.05,23561.0,4.24,-62.9,-0.03,24
Kaynes Technology India Ltd,Jun 2024,Manufacturing,Bull,38.21,4.94,67.8,4.95,50.85,0.0,8.69,12.7,13.0,0.35,1.65,2.91,-0.98,13.33,1.05,23561.0,7.94,87.26,0.84,28
Kaynes Technology India Ltd,Jun 2025,Manufacturing,Bull,27.11,14.21,67.8,4.95,50.85,0.0,8.69,12.7,17.0,0.35,1.65,4.04,1.82,13.64,1.05,23561.0,11.14,40.3,0.82,30
Kaynes Technology India Ltd,Jun 2026,Manufacturing,Bull,-11.81,8.0,67.8,4.95,50.85,0.0,8.69,12.7,16.0,0.35,1.65,4.0,17.66,-27.27,1.05,23561.0,8.42,-24.42,0.82,27
Kaynes Technology India Ltd,Mar 2024,Manufacturing,Bull,7.6,45.01,67.8,4.95,50.85,0.0,8.69,12.7,15.0,0.35,1.65,6.33,114.48,224.0,1.05,23561.0,12.71,50.95,0.88,25
Kaynes Technology India Ltd,Mar 2025,Manufacturing,Bear,-37.51,-13.05,67.8,4.95,50.85,0.0,8.69,12.7,17.0,0.35,1.65,5.79,95.24,127.45,1.05,23561.0,18.15,42.8,0.71,31
Kaynes Technology India Ltd,Mar 2026,Manufacturing,Bear,-13.03,-5.96,67.8,4.95,50.85,0.0,8.69,12.7,16.0,0.35,1.65,4.73,84.7,21.33,1.05,23561.0,13.61,-25.01,0.86,22
Kaynes Technology India Ltd,Sep 2023,Manufacturing,Bull,48.29,5.47,67.8,4.95,50.85,0.0,8.69,12.7,14.0,0.35,1.65,4.08,-55.39,-42.86,1.05,23561.0,5.56,-59.15,-0.3,32
Kaynes Technology India Ltd,Sep 2024,Manufacturing,Bull,36.53,20.09,67.8,4.95,50.85,0.0,8.69,12.7,14.0,0.35,1.65,3.73,-10.2,-25.93,1.05,23561.0,9.41,69.24,0.88,32
Kaynes Technology India Ltd,Sep 2025,Manufacturing,Bear,14.84,-32.7,67.8,4.95,50.85,0.0,8.69,12.7,16.0,0.35,1.65,6.43,-7.93,4.31,1.05,23561.0,18.11,92.45,0.25,22
KEC International Ltd,Dec 2023,Manufacturing,Bull,-13.26,-3.72,18.0,1.76,13.5,1.35,11.4,16.5,6.0,0.35,1.65,1.88,4.53,4.31,1.05,10818.0,3.77,8.7,0.77,27
KEC International Ltd,Dec 2024,Manufacturing,Bear,14.09,-3.4,18.0,1.76,13.5,1.35,11.4,16.5,7.0,0.35,1.65,2.2,4.53,4.31,1.05,10818.0,4.87,29.18,-0.05,22
KEC International Ltd,Dec 2025,Manufacturing,Bull,-13.56,-1.58,18.0,1.76,13.5,1.35,11.4,16.5,7.0,0.35,1.65,2.51,4.53,4.31,1.05,10818.0,4.79,-1.64,0.62,24
KEC International Ltd,Jun 2023,Manufacturing,Bull,22.51,4.26,18.0,1.76,13.5,1.35,11.4,16.5,6.0,0.35,1.65,1.53,4.53,4.31,1.05,10818.0,1.65,-65.55,-0.03,30
KEC International Ltd,Jun 2024,Manufacturing,Bull,23.28,21.56,18.0,1.76,13.5,1.35,11.4,16.5,6.0,0.35,1.65,1.74,-9.89,-9.28,1.05,10818.0,3.41,106.67,0.84,30
KEC International Ltd,Jun 2025,Manufacturing,Bull,16.0,5.44,18.0,1.76,13.5,1.35,11.4,16.5,7.0,0.35,1.65,2.32,-6.09,-3.85,1.05,10818.0,4.68,37.24,0.78,27
KEC International Ltd,Jun 2026,Manufacturing,Bull,-0.11,-2.42,18.0,1.76,13.5,1.35,11.4,16.5,6.0,0.35,1.65,1.77,-16.28,-42.52,1.05,10818.0,2.73,-41.67,-0.7,26
KEC International Ltd,Mar 2024,Manufacturing,Bull,14.65,22.97,18.0,1.76,13.5,1.35,11.4,16.5,6.0,0.35,1.65,2.52,45.26,261.9,1.05,10818.0,5.9,116.12,0.78,26
KEC International Ltd,Mar 2025,Manufacturing,Bear,-34.8,8.93,18.0,1.76,13.5,1.35,11.4,16.5,8.0,0.35,1.65,3.17,52.3,204.55,1.05,10818.0,10.08,70.85,0.62,27
KEC International Ltd,Mar 2026,Manufacturing,Bear,-30.75,-8.04,18.0,1.76,13.5,1.35,11.4,16.5,7.0,0.35,1.65,2.64,27.21,54.4,1.05,10818.0,7.24,-28.17,0.8,25
KEC International Ltd,Sep 2023,Manufacturing,Bull,19.26,3.78,18.0,1.76,13.5,1.35,11.4,16.5,6.0,0.35,1.65,1.54,-10.45,-23.29,1.05,10818.0,2.17,-70.03,0.1,26
KEC International Ltd,Sep 2024,Manufacturing,Bull,18.04,15.74,18.0,1.76,13.5,1.35,11.4,16.5,6.0,0.35,1.65,1.9,-17.06,-44.08,1.05,10818.0,3.21,47.93,0.88,27
KEC International Ltd,Sep 2025,Manufacturing,Bear,-3.45,-10.22,18.0,1.76,13.5,1.35,11.4,16.5,7.0,0.35,1.65,2.51,-11.35,-39.93,1.05,10818.0,6.04,88.16,0.75,24
KEI Industries Ltd,Dec 2023,Manufacturing,Bull,20.32,0.46,43.9,6.57,32.92,0.1,14.7,20.0,10.0,0.35,1.65,19.55,4.53,4.31,1.05,43766.0,16.7,8.7,0.4,29
KEI Industries Ltd,Dec 2024,Manufacturing,Bear,2.77,-3.33,43.9,6.57,32.92,0.1,14.7,20.0,10.0,0.35,1.65,17.57,4.53,4.31,1.05,43766.0,17.25,3.29,0.44,28
KEI Industries Ltd,Dec 2025,Manufacturing,Bull,10.57,-9.38,43.9,6.57,32.92,0.1,14.7,20.0,11.0,0.35,1.65,18.82,4.53,4.31,1.05,43766.0,24.57,42.43,0.7,33
KEI Industries Ltd,Jun 2023,Manufacturing,Bull,36.48,12.14,43.9,6.57,32.92,0.1,14.7,20.0,10.0,0.35,1.65,19.78,4.53,4.31,1.05,43766.0,13.46,-45.22,0.13,24
KEI Industries Ltd,Jun 2024,Manufacturing,Bull,26.28,3.33,43.9,6.57,32.92,0.1,14.7,20.0,11.0,0.35,1.65,15.64,0.29,-0.66,1.05,43766.0,16.65,23.7,0.75,30
KEI Industries Ltd,Jun 2025,Manufacturing,Bull,34.04,5.75,43.9,6.57,32.92,0.1,14.7,20.0,10.0,0.35,1.65,18.43,4.77,18.79,1.05,43766.0,20.49,23.06,0.82,29
KEI Industries Ltd,Jun 2026,Manufacturing,Bull,31.26,-5.16,43.9,6.57,32.92,0.1,14.7,20.0,12.0,0.35,1.65,22.0,7.78,16.6,1.05,43766.0,28.68,39.97,0.25,29
KEI Industries Ltd,Mar 2024,Manufacturing,Bull,8.48,18.5,43.9,6.57,32.92,0.1,14.7,20.0,11.0,0.35,1.65,15.0,30.68,38.84,1.05,43766.0,18.67,-34.9,0.82,24
KEI Industries Ltd,Mar 2025,Manufacturing,Bear,-35.21,4.91,43.9,6.57,32.92,0.1,14.7,20.0,10.0,0.35,1.65,21.5,41.16,51.33,1.05,43766.0,23.71,27.0,0.82,27
KEI Industries Ltd,Mar 2026,Manufacturing,Bear,-10.45,4.92,43.9,6.57,32.92,0.1,14.7,20.0,11.0,0.35,1.65,20.11,34.21,44.9,1.05,43766.0,29.74,25.43,0.81,30
KEI Industries Ltd,Sep 2023,Manufacturing,Bull,15.69,20.47,43.9,6.57,32.92,0.1,14.7,20.0,10.0,0.35,1.65,25.25,-38.93,-48.91,1.05,43766.0,15.54,-47.75,-0.03,31
KEI Industries Ltd,Sep 2024,Manufacturing,Bull,-4.11,19.68,43.9,6.57,32.92,0.1,14.7,20.0,10.0,0.35,1.65,17.31,-1.97,-7.74,1.05,43766.0,17.15,10.36,0.78,26
KEI Industries Ltd,Sep 2025,Manufacturing,Bear,6.6,0.41,43.9,6.57,32.92,0.1,14.7,20.0,10.0,0.35,1.65,19.21,-6.48,-10.13,1.05,43766.0,21.29,24.14,0.74,32
KFin Technologies Ltd,Dec 2023,Banking,Bull,-0.57,-10.93,44.4,9.28,33.3,1.33,21.6,29.2,45.0,0.45,1.65,98.0,8.74,9.96,1.05,15558.0,3.92,8.7,0.15,30
KFin Technologies Ltd,Dec 2024,Banking,Bear,35.16,-3.37,44.4,9.28,33.3,1.33,21.6,29.2,45.0,0.45,1.65,131.0,8.74,9.96,1.05,15558.0,5.25,33.93,0.92,25
KFin Technologies Ltd,Dec 2025,Banking,Bull,0.15,10.63,44.4,9.28,33.3,1.33,21.6,29.2,41.0,0.45,1.65,152.0,8.74,9.96,1.05,15558.0,5.33,1.52,0.78,24
KFin Technologies Ltd,Jun 2023,Banking,Bull,29.75,21.19,44.4,9.28,33.3,1.33,21.6,29.2,39.0,0.45,1.65,23.33,8.74,9.96,1.05,15558.0,2.55,-52.16,0.03,27
KFin Technologies Ltd,Jun 2024,Banking,Bull,12.55,2.14,44.4,9.28,33.3,1.33,21.6,29.2,42.0,0.45,1.65,100.0,8.68,1.49,1.05,15558.0,3.97,55.69,0.79,28
KFin Technologies Ltd,Jun 2025,Banking,Bull,30.58,-0.07,44.4,9.28,33.3,1.33,21.6,29.2,41.0,0.45,1.65,114.0,-5.52,-14.44,1.05,15558.0,4.49,13.1,0.1,30
KFin Technologies Ltd,Jun 2026,Banking,Bull,-2.57,-2.37,44.4,9.28,33.3,1.33,21.6,29.2,34.0,0.45,1.65,122.0,-3.77,-18.48,1.05,15558.0,4.35,-3.12,-0.46,21
KFin Technologies Ltd,Mar 2024,Banking,Bull,27.06,-5.74,44.4,9.28,33.3,1.33,21.6,29.2,45.0,0.45,1.65,104.0,25.27,72.09,1.05,15558.0,4.36,0.23,0.34,23
KFin Technologies Ltd,Mar 2025,Banking,Bear,-33.37,16.04,44.4,9.28,33.3,1.33,21.6,29.2,43.0,0.45,1.65,122.0,18.91,25.0,1.05,15558.0,4.94,13.3,0.88,21
KFin Technologies Ltd,Mar 2026,Banking,Bear,-18.59,2.29,44.4,9.28,33.3,1.33,21.6,29.2,37.0,0.45,1.65,128.0,26.64,5.19,1.05,15558.0,4.7,-4.86,-0.08,25
KFin Technologies Ltd,Sep 2023,Banking,Bull,28.11,-1.83,44.4,9.28,33.3,1.33,21.6,29.2,45.0,0.45,1.65,31.0,-41.46,-18.67,1.05,15558.0,3.61,-23.19,-0.57,27
KFin Technologies Ltd,Sep 2024,Banking,Bull,39.86,27.96,44.4,9.28,33.3,1.33,21.6,29.2,45.0,0.45,1.65,127.0,22.81,20.27,1.05,15558.0,5.21,44.32,0.78,25
KFin Technologies Ltd,Sep 2025,Banking,Bear,-20.62,-3.59,44.4,9.28,33.3,1.33,21.6,29.2,44.0,0.45,1.65,136.0,9.19,9.41,1.05,15558.0,5.42,4.03,0.27,31
Krishna Institute of Medical Sciences Ltd,Dec 2023,Pharma,Bull,2.43,-5.72,155.0,13.68,116.25,0.0,11.3,9.5,24.0,0.35,1.65,12.25,8.41,5.51,1.05,32296.0,1.8,8.7,0.54,27
Krishna Institute of Medical Sciences Ltd,Dec 2024,Pharma,Bear,7.52,-10.17,155.0,13.68,116.25,0.0,11.3,9.5,24.0,0.35,1.65,7.19,8.41,5.51,1.05,32296.0,2.22,23.33,0.75,22
Krishna Institute of Medical Sciences Ltd,Dec 2025,Pharma,Bull,-11.53,6.12,155.0,13.68,116.25,0.0,11.3,9.5,20.0,0.35,1.65,3.49,8.41,5.51,1.05,32296.0,1.33,-40.09,-0.85,28
Krishna Institute of Medical Sciences Ltd,Jun 2023,Pharma,Bull,28.31,12.65,155.0,13.68,116.25,0.0,11.3,9.5,26.0,0.35,1.65,17.44,8.41,5.51,1.05,32296.0,2.02,51.88,0.91,25
Krishna Institute of Medical Sciences Ltd,Jun 2024,Pharma,Bull,1.99,19.43,155.0,13.68,116.25,0.0,11.3,9.5,26.0,0.35,1.65,9.94,13.53,23.38,1.05,32296.0,2.16,6.93,0.34,23
Krishna Institute of Medical Sciences Ltd,Jun 2025,Pharma,Bull,8.96,-0.39,155.0,13.68,116.25,0.0,11.3,9.5,22.0,0.35,1.65,5.85,12.95,-7.61,1.05,32296.0,1.96,-9.26,-0.36,32
Krishna Institute of Medical Sciences Ltd,Jun 2026,Pharma,Bull,30.36,-3.67,155.0,13.68,116.25,0.0,11.3,9.5,19.0,0.35,1.65,2.69,18.24,-28.85,1.05,32296.0,0.99,-49.49,0.0,22
Krishna Institute of Medical Sciences Ltd,Mar 2024,Pharma,Bull,5.17,4.24,155.0,13.68,116.25,0.0,11.3,9.5,25.0,0.35,1.65,9.94,4.62,-17.24,1.05,32296.0,1.64,65.66,0.34,23
Krishna Institute of Medical Sciences Ltd,Mar 2025,Pharma,Bear,6.01,5.62,155.0,13.68,116.25,0.0,11.3,9.5,25.0,0.35,1.65,7.33,15.84,11.58,1.05,32296.0,2.54,54.88,0.84,28
Krishna Institute of Medical Sciences Ltd,Mar 2026,Pharma,Bear,0.88,3.08,155.0,13.68,116.25,0.0,11.3,9.5,19.0,0.35,1.65,3.03,23.28,-61.18,1.05,32296.0,1.06,-58.27,-0.05,22
Krishna Institute of Medical Sciences Ltd,Sep 2023,Pharma,Bull,12.55,2.62,155.0,13.68,116.25,0.0,11.3,9.5,27.0,0.35,1.65,19.67,-44.75,172.97,1.05,32296.0,2.3,116.98,0.75,27
Krishna Institute of Medical Sciences Ltd,Sep 2024,Pharma,Bull,30.43,6.19,155.0,13.68,116.25,0.0,11.3,9.5,28.0,0.35,1.65,10.9,22.56,68.06,1.05,32296.0,2.68,16.52,0.92,29
Krishna Institute of Medical Sciences Ltd,Sep 2025,Pharma,Bear,2.03,-0.88,155.0,13.68,116.25,0.0,11.3,9.5,21.0,0.35,1.65,4.53,20.58,-32.08,1.05,32296.0,1.67,-37.69,-0.4,29
Kirloskar Oil Engines Ltd,Dec 2023,Manufacturing,Bull,18.49,22.72,55.4,8.71,41.55,0.32,17.5,14.6,19.0,0.35,1.65,3.15,4.53,4.31,1.05,31557.0,6.2,8.7,0.2,24
Kirloskar Oil Engines Ltd,Dec 2024,Manufacturing,Bear,-13.56,-0.96,55.4,8.71,41.55,0.32,17.5,14.6,18.0,0.35,1.65,1.92,4.53,4.31,1.05,31557.0,4.91,-20.81,0.36,26
Kirloskar Oil Engines Ltd,Dec 2025,Manufacturing,Bull,31.63,4.35,55.4,8.71,41.55,0.32,17.5,14.6,18.0,0.35,1.65,2.59,4.53,4.31,1.05,31557.0,7.66,56.01,0.64,28
Kirloskar Oil Engines Ltd,Jun 2023,Manufacturing,Bull,-0.76,-0.24,55.4,8.71,41.55,0.32,17.5,14.6,17.0,0.35,1.65,3.5,4.53,4.31,1.05,31557.0,8.67,13.19,0.8,32
Kirloskar Oil Engines Ltd,Jun 2024,Manufacturing,Bull,56.92,1.4,55.4,8.71,41.55,0.32,17.5,14.6,20.0,0.35,1.65,3.22,17.33,75.28,1.05,31557.0,10.98,26.64,0.71,31
Kirloskar Oil Engines Ltd,Jun 2025,Manufacturing,Bull,17.43,-6.12,55.4,8.71,41.55,0.32,17.5,14.6,19.0,0.35,1.65,2.35,21.18,104.41,1.05,31557.0,9.77,-11.02,0.92,24
Kirloskar Oil Engines Ltd,Jun 2026,Manufacturing,Bull,72.93,1.02,55.4,8.71,41.55,0.32,17.5,14.6,15.0,0.35,1.65,2.59,6.78,1.83,1.05,31557.0,7.82,-19.96,0.05,30
Kirloskar Oil Engines Ltd,Mar 2024,Manufacturing,Bull,30.0,13.03,55.4,8.71,41.55,0.32,17.5,14.6,18.0,0.35,1.65,3.12,7.58,16.67,1.05,31557.0,10.25,31.07,0.82,28
Kirloskar Oil Engines Ltd,Mar 2025,Manufacturing,Bear,-28.36,2.16,55.4,8.71,41.55,0.32,17.5,14.6,18.0,0.35,1.65,2.38,7.17,-18.59,1.05,31557.0,9.03,-11.9,-0.53,23
Kirloskar Oil Engines Ltd,Mar 2026,Manufacturing,Bear,8.19,8.64,55.4,8.71,41.55,0.32,17.5,14.6,18.0,0.35,1.65,3.13,20.09,11.51,1.05,31557.0,10.91,20.82,0.88,31
Kirloskar Oil Engines Ltd,Sep 2023,Manufacturing,Bull,36.54,13.86,55.4,8.71,41.55,0.32,17.5,14.6,15.0,0.35,1.65,2.72,-34.75,-29.73,1.05,31557.0,5.38,-50.69,0.03,29
Kirloskar Oil Engines Ltd,Sep 2024,Manufacturing,Bull,-13.12,-1.49,55.4,8.71,41.55,0.32,17.5,14.6,20.0,0.35,1.65,2.53,-9.34,-14.97,1.05,31557.0,8.79,63.38,0.25,25
Kirloskar Oil Engines Ltd,Sep 2025,Manufacturing,Bear,7.73,2.36,55.4,8.71,41.55,0.32,17.5,14.6,20.0,0.35,1.65,2.81,11.38,25.2,1.05,31557.0,11.18,27.19,0.7,31
Kalpataru Projects International Ltd,Dec 2023,Manufacturing,Bull,9.12,14.55,22.1,3.16,16.58,0.77,13.7,18.3,9.0,0.35,1.65,3.42,4.53,4.31,1.05,24518.0,8.68,8.7,-0.46,23
Kalpataru Projects International Ltd,Dec 2024,Manufacturing,Bear,-3.85,6.83,22.1,3.16,16.58,0.77,13.7,18.3,8.0,0.35,1.65,2.92,4.53,4.31,1.05,24518.0,8.31,-4.26,-0.32,25
Kalpataru Projects International Ltd,Dec 2025,Manufacturing,Bull,-3.37,-5.37,22.1,3.16,16.58,0.77,13.7,18.3,8.0,0.35,1.65,3.74,4.53,4.31,1.05,24518.0,8.91,7.22,0.8,27
Kalpataru Projects International Ltd,Jun 2023,Manufacturing,Bull,3.6,2.88,22.1,3.16,16.58,0.77,13.7,18.3,9.0,0.35,1.65,3.32,4.53,4.31,1.05,24518.0,7.08,-20.54,-0.7,31
Kalpataru Projects International Ltd,Jun 2024,Manufacturing,Bull,5.93,13.07,22.1,3.16,16.58,0.77,13.7,18.3,8.0,0.35,1.65,2.63,-6.31,-41.67,1.05,24518.0,5.71,-19.35,-0.4,23
Kalpataru Projects International Ltd,Jun 2025,Manufacturing,Bull,25.79,1.61,22.1,3.16,16.58,0.77,13.7,18.3,9.0,0.35,1.65,4.3,7.66,52.86,1.05,24518.0,12.51,119.09,0.91,31
Kalpataru Projects International Ltd,Jun 2026,Manufacturing,Bull,25.95,-1.27,22.1,3.16,16.58,0.77,13.7,18.3,9.0,0.35,1.65,6.85,-3.86,109.4,1.05,24518.0,18.16,45.16,0.36,30
Kalpataru Projects International Ltd,Mar 2024,Manufacturing,Bull,49.39,3.66,22.1,3.16,16.58,0.77,13.7,18.3,8.0,0.35,1.65,3.18,40.79,49.56,1.05,24518.0,10.12,-44.27,0.91,25
Kalpataru Projects International Ltd,Mar 2025,Manufacturing,Bear,-25.82,9.39,22.1,3.16,16.58,0.77,13.7,18.3,8.0,0.35,1.65,4.56,54.07,159.52,1.05,24518.0,13.2,30.43,0.57,26
Kalpataru Projects International Ltd,Mar 2026,Manufacturing,Bear,-12.03,3.5,22.1,3.16,16.58,0.77,13.7,18.3,8.0,0.35,1.65,6.1,26.04,101.4,1.05,24518.0,25.43,92.65,0.75,26
Kalpataru Projects International Ltd,Sep 2023,Manufacturing,Bull,15.14,2.17,22.1,3.16,16.58,0.77,13.7,18.3,8.0,0.35,1.65,2.71,-29.49,-71.15,1.05,24518.0,5.47,-78.49,-0.7,26
Kalpataru Projects International Ltd,Sep 2024,Manufacturing,Bull,16.91,8.94,22.1,3.16,16.58,0.77,13.7,18.3,9.0,0.35,1.65,2.92,-17.43,-25.44,1.05,24518.0,7.73,41.32,0.78,31
Kalpataru Projects International Ltd,Sep 2025,Manufacturing,Bear,4.32,-6.0,22.1,3.16,16.58,0.77,13.7,18.3,9.0,0.35,1.65,4.09,-7.61,8.72,1.05,24518.0,14.06,81.89,0.93,22
KPIT Technologies Ltd,Dec 2023,IT,Bull,33.97,2.98,24.3,4.29,18.23,1.35,20.9,26.3,21.0,0.35,1.65,16.19,5.5,7.6,1.05,15181.0,5.67,8.7,0.4,28
KPIT Technologies Ltd,Dec 2024,IT,Bear,-12.42,-13.02,24.3,4.29,18.23,1.35,20.9,26.3,21.0,0.35,1.65,30.6,5.5,7.6,1.05,15181.0,6.82,20.28,0.92,23
KPIT Technologies Ltd,Dec 2025,IT,Bull,1.67,-4.59,24.3,4.29,18.23,1.35,20.9,26.3,19.0,0.35,1.65,13.52,5.5,7.6,1.05,15181.0,4.86,-28.74,0.62,31
KPIT Technologies Ltd,Jun 2023,IT,Bull,34.34,2.96,24.3,4.29,18.23,1.35,20.9,26.3,19.0,0.35,1.65,15.29,5.5,7.6,1.05,15181.0,4.89,0.62,0.32,25
KPIT Technologies Ltd,Jun 2024,IT,Bull,9.81,0.59,24.3,4.29,18.23,1.35,20.9,26.3,21.0,0.35,1.65,22.15,8.59,29.94,1.05,15181.0,7.45,52.35,0.9,30
KPIT Technologies Ltd,Jun 2025,IT,Bull,-0.94,3.67,24.3,4.29,18.23,1.35,20.9,26.3,19.0,0.35,1.65,24.58,4.13,-8.02,1.05,15181.0,6.27,-15.84,-0.56,31
KPIT Technologies Ltd,Jun 2026,IT,Bull,-0.41,0.07,24.3,4.29,18.23,1.35,20.9,26.3,15.0,0.35,1.65,11.17,3.59,-12.78,1.05,15181.0,4.27,-31.9,0.2,25
KPIT Technologies Ltd,Mar 2024,IT,Bull,-0.15,-0.89,24.3,4.29,18.23,1.35,20.9,26.3,21.0,0.35,1.65,22.67,20.04,23.88,1.05,15181.0,6.0,40.52,0.88,24
KPIT Technologies Ltd,Mar 2025,IT,Bear,-12.28,-2.92,24.3,4.29,18.23,1.35,20.9,26.3,21.0,0.35,1.65,35.89,11.94,20.1,1.05,15181.0,8.93,48.83,0.82,27
KPIT Technologies Ltd,Mar 2026,IT,Bear,-45.31,6.44,24.3,4.29,18.23,1.35,20.9,26.3,18.0,0.35,1.65,14.41,11.18,-5.23,1.05,15181.0,5.95,-33.37,0.82,26
KPIT Technologies Ltd,Sep 2023,IT,Bull,7.31,9.01,24.3,4.29,18.23,1.35,20.9,26.3,20.0,0.35,1.65,17.14,-28.42,21.55,1.05,15181.0,5.14,-13.61,0.82,24
KPIT Technologies Ltd,Sep 2024,IT,Bull,-1.83,15.64,24.3,4.29,18.23,1.35,20.9,26.3,20.0,0.35,1.65,29.7,11.61,22.89,1.05,15181.0,7.43,44.55,0.92,21
KPIT Technologies Ltd,Sep 2025,IT,Bear,-11.56,-0.71,24.3,4.29,18.23,1.35,20.9,26.3,19.0,0.35,1.65,18.62,3.93,-31.02,1.05,15181.0,6.17,-16.96,-0.08,28
K P R Mill Ltd,Dec 2023,Manufacturing,Bull,6.04,0.29,41.6,6.64,31.2,0.45,15.7,19.6,22.0,0.35,1.65,18.13,4.53,4.31,1.05,37911.0,5.47,8.7,0.78,32
K P R Mill Ltd,Dec 2024,Manufacturing,Bear,3.48,4.41,41.6,6.64,31.2,0.45,15.7,19.6,20.0,0.35,1.65,33.56,4.53,4.31,1.05,37911.0,5.92,8.23,0.84,25
K P R Mill Ltd,Dec 2025,Manufacturing,Bull,-10.52,4.84,41.6,6.64,31.2,0.45,15.7,19.6,20.0,0.35,1.65,26.82,4.53,4.31,1.05,37911.0,6.1,3.04,0.73,27
K P R Mill Ltd,Jun 2023,Manufacturing,Bull,15.08,13.85,41.6,6.64,31.2,0.45,15.7,19.6,21.0,0.35,1.65,15.09,4.53,4.31,1.05,37911.0,5.93,-2.79,0.4,26
K P R Mill Ltd,Jun 2024,Manufacturing,Bull,6.62,-1.81,41.6,6.64,31.2,0.45,15.7,19.6,20.0,0.35,1.65,19.69,29.73,8.56,1.05,37911.0,5.95,0.34,0.15,31
K P R Mill Ltd,Jun 2025,Manufacturing,Bull,27.81,1.32,41.6,6.64,31.2,0.45,15.7,19.6,18.0,0.35,1.65,22.14,15.5,5.45,1.05,37911.0,6.22,4.54,0.64,23
K P R Mill Ltd,Jun 2026,Manufacturing,Bull,40.59,-0.48,41.6,6.64,31.2,0.45,15.7,19.6,19.0,0.35,1.65,25.0,31.97,23.92,1.05,37911.0,7.56,21.54,0.88,24
K P R Mill Ltd,Mar 2024,Manufacturing,Bull,2.98,3.42,41.6,6.64,31.2,0.45,15.7,19.6,20.0,0.35,1.65,16.75,5.34,5.42,1.05,37911.0,6.25,-17.33,-0.68,25
K P R Mill Ltd,Mar 2025,Manufacturing,Bear,-8.1,-4.19,41.6,6.64,31.2,0.45,15.7,19.6,19.0,0.35,1.65,30.27,9.88,0.99,1.05,37911.0,5.98,-4.32,0.25,32
K P R Mill Ltd,Mar 2026,Manufacturing,Bear,-8.84,15.42,41.6,6.64,31.2,0.45,15.7,19.6,20.0,0.35,1.65,23.2,1.08,6.57,1.05,37911.0,6.65,11.2,0.74,32
K P R Mill Ltd,Sep 2023,Manufacturing,Bull,14.97,7.43,41.6,6.64,31.2,0.45,15.7,19.6,20.0,0.35,1.65,16.56,-21.95,-22.01,1.05,37911.0,5.9,-11.28,0.46,26
K P R Mill Ltd,Sep 2024,Manufacturing,Bull,4.89,20.28,41.6,6.64,31.2,0.45,15.7,19.6,20.0,0.35,1.65,22.77,-12.79,-4.21,1.05,37911.0,6.0,1.69,0.75,25
K P R Mill Ltd,Sep 2025,Manufacturing,Bear,-3.68,-10.71,41.6,6.64,31.2,0.45,15.7,19.6,19.0,0.35,1.65,26.17,-7.74,6.34,1.05,37911.0,6.38,6.33,0.88,32
Dr Lal Pathlabs Ltd,Dec 2023,Pharma,Bull,2.4,-6.93,57.0,12.73,42.75,0.73,22.3,28.0,26.0,0.35,1.65,20.14,8.41,5.51,1.05,32042.0,4.87,8.7,0.8,23
Dr Lal Pathlabs Ltd,Dec 2024,Pharma,Bear,-11.99,-16.93,57.0,12.73,42.75,0.73,22.3,28.0,26.0,0.35,1.65,30.8,8.41,5.51,1.05,32042.0,5.78,18.69,0.74,24
Dr Lal Pathlabs Ltd,Dec 2025,Pharma,Bull,-6.21,-3.28,57.0,12.73,42.75,0.73,22.3,28.0,27.0,0.35,1.65,25.57,8.41,5.51,1.05,32042.0,5.4,-6.57,0.54,27
Dr Lal Pathlabs Ltd,Jun 2023,Pharma,Bull,22.68,1.28,57.0,12.73,42.75,0.73,22.3,28.0,27.0,0.35,1.65,18.25,8.41,5.51,1.05,32042.0,4.95,-8.33,0.48,30
Dr Lal Pathlabs Ltd,Jun 2024,Pharma,Bull,21.78,2.64,57.0,12.73,42.75,0.73,22.3,28.0,28.0,0.35,1.65,28.33,11.69,31.71,1.05,32042.0,6.37,28.69,0.88,26
Dr Lal Pathlabs Ltd,Jun 2025,Pharma,Bull,16.79,-2.47,57.0,12.73,42.75,0.73,22.3,28.0,29.0,0.35,1.65,38.4,12.23,36.73,1.05,32042.0,7.9,24.02,0.87,30
Dr Lal Pathlabs Ltd,Jun 2026,Pharma,Bull,24.67,2.87,57.0,12.73,42.75,0.73,22.3,28.0,31.0,0.35,1.65,41.33,20.91,86.81,1.05,32042.0,10.11,27.97,0.89,26
Dr Lal Pathlabs Ltd,Mar 2024,Pharma,Bull,-11.7,11.42,57.0,12.73,42.75,0.73,22.3,28.0,27.0,0.35,1.65,20.71,0.74,2.38,1.05,32042.0,5.06,-49.95,-0.7,22
Dr Lal Pathlabs Ltd,Mar 2025,Pharma,Bear,-18.64,5.98,57.0,12.73,42.75,0.73,22.3,28.0,28.0,0.35,1.65,33.8,0.17,44.44,1.05,32042.0,9.26,83.0,0.62,22
Dr Lal Pathlabs Ltd,Mar 2026,Pharma,Bear,-12.88,-0.09,57.0,12.73,42.75,0.73,22.3,28.0,27.0,0.35,1.65,31.17,4.93,-1.49,1.05,32042.0,7.84,-15.33,-0.53,23
Dr Lal Pathlabs Ltd,Sep 2023,Pharma,Bull,12.61,-3.98,57.0,12.73,42.75,0.73,22.3,28.0,30.0,0.35,1.65,22.25,-24.69,-34.71,1.05,32042.0,6.55,-16.45,-0.3,28
Dr Lal Pathlabs Ltd,Sep 2024,Pharma,Bull,17.18,1.15,57.0,12.73,42.75,0.73,22.3,28.0,31.0,0.35,1.65,33.67,21.1,52.33,1.05,32042.0,7.73,18.02,0.7,31
Dr Lal Pathlabs Ltd,Sep 2025,Pharma,Bear,12.62,-9.47,57.0,12.73,42.75,0.73,22.3,28.0,31.0,0.35,1.65,44.8,21.23,-2.56,1.05,32042.0,8.99,16.3,0.25,25
Latent View Analytics Ltd,Dec 2023,IT,Bull,13.07,-8.03,26.7,2.97,20.02,0.0,11.9,15.8,22.0,0.35,1.65,37.0,5.5,7.6,1.05,5224.0,2.26,8.7,0.68,22
Latent View Analytics Ltd,Dec 2024,IT,Bear,3.04,-13.93,26.7,2.97,20.02,0.0,11.9,15.8,22.0,0.35,1.65,28.88,5.5,7.6,1.05,5224.0,2.03,-10.18,-0.62,22
Latent View Analytics Ltd,Dec 2025,IT,Bull,11.21,-13.28,26.7,2.97,20.02,0.0,11.9,15.8,22.0,0.35,1.65,31.0,5.5,7.6,1.05,5224.0,2.42,19.21,0.87,18
Latent View Analytics Ltd,Jun 2023,IT,Bull,5.35,5.67,26.7,2.97,20.02,0.0,11.9,15.8,19.0,0.35,1.65,28.0,5.5,7.6,1.05,5224.0,1.6,-33.88,0.54,20
Latent View Analytics Ltd,Jun 2024,IT,Bull,-4.06,-1.71,26.7,2.97,20.02,0.0,11.9,15.8,21.0,0.35,1.65,38.0,7.83,-17.02,1.05,5224.0,1.89,18.12,0.91,20
Latent View Analytics Ltd,Jun 2025,IT,Bull,10.86,4.51,26.7,2.97,20.02,0.0,11.9,15.8,21.0,0.35,1.65,25.0,3.51,18.6,1.05,5224.0,2.46,30.16,0.78,19
Latent View Analytics Ltd,Jun 2026,IT,Bull,3.68,-2.07,26.7,2.97,20.02,0.0,11.9,15.8,20.0,0.35,1.65,57.0,3.24,-7.84,1.05,5224.0,2.33,-5.28,-0.36,26
Latent View Analytics Ltd,Mar 2024,IT,Bull,11.48,7.26,26.7,2.97,20.02,0.0,11.9,15.8,24.0,0.35,1.65,40.0,16.22,36.36,1.05,5224.0,2.2,-5.58,0.78,21
Latent View Analytics Ltd,Mar 2025,IT,Bear,-24.77,-5.96,26.7,2.97,20.02,0.0,11.9,15.8,24.0,0.35,1.65,11.0,29.61,30.77,1.05,5224.0,2.59,17.73,0.92,19
Latent View Analytics Ltd,Mar 2026,IT,Bear,-44.81,-1.95,26.7,2.97,20.02,0.0,11.9,15.8,23.0,0.35,1.65,22.67,22.46,7.84,1.05,5224.0,2.55,-1.54,0.48,26
Latent View Analytics Ltd,Sep 2023,IT,Bull,9.55,15.88,26.7,2.97,20.02,0.0,11.9,15.8,20.0,0.35,1.65,31.0,-45.64,-27.66,1.05,5224.0,1.66,-34.9,-0.3,18
Latent View Analytics Ltd,Sep 2024,IT,Bull,-6.79,11.26,26.7,2.97,20.02,0.0,11.9,15.8,22.0,0.35,1.65,45.0,21.51,-8.89,1.05,5224.0,1.94,16.87,0.34,27
Latent View Analytics Ltd,Sep 2025,IT,Bear,-0.4,2.35,26.7,2.97,20.02,0.0,11.9,15.8,22.0,0.35,1.65,18.67,11.21,-9.8,1.05,5224.0,2.15,10.82,0.65,27
Laurus Labs Ltd,Dec 2023,Pharma,Bull,8.36,-9.44,97.3,20.05,72.97,0.1,18.3,17.8,15.0,0.35,1.65,3.55,8.41,5.51,1.05,106387.0,0.43,8.7,0.66,31
Laurus Labs Ltd,Dec 2024,Pharma,Bear,28.53,2.13,97.3,20.05,72.97,0.1,18.3,17.8,20.0,0.35,1.65,4.91,8.41,5.51,1.05,106387.0,1.71,150.0,0.9,34
Laurus Labs Ltd,Dec 2025,Pharma,Bull,27.17,4.65,97.3,20.05,72.97,0.1,18.3,17.8,27.0,0.35,1.65,12.31,8.41,5.51,1.05,106387.0,4.66,150.0,0.86,34
Laurus Labs Ltd,Jun 2023,Pharma,Bull,20.78,2.29,97.3,20.05,72.97,0.1,18.3,17.8,14.0,0.35,1.65,4.28,8.41,5.51,1.05,106387.0,0.46,-90.13,-0.25,27
Laurus Labs Ltd,Jun 2024,Pharma,Bull,4.86,17.71,97.3,20.05,72.97,0.1,18.3,17.8,14.0,0.35,1.65,3.49,0.0,-43.48,1.05,106387.0,0.23,-50.0,0.36,25
Laurus Labs Ltd,Jun 2025,Pharma,Bull,21.2,3.51,97.3,20.05,72.97,0.1,18.3,17.8,24.0,0.35,1.65,7.35,10.95,74.19,1.05,106387.0,3.02,150.0,0.91,25
Laurus Labs Ltd,Jun 2026,Pharma,Bull,46.22,7.12,97.3,20.05,72.97,0.1,18.3,17.8,32.0,0.35,1.65,15.19,13.95,43.65,1.05,106387.0,6.8,125.17,0.84,26
Laurus Labs Ltd,Mar 2024,Pharma,Bull,-9.4,-0.58,97.3,20.05,72.97,0.1,18.3,17.8,17.0,0.35,1.65,4.82,21.83,177.78,1.05,106387.0,1.4,-79.41,0.92,33
Laurus Labs Ltd,Mar 2025,Pharma,Bear,-0.37,10.42,97.3,20.05,72.97,0.1,18.3,17.8,24.0,0.35,1.65,7.52,43.93,724.9,1.05,106387.0,4.33,150.0,0.77,28
Laurus Labs Ltd,Mar 2026,Pharma,Bear,-10.6,5.34,97.3,20.05,72.97,0.1,18.3,17.8,28.0,0.35,1.65,12.8,15.41,74.07,1.05,106387.0,5.17,19.4,0.9,29
Laurus Labs Ltd,Sep 2023,Pharma,Bull,10.76,4.26,97.3,20.05,72.97,0.1,18.3,17.8,15.0,0.35,1.65,4.48,-39.59,-89.78,1.05,106387.0,0.69,-86.65,0.72,33
Laurus Labs Ltd,Sep 2024,Pharma,Bull,7.61,18.57,97.3,20.05,72.97,0.1,18.3,17.8,15.0,0.35,1.65,3.36,-15.0,-73.33,1.05,106387.0,0.37,-46.38,0.57,30
Laurus Labs Ltd,Sep 2025,Pharma,Bear,12.83,-1.66,97.3,20.05,72.97,0.1,18.3,17.8,24.0,0.35,1.65,10.07,-3.9,-16.74,1.05,106387.0,3.61,150.0,0.82,34
Lemon Tree Hotels Ltd,Dec 2023,Other,Bull,1.44,-0.13,32.4,5.97,24.3,0.0,19.4,14.0,49.0,0.35,1.65,2.66,4.82,1.82,1.05,8301.0,0.45,8.7,0.64,28
Lemon Tree Hotels Ltd,Dec 2024,Other,Bear,25.64,-6.32,32.4,5.97,24.3,0.0,19.4,14.0,52.0,0.35,1.65,3.68,4.82,1.82,1.05,8301.0,0.79,75.56,0.88,25
Lemon Tree Hotels Ltd,Dec 2025,Other,Bull,-4.22,-0.37,32.4,5.97,24.3,0.0,19.4,14.0,50.0,0.35,1.65,5.0,4.82,1.82,1.05,8301.0,0.79,0.0,0.84,25
Lemon Tree Hotels Ltd,Jun 2023,Other,Bull,21.22,29.5,32.4,5.97,24.3,0.0,19.4,14.0,47.0,0.35,1.65,2.21,4.82,1.82,1.05,8301.0,0.3,-62.03,0.46,29
Lemon Tree Hotels Ltd,Jun 2024,Other,Bull,4.81,11.26,32.4,5.97,24.3,0.0,19.4,14.0,43.0,0.35,1.65,2.21,-7.59,-54.55,1.05,8301.0,0.25,-16.67,-0.2,26
Lemon Tree Hotels Ltd,Jun 2025,Other,Bull,2.23,14.64,32.4,5.97,24.3,0.0,19.4,14.0,44.0,0.35,1.65,3.11,-10.99,-40.0,1.05,8301.0,0.48,92.0,0.92,28
Lemon Tree Hotels Ltd,Jun 2026,Other,Bull,8.21,-0.93,32.4,5.97,24.3,0.0,19.4,14.0,43.0,0.35,1.65,4.14,-15.02,-30.49,1.05,8301.0,0.58,20.83,0.71,22
Lemon Tree Hotels Ltd,Mar 2024,Other,Bull,9.98,3.82,32.4,5.97,24.3,0.0,19.4,14.0,52.0,0.35,1.65,3.23,45.98,200.0,1.05,8301.0,0.85,46.55,0.79,22
Lemon Tree Hotels Ltd,Mar 2025,Other,Bear,-19.24,-0.15,32.4,5.97,24.3,0.0,19.4,14.0,54.0,0.35,1.65,4.32,41.42,440.0,1.05,8301.0,1.07,25.88,0.9,24
Lemon Tree Hotels Ltd,Mar 2026,Other,Bear,-35.99,-3.6,32.4,5.97,24.3,0.0,19.4,14.0,52.0,0.35,1.65,5.51,31.65,141.67,1.05,8301.0,1.15,7.48,0.84,20
Lemon Tree Hotels Ltd,Sep 2023,Other,Bull,21.33,3.86,32.4,5.97,24.3,0.0,19.4,14.0,45.0,0.35,1.65,2.17,-34.2,-54.39,1.05,8301.0,0.29,-74.78,-0.7,29
Lemon Tree Hotels Ltd,Sep 2024,Other,Bull,-15.88,21.56,32.4,5.97,24.3,0.0,19.4,14.0,46.0,0.35,1.65,2.57,-13.15,-58.33,1.05,8301.0,0.37,27.59,0.88,25
Lemon Tree Hotels Ltd,Sep 2025,Other,Bear,19.22,2.88,32.4,5.97,24.3,0.0,19.4,14.0,43.0,0.35,1.65,3.12,-19.26,-61.11,1.05,8301.0,0.44,18.92,0.84,21
Lenskart Solutions Ltd,Dec 2024,Other,Bear,-15.16,-4.62,180.0,13.56,135.0,0.0,6.33,8.08,13.0,0.35,1.65,6.18,4.82,1.82,1.05,118577.0,0.02,0.32,0.91,33
Lenskart Solutions Ltd,Dec 2025,Other,Bull,11.81,2.7,180.0,13.56,135.0,0.0,6.33,8.08,20.0,0.35,1.65,9.43,4.82,1.82,1.05,118577.0,0.76,148.0,0.95,31
Lenskart Solutions Ltd,Jun 2025,Other,Bull,15.34,3.61,180.0,13.56,135.0,0.0,6.33,8.08,18.0,0.35,1.65,8.2,4.82,1.82,1.05,118577.0,0.78,2.63,0.78,28
Lenskart Solutions Ltd,Jun 2026,Other,Bull,2.61,4.7,180.0,13.56,135.0,0.0,6.33,8.08,22.0,0.35,1.65,11.09,4.82,1.82,1.05,118577.0,1.28,64.1,0.87,32
Lenskart Solutions Ltd,Mar 2025,Other,Bear,1634.68,1881.4,180.0,13.56,135.0,0.0,6.33,8.08,17.0,0.35,1.65,6.08,3.54,724.9,1.05,118577.0,2.84,121.87,0.8,30
Lenskart Solutions Ltd,Mar 2026,Other,Bear,13.87,5.3,180.0,13.56,135.0,0.0,6.33,8.08,21.0,0.35,1.65,12.18,9.01,53.38,1.05,118577.0,1.15,-59.51,0.95,30
Lenskart Solutions Ltd,Sep 2024,Other,Bull,14.54,7.01,180.0,13.56,135.0,0.0,6.33,8.08,16.0,0.35,1.65,11.0,-8.34,40.98,1.05,118577.0,11.08,150.0,0.93,33
Lenskart Solutions Ltd,Sep 2025,Other,Bear,-18.4,-6.08,180.0,13.56,135.0,0.0,6.33,8.08,20.0,0.35,1.65,9.18,-22.77,-54.82,1.05,118577.0,1.24,-88.81,0.49,30
LIC Housing Finance Ltd,Dec 2023,Banking,Bull,12.32,-6.64,5.61,0.75,4.21,1.78,14.4,8.59,44.0,0.45,1.65,14.93,8.74,9.96,1.05,30963.0,21.25,8.7,0.84,29
LIC Housing Finance Ltd,Dec 2024,Banking,Bear,-9.28,-8.36,5.61,0.75,4.21,1.78,14.4,8.59,44.0,0.45,1.65,14.93,8.74,9.96,1.05,30963.0,26.09,22.78,0.9,28
LIC Housing Finance Ltd,Dec 2025,Banking,Bull,-6.52,-3.31,5.61,0.75,4.21,1.78,14.4,8.59,44.0,0.45,1.65,14.93,8.74,9.96,1.05,30963.0,25.42,-2.57,0.74,24
LIC Housing Finance Ltd,Jun 2023,Banking,Bull,17.58,11.62,5.61,0.75,4.21,1.78,14.4,8.59,44.0,0.45,1.65,14.93,8.74,9.96,1.05,30963.0,23.98,-5.66,0.46,29
LIC Housing Finance Ltd,Jun 2024,Banking,Bull,25.24,11.35,5.61,0.75,4.21,1.78,14.4,8.59,44.0,0.45,1.65,14.93,8.74,11.72,1.05,30963.0,23.75,-0.96,0.54,27
LIC Housing Finance Ltd,Jun 2025,Banking,Bull,10.22,1.64,5.61,0.75,4.21,1.78,14.4,8.59,44.0,0.45,1.65,14.93,8.74,-4.95,1.05,30963.0,24.8,4.42,0.1,25
LIC Housing Finance Ltd,Jun 2026,Banking,Bull,9.4,9.53,5.61,0.75,4.21,1.78,14.4,8.59,44.0,0.45,1.65,14.93,8.74,7.22,1.05,30963.0,27.25,9.88,0.51,23
LIC Housing Finance Ltd,Mar 2024,Banking,Bull,8.51,15.95,5.61,0.75,4.21,1.78,14.4,8.59,44.0,0.45,1.65,14.93,8.74,-17.97,1.05,30963.0,19.66,-27.85,-0.57,30
LIC Housing Finance Ltd,Mar 2025,Banking,Bear,-6.07,-3.99,5.61,0.75,4.21,1.78,14.4,8.59,44.0,0.45,1.65,14.93,8.74,5.21,1.05,30963.0,24.97,27.01,0.74,23
LIC Housing Finance Ltd,Mar 2026,Banking,Bear,-7.58,2.28,5.61,0.75,4.21,1.78,14.4,8.59,44.0,0.45,1.65,14.93,8.74,9.46,1.05,30963.0,27.13,8.65,0.74,28
LIC Housing Finance Ltd,Sep 2023,Banking,Bull,19.51,15.94,5.61,0.75,4.21,1.78,14.4,8.59,44.0,0.45,1.65,14.93,8.74,-20.48,1.05,30963.0,21.67,-20.13,0.57,29
LIC Housing Finance Ltd,Sep 2024,Banking,Bull,-17.77,2.16,5.61,0.75,4.21,1.78,14.4,8.59,44.0,0.45,1.65,14.93,8.74,22.74,1.05,30963.0,24.14,11.4,0.92,24
LIC Housing Finance Ltd,Sep 2025,Banking,Bear,-5.95,-6.93,5.61,0.75,4.21,1.78,14.4,8.59,44.0,0.45,1.65,14.93,8.74,-1.82,1.05,30963.0,24.53,1.62,0.62,22
Life Insurance Corporation of India,Dec 2023,Banking,Bull,29.0,-3.51,8.51,2.89,6.38,2.47,37.8,35.1,4.3,0.45,1.65,14.93,8.74,9.96,1.05,511186.0,7.49,8.7,0.76,32
Life Insurance Corporation of India,Dec 2024,Banking,Bear,-10.8,-12.06,8.51,2.89,6.38,2.47,37.8,35.1,6.0,0.45,1.65,14.93,8.74,9.96,1.05,511186.0,8.7,16.15,0.62,38
Life Insurance Corporation of India,Dec 2025,Banking,Bull,-5.44,-2.58,8.51,2.89,6.38,2.47,37.8,35.1,5.0,0.45,1.65,14.93,8.74,9.96,1.05,511186.0,10.22,17.47,0.82,29
Life Insurance Corporation of India,Jun 2023,Banking,Bull,16.11,1.78,8.51,2.89,6.38,2.47,37.8,35.1,5.0,0.45,1.65,14.93,8.74,9.96,1.05,511186.0,7.62,-25.44,0.13,32
Life Insurance Corporation of India,Jun 2024,Banking,Bull,1.87,-2.19,8.51,2.89,6.38,2.47,37.8,35.1,4.6,0.45,1.65,14.93,-0.98,11.59,1.05,511186.0,8.34,9.45,0.44,37
Life Insurance Corporation of India,Jun 2025,Banking,Bull,21.94,-1.73,8.51,2.89,6.38,2.47,37.8,35.1,4.7,0.45,1.65,14.93,10.27,-0.49,1.05,511186.0,8.66,3.84,0.88,37
Life Insurance Corporation of India,Jun 2026,Banking,Bull,18.44,2.93,8.51,2.89,6.38,2.47,37.8,35.1,6.0,0.45,1.65,14.93,1.66,5.24,1.05,511186.0,10.74,24.02,0.84,29
Life Insurance Corporation of India,Mar 2024,Banking,Bull,7.1,7.76,8.51,2.89,6.38,2.47,37.8,35.1,0.7,0.45,1.65,14.93,25.53,43.68,1.05,511186.0,10.94,1.86,0.82,31
Life Insurance Corporation of India,Mar 2025,Banking,Bear,-10.82,11.62,8.51,2.89,6.38,2.47,37.8,35.1,9.0,0.45,1.65,14.93,14.71,80.86,1.05,511186.0,15.05,37.57,0.79,32
Life Insurance Corporation of India,Mar 2026,Banking,Bear,-14.91,-0.06,8.51,2.89,6.38,2.47,37.8,35.1,4.1,0.45,1.65,14.93,23.18,114.21,1.05,511186.0,18.55,23.26,0.88,29
Life Insurance Corporation of India,Sep 2023,Banking,Bull,3.79,31.2,8.51,2.89,6.38,2.47,37.8,35.1,4.2,0.45,1.65,14.93,-15.36,-40.87,1.05,511186.0,6.35,-65.77,-0.08,31
Life Insurance Corporation of India,Sep 2024,Banking,Bull,1.61,3.34,8.51,2.89,6.38,2.47,37.8,35.1,2.9,0.45,1.65,14.93,-3.18,-44.21,1.05,511186.0,6.11,-3.78,-0.62,37
Life Insurance Corporation of India,Sep 2025,Banking,Bear,-6.04,-6.39,8.51,2.89,6.38,2.47,37.8,35.1,3.9,0.45,1.65,14.93,-0.66,-46.97,1.05,511186.0,7.98,30.61,0.88,31
Linde India Ltd,Dec 2023,Chemicals,Bull,-5.75,4.11,97.2,12.46,72.9,0.06,13.6,18.2,26.0,0.35,1.65,186.0,4.4,0.0,1.05,53108.0,14.08,8.7,0.76,29
Linde India Ltd,Dec 2024,Chemicals,Bear,-28.67,14.91,97.2,12.46,72.9,0.06,13.6,18.2,32.0,0.35,1.65,96.0,4.4,0.0,1.05,53108.0,13.64,-3.12,0.03,28
Linde India Ltd,Dec 2025,Chemicals,Bull,-4.96,9.14,97.2,12.46,72.9,0.06,13.6,18.2,37.0,0.35,1.65,42.83,4.4,0.0,1.05,53108.0,22.67,66.2,0.7,30
Linde India Ltd,Jun 2023,Chemicals,Bull,6.6,21.74,97.2,12.46,72.9,0.06,13.6,18.2,23.0,0.35,1.65,164.0,4.4,0.0,1.05,53108.0,11.71,-48.35,-0.49,33
Linde India Ltd,Jun 2024,Chemicals,Bull,28.98,14.18,97.2,12.46,72.9,0.06,13.6,18.2,28.0,0.35,1.65,92.0,-7.51,-5.0,1.05,53108.0,13.33,13.83,0.73,31
Linde India Ltd,Jun 2025,Chemicals,Bull,7.21,0.73,97.2,12.46,72.9,0.06,13.6,18.2,34.0,0.35,1.65,65.67,-5.78,-7.76,1.05,53108.0,12.57,-5.7,0.88,24
Linde India Ltd,Jun 2026,Chemicals,Bull,4.41,-3.39,97.2,12.46,72.9,0.06,13.6,18.2,29.0,0.35,1.65,33.5,-1.0,-45.6,1.05,53108.0,12.26,-2.47,-0.49,26
Linde India Ltd,Mar 2024,Chemicals,Bull,13.09,5.55,97.2,12.46,72.9,0.06,13.6,18.2,28.0,0.35,1.65,44.75,-12.62,5.0,1.05,53108.0,12.36,0.82,0.23,30
Linde India Ltd,Mar 2025,Chemicals,Bear,2.93,-0.26,97.2,12.46,72.9,0.06,13.6,18.2,35.0,0.35,1.65,30.0,-9.34,3.51,1.05,53108.0,13.88,12.3,0.51,34
Linde India Ltd,Mar 2026,Chemicals,Bear,15.84,-5.93,97.2,12.46,72.9,0.06,13.6,18.2,28.0,0.35,1.65,57.67,7.53,-28.04,1.05,53108.0,9.08,-34.58,-0.34,34
Linde India Ltd,Sep 2023,Chemicals,Bull,37.56,-3.65,97.2,12.46,72.9,0.06,13.6,18.2,24.0,0.35,1.65,174.0,2.45,3.81,1.05,53108.0,12.75,40.42,0.88,25
Linde India Ltd,Sep 2024,Chemicals,Bull,0.62,2.99,97.2,12.46,72.9,0.06,13.6,18.2,28.0,0.35,1.65,89.5,0.63,0.95,1.05,53108.0,12.48,-2.12,0.68,34
Linde India Ltd,Sep 2025,Chemicals,Bear,-4.84,6.91,97.2,12.46,72.9,0.06,13.6,18.2,44.0,0.35,1.65,94.0,8.78,44.92,1.05,53108.0,20.05,60.66,0.88,29
Lloyds Metals & Energy Ltd,Dec 2023,Manufacturing,Bull,9.07,2.51,21.3,7.32,15.98,0.06,36.6,27.3,24.0,0.35,1.65,224.5,4.53,4.31,1.05,101301.0,6.56,8.7,0.32,28
Lloyds Metals & Energy Ltd,Dec 2024,Manufacturing,Bear,25.6,1.04,21.3,7.32,15.98,0.06,36.6,27.3,32.0,0.35,1.65,67.0,4.53,4.31,1.05,101301.0,7.44,13.41,0.79,34
Lloyds Metals & Energy Ltd,Dec 2025,Manufacturing,Bull,6.91,-0.51,21.3,7.32,15.98,0.06,36.6,27.3,35.0,0.35,1.65,11.55,4.53,4.31,1.05,101301.0,19.24,150.0,0.62,32
Lloyds Metals & Energy Ltd,Jun 2023,Manufacturing,Bull,10.66,-3.35,21.3,7.32,15.98,0.06,36.6,27.3,27.0,0.35,1.65,268.88,4.53,4.31,1.05,101301.0,7.99,-58.47,0.34,26
Lloyds Metals & Energy Ltd,Jun 2024,Manufacturing,Bull,21.87,4.61,21.3,7.32,15.98,0.06,36.6,27.3,30.0,0.35,1.65,268.88,26.41,67.77,1.05,101301.0,11.03,38.05,0.93,35
Lloyds Metals & Energy Ltd,Jun 2025,Manufacturing,Bull,24.53,-6.0,21.3,7.32,15.98,0.06,36.6,27.3,33.0,0.35,1.65,52.93,42.33,65.04,1.05,101301.0,12.26,11.15,0.95,26
Lloyds Metals & Energy Ltd,Jun 2026,Manufacturing,Bull,34.42,-6.79,21.3,7.32,15.98,0.06,36.6,27.3,38.0,0.35,1.65,10.08,45.39,59.08,1.05,101301.0,30.67,150.0,0.92,27
Lloyds Metals & Energy Ltd,Mar 2024,Manufacturing,Bull,-0.3,4.48,21.3,7.32,15.98,0.06,36.6,27.3,29.0,0.35,1.65,229.0,-20.96,-31.27,1.05,101301.0,5.48,-82.13,0.18,33
Lloyds Metals & Energy Ltd,Mar 2025,Manufacturing,Bear,1.92,13.22,21.3,7.32,15.98,0.06,36.6,27.3,22.0,0.35,1.65,20.08,-50.64,-63.73,1.05,101301.0,3.86,-29.56,0.32,27
Lloyds Metals & Energy Ltd,Mar 2026,Manufacturing,Bear,-5.97,1.67,21.3,7.32,15.98,0.06,36.6,27.3,42.0,0.35,1.65,15.15,123.91,138.32,1.05,101301.0,25.22,150.0,0.93,27
Lloyds Metals & Energy Ltd,Sep 2023,Manufacturing,Bull,-4.83,12.1,21.3,7.32,15.98,0.06,36.6,27.3,26.0,0.35,1.65,268.88,-55.39,-86.68,1.05,101301.0,4.58,-81.84,0.76,32
Lloyds Metals & Energy Ltd,Sep 2024,Manufacturing,Bull,29.58,20.72,21.3,7.32,15.98,0.06,36.6,27.3,29.0,0.35,1.65,102.75,-7.59,8.66,1.05,101301.0,5.76,25.76,0.94,28
Lloyds Metals & Energy Ltd,Sep 2025,Manufacturing,Bear,-22.49,2.29,21.3,7.32,15.98,0.06,36.6,27.3,29.0,0.35,1.65,5.93,123.91,180.69,1.05,101301.0,10.87,88.72,0.91,35
L&T Finance Ltd,Dec 2023,Banking,Bull,22.26,-8.89,24.2,2.76,18.15,0.89,11.2,8.4,44.0,0.45,1.65,14.93,8.74,9.96,1.05,77471.0,2.57,8.7,0.59,28
L&T Finance Ltd,Dec 2024,Banking,Bear,-27.9,-12.06,24.2,2.76,18.15,0.89,11.2,8.4,44.0,0.45,1.65,14.93,8.74,9.96,1.05,77471.0,2.51,-2.33,0.69,27
L&T Finance Ltd,Dec 2025,Banking,Bull,22.19,3.04,24.2,2.76,18.15,0.89,11.2,8.4,44.0,0.45,1.65,14.93,8.74,9.96,1.05,77471.0,2.95,17.53,0.81,30
L&T Finance Ltd,Jun 2023,Banking,Bull,52.48,6.79,24.2,2.76,18.15,0.89,11.2,8.4,44.0,0.45,1.65,14.93,8.74,9.96,1.05,77471.0,2.14,-27.46,0.15,28
L&T Finance Ltd,Jun 2024,Banking,Bull,12.87,8.29,24.2,2.76,18.15,0.89,11.2,8.4,44.0,0.45,1.65,14.93,8.74,7.2,1.05,77471.0,2.75,28.5,0.82,35
L&T Finance Ltd,Jun 2025,Banking,Bull,38.71,11.65,24.2,2.76,18.15,0.89,11.2,8.4,44.0,0.45,1.65,14.93,8.74,11.98,1.05,77471.0,2.81,2.18,0.59,25
L&T Finance Ltd,Jun 2026,Banking,Bull,28.33,-0.22,24.2,2.76,18.15,0.89,11.2,8.4,44.0,0.45,1.65,14.93,8.74,24.12,1.05,77471.0,3.6,28.11,0.9,33
L&T Finance Ltd,Mar 2024,Banking,Bull,-3.18,14.78,24.2,2.76,18.15,0.89,11.2,8.4,44.0,0.45,1.65,14.93,8.74,4.14,1.05,77471.0,2.23,-38.06,-0.03,32
L&T Finance Ltd,Mar 2025,Banking,Bear,11.22,5.97,24.2,2.76,18.15,0.89,11.2,8.4,44.0,0.45,1.65,14.93,8.74,-7.15,1.05,77471.0,2.55,14.35,0.1,26
L&T Finance Ltd,Mar 2026,Banking,Bear,-24.29,-0.7,24.2,2.76,18.15,0.89,11.2,8.4,44.0,0.45,1.65,14.93,8.74,15.41,1.05,77471.0,3.22,26.27,0.77,26
L&T Finance Ltd,Sep 2023,Banking,Bull,-1.59,7.18,24.2,2.76,18.15,0.89,11.2,8.4,44.0,0.45,1.65,14.93,8.74,-35.15,1.05,77471.0,2.4,-25.47,-0.49,33
L&T Finance Ltd,Sep 2024,Banking,Bull,-2.25,5.71,24.2,2.76,18.15,0.89,11.2,8.4,44.0,0.45,1.65,14.93,8.74,26.04,1.05,77471.0,2.79,16.25,0.93,27
L&T Finance Ltd,Sep 2025,Banking,Bear,19.94,1.9,24.2,2.76,18.15,0.89,11.2,8.4,44.0,0.45,1.65,14.93,8.74,15.57,1.05,77471.0,2.94,5.38,-0.15,30
L T Foods Ltd,Dec 2023,Other,Bull,21.46,-10.01,23.8,3.37,17.85,0.68,14.9,17.7,12.0,0.35,1.65,13.28,4.82,1.82,1.05,15213.0,4.35,8.7,0.93,28
L T Foods Ltd,Dec 2024,Other,Bear,5.15,-6.43,23.8,3.37,17.85,0.68,14.9,17.7,11.0,0.35,1.65,10.42,4.82,1.82,1.05,15213.0,4.13,-5.06,0.95,24
L T Foods Ltd,Dec 2025,Other,Bull,-2.95,-9.29,23.8,3.37,17.85,0.68,14.9,17.7,11.0,0.35,1.65,8.97,4.82,1.82,1.05,15213.0,4.53,9.69,0.97,21
L T Foods Ltd,Jun 2023,Other,Bull,34.11,-5.71,23.8,3.37,17.85,0.68,14.9,17.7,12.0,0.35,1.65,9.73,4.82,1.82,1.05,15213.0,3.96,-12.58,0.89,21
L T Foods Ltd,Jun 2024,Other,Bull,28.43,23.35,23.8,3.37,17.85,0.68,14.9,17.7,12.0,0.35,1.65,12.68,6.64,1.31,1.05,15213.0,4.41,11.36,0.95,24
L T Foods Ltd,Jun 2025,Other,Bull,34.23,3.71,23.8,3.37,17.85,0.68,14.9,17.7,11.0,0.35,1.65,9.46,8.31,15.86,1.05,15213.0,4.85,9.98,0.96,27
L T Foods Ltd,Jun 2026,Other,Bull,-4.43,5.57,23.8,3.37,17.85,0.68,14.9,17.7,11.0,0.35,1.65,8.85,12.21,16.56,1.05,15213.0,5.28,8.87,0.96,25
L T Foods Ltd,Mar 2024,Other,Bull,-7.68,19.72,23.8,3.37,17.85,0.68,14.9,17.7,12.0,0.35,1.65,10.65,16.7,9.49,1.05,15213.0,4.28,-18.94,0.93,25
L T Foods Ltd,Mar 2025,Other,Bear,-11.74,26.3,23.8,3.37,17.85,0.68,14.9,17.7,12.0,0.35,1.65,9.92,7.58,3.87,1.05,15213.0,4.62,7.94,0.95,27
L T Foods Ltd,Mar 2026,Other,Bear,-5.65,-6.95,23.8,3.37,17.85,0.68,14.9,17.7,9.0,0.35,1.65,6.68,17.98,-19.05,1.05,15213.0,3.91,-15.37,0.68,21
L T Foods Ltd,Sep 2023,Other,Bull,27.63,10.03,23.8,3.37,17.85,0.68,14.9,17.7,12.0,0.35,1.65,12.63,-37.25,-14.21,1.05,15213.0,4.49,14.83,0.85,28
L T Foods Ltd,Sep 2024,Other,Bull,52.61,25.67,23.8,3.37,17.85,0.68,14.9,17.7,11.0,0.35,1.65,11.45,1.59,0.67,1.05,15213.0,4.27,-4.9,0.93,27
L T Foods Ltd,Sep 2025,Other,Bear,-14.42,-6.99,23.8,3.37,17.85,0.68,14.9,17.7,11.0,0.35,1.65,11.04,24.15,1.86,1.05,15213.0,4.72,10.54,0.91,31
L&T Technology Services Ltd,Dec 2023,IT,Bull,15.51,-1.42,26.3,5.46,19.73,1.74,21.5,26.7,20.0,0.35,1.65,37.54,5.5,7.6,1.05,35405.0,31.79,8.7,0.71,23
L&T Technology Services Ltd,Dec 2024,IT,Bear,-11.09,-0.24,26.3,5.46,19.73,1.74,21.5,26.7,19.0,0.35,1.65,30.94,5.5,7.6,1.05,35405.0,30.45,-4.22,0.84,24
L&T Technology Services Ltd,Dec 2025,IT,Bull,7.04,-7.6,26.3,5.46,19.73,1.74,21.5,26.7,18.0,0.35,1.65,33.2,5.5,7.6,1.05,35405.0,28.55,-6.24,0.68,27
L&T Technology Services Ltd,Jun 2023,IT,Bull,14.58,11.1,26.3,5.46,19.73,1.74,21.5,26.7,20.0,0.35,1.65,37.75,5.5,7.6,1.05,35405.0,29.44,3.12,0.38,24
L&T Technology Services Ltd,Jun 2024,IT,Bull,-11.78,10.94,26.3,5.46,19.73,1.74,21.5,26.7,19.0,0.35,1.65,35.08,1.65,-6.82,1.05,35405.0,29.63,0.65,0.4,24
L&T Technology Services Ltd,Jun 2025,IT,Bull,-2.67,1.33,26.3,5.46,19.73,1.74,21.5,26.7,17.0,0.35,1.65,27.56,-0.57,-1.25,1.05,35405.0,29.79,0.54,0.4,26
L&T Technology Services Ltd,Jun 2026,IT,Bull,-4.48,1.14,26.3,5.46,19.73,1.74,21.5,26.7,19.0,0.35,1.65,39.14,5.49,17.82,1.05,35405.0,33.62,12.86,0.8,27
L&T Technology Services Ltd,Mar 2024,IT,Bull,5.23,9.47,26.3,5.46,19.73,1.74,21.5,26.7,20.0,0.35,1.65,38.69,10.3,9.29,1.05,35405.0,32.24,-4.1,0.84,31
L&T Technology Services Ltd,Mar 2025,IT,Bear,-4.18,-0.18,26.3,5.46,19.73,1.74,21.5,26.7,16.0,0.35,1.65,27.06,7.15,-1.27,1.05,35405.0,29.38,-8.87,0.89,27
L&T Technology Services Ltd,Mar 2026,IT,Bear,-28.73,-3.04,26.3,5.46,19.73,1.74,21.5,26.7,18.0,0.35,1.65,30.65,8.34,5.38,1.05,35405.0,31.33,6.64,0.23,27
L&T Technology Services Ltd,Sep 2023,IT,Bull,18.34,19.87,26.3,5.46,19.73,1.74,21.5,26.7,20.0,0.35,1.65,36.62,-18.84,-11.48,1.05,35405.0,29.84,-4.76,-0.49,23
L&T Technology Services Ltd,Sep 2024,IT,Bull,6.0,5.73,26.3,5.46,19.73,1.74,21.5,26.7,18.0,0.35,1.65,38.83,1.38,-6.16,1.05,35405.0,30.2,1.21,0.15,29
L&T Technology Services Ltd,Sep 2025,IT,Bear,-5.52,12.3,26.3,5.46,19.73,1.74,21.5,26.7,16.0,0.35,1.65,30.69,12.96,6.13,1.05,35405.0,31.01,2.68,0.4,27
Lupin Ltd,Dec 2023,Pharma,Bull,12.67,-1.81,16.1,4.27,12.08,0.86,28.7,29.9,20.0,0.35,1.65,14.03,8.41,5.51,1.05,95797.0,13.47,8.7,0.78,25
Lupin Ltd,Dec 2024,Pharma,Bear,7.35,1.97,16.1,4.27,12.08,0.86,28.7,29.9,24.0,0.35,1.65,20.24,8.41,5.51,1.05,95797.0,18.74,39.12,0.87,29
Lupin Ltd,Dec 2025,Pharma,Bull,6.47,-1.73,16.1,4.27,12.08,0.86,28.7,29.9,32.0,0.35,1.65,19.67,8.41,5.51,1.05,95797.0,25.73,37.3,0.93,25
Lupin Ltd,Jun 2023,Pharma,Bull,38.5,3.85,16.1,4.27,12.08,0.86,28.7,29.9,18.0,0.35,1.65,9.95,8.41,5.51,1.05,95797.0,9.94,-61.37,-0.03,26
Lupin Ltd,Jun 2024,Pharma,Bull,-0.15,8.17,16.1,4.27,12.08,0.86,28.7,29.9,22.0,0.35,1.65,18.25,7.75,30.21,1.05,95797.0,17.58,76.86,0.78,31
Lupin Ltd,Jun 2025,Pharma,Bull,-0.89,3.82,16.1,4.27,12.08,0.86,28.7,29.9,28.0,0.35,1.65,18.77,8.67,42.14,1.05,95797.0,26.69,51.82,0.8,31
Lupin Ltd,Jun 2026,Pharma,Bull,6.33,-3.87,16.1,4.27,12.08,0.86,28.7,29.9,30.0,0.35,1.65,22.27,15.47,19.98,1.05,95797.0,30.95,15.96,0.88,32
Lupin Ltd,Mar 2024,Pharma,Bull,23.15,-2.14,16.1,4.27,12.08,0.86,28.7,29.9,20.0,0.35,1.65,14.04,3.05,-18.76,1.05,95797.0,7.89,-74.51,-0.53,26
Lupin Ltd,Mar 2025,Pharma,Bear,-14.25,-3.54,16.1,4.27,12.08,0.86,28.7,29.9,23.0,0.35,1.65,14.84,1.2,-2.98,1.05,95797.0,16.92,114.45,0.88,35
Lupin Ltd,Mar 2026,Pharma,Bear,10.04,0.75,16.1,4.27,12.08,0.86,28.7,29.9,33.0,0.35,1.65,20.72,19.26,20.31,1.05,95797.0,31.94,88.77,0.78,33
Lupin Ltd,Sep 2023,Pharma,Bull,31.83,6.48,16.1,4.27,12.08,0.86,28.7,29.9,18.0,0.35,1.65,11.33,-39.12,-65.07,1.05,95797.0,10.76,-66.31,-0.3,26
Lupin Ltd,Sep 2024,Pharma,Bull,36.18,2.01,16.1,4.27,12.08,0.86,28.7,29.9,24.0,0.35,1.65,18.87,14.35,133.42,1.05,95797.0,18.69,73.7,0.7,32
Lupin Ltd,Sep 2025,Pharma,Bear,-1.92,1.97,16.1,4.27,12.08,0.86,28.7,29.9,33.0,0.35,1.65,21.68,24.37,89.9,1.05,95797.0,32.36,73.14,0.93,27
Mahindra & Mahindra Financial Services Ltd,Dec 2023,Banking,Bull,-8.07,-10.31,14.8,1.85,11.1,2.11,12.3,8.72,44.0,0.45,1.65,14.93,8.74,9.96,1.05,49512.0,4.48,8.7,0.8,32
Mahindra & Mahindra Financial Services Ltd,Dec 2024,Banking,Bear,-19.74,-8.66,14.8,1.85,11.1,2.11,12.3,8.72,44.0,0.45,1.65,14.93,8.74,9.96,1.05,49512.0,6.6,47.32,0.57,30
Mahindra & Mahindra Financial Services Ltd,Dec 2025,Banking,Bull,47.4,-0.58,14.8,1.85,11.1,2.11,12.3,8.72,44.0,0.45,1.65,14.93,8.74,9.96,1.05,49512.0,5.93,-10.15,0.6,34
Mahindra & Mahindra Financial Services Ltd,Jun 2023,Banking,Bull,41.37,8.2,14.8,1.85,11.1,2.11,12.3,8.72,44.0,0.45,1.65,14.93,8.74,9.96,1.05,49512.0,2.58,-56.49,0.15,34
Mahindra & Mahindra Financial Services Ltd,Jun 2024,Banking,Bull,4.76,12.54,14.8,1.85,11.1,2.11,12.3,8.72,44.0,0.45,1.65,14.93,8.74,-20.22,1.05,49512.0,3.58,38.76,0.86,24
Mahindra & Mahindra Financial Services Ltd,Jun 2025,Banking,Bull,-2.32,1.86,14.8,1.85,11.1,2.11,12.3,8.72,44.0,0.45,1.65,14.93,8.74,-42.37,1.05,49512.0,3.8,6.15,0.82,33
Mahindra & Mahindra Financial Services Ltd,Jun 2026,Banking,Bull,9.01,-3.16,14.8,1.85,11.1,2.11,12.3,8.72,44.0,0.45,1.65,14.93,8.74,12.23,1.05,49512.0,6.66,75.26,0.64,27
Mahindra & Mahindra Financial Services Ltd,Mar 2024,Banking,Bull,1.31,12.01,14.8,1.85,11.1,2.11,12.3,8.72,44.0,0.45,1.65,14.93,8.74,85.36,1.05,49512.0,4.82,-27.63,0.88,29
Mahindra & Mahindra Financial Services Ltd,Mar 2025,Banking,Bear,6.57,1.94,14.8,1.85,11.1,2.11,12.3,8.72,44.0,0.45,1.65,14.93,8.74,-8.25,1.05,49512.0,3.29,-31.74,0.2,26
Mahindra & Mahindra Financial Services Ltd,Mar 2026,Banking,Bear,-29.21,-9.23,14.8,1.85,11.1,2.11,12.3,8.72,44.0,0.45,1.65,14.93,8.74,77.69,1.05,49512.0,6.75,105.17,0.62,27
Mahindra & Mahindra Financial Services Ltd,Sep 2023,Banking,Bull,-10.71,3.73,14.8,1.85,11.1,2.11,12.3,8.72,44.0,0.45,1.65,14.93,8.74,-69.04,1.05,49512.0,2.02,-70.07,0.54,34
Mahindra & Mahindra Financial Services Ltd,Sep 2024,Banking,Bull,12.63,6.41,14.8,1.85,11.1,2.11,12.3,8.72,44.0,0.45,1.65,14.93,8.74,-41.88,1.05,49512.0,2.8,38.61,0.8,24
Mahindra & Mahindra Financial Services Ltd,Sep 2025,Banking,Bear,5.61,10.85,14.8,1.85,11.1,2.11,12.3,8.72,44.0,0.45,1.65,14.93,8.74,24.12,1.05,49512.0,4.06,45.0,0.82,25
Bank of Maharashtra,Dec 2023,Banking,Bull,-8.79,-7.71,8.59,1.81,6.44,2.61,22.6,6.03,44.0,0.45,1.65,14.93,8.74,9.96,1.05,64763.0,1.47,8.7,0.73,26
Bank of Maharashtra,Dec 2024,Banking,Bear,-12.84,-4.58,8.59,1.81,6.44,2.61,22.6,6.03,44.0,0.45,1.65,14.93,8.74,9.96,1.05,64763.0,1.84,25.17,0.84,31
Bank of Maharashtra,Dec 2025,Banking,Bull,10.9,-8.69,8.59,1.81,6.44,2.61,22.6,6.03,44.0,0.45,1.65,14.93,8.74,9.96,1.05,64763.0,2.34,27.17,0.88,30
Bank of Maharashtra,Jun 2023,Banking,Bull,17.1,14.45,8.59,1.81,6.44,2.61,22.6,6.03,44.0,0.45,1.65,14.93,8.74,9.96,1.05,64763.0,1.25,-46.58,0.1,34
Bank of Maharashtra,Jun 2024,Banking,Bull,1.72,-0.25,8.59,1.81,6.44,2.61,22.6,6.03,44.0,0.45,1.65,14.93,8.74,24.76,1.05,64763.0,1.83,46.4,0.82,31
Bank of Maharashtra,Jun 2025,Banking,Bull,27.16,-1.51,8.59,1.81,6.44,2.61,22.6,6.03,44.0,0.45,1.65,14.93,8.74,6.52,1.05,64763.0,1.96,7.1,0.32,29
Bank of Maharashtra,Jun 2026,Banking,Bull,43.09,3.33,8.59,1.81,6.44,2.61,22.6,6.03,44.0,0.45,1.65,14.93,8.74,12.45,1.05,64763.0,2.63,34.18,0.7,33
Bank of Maharashtra,Mar 2024,Banking,Bull,36.58,2.76,8.59,1.81,6.44,2.61,22.6,6.03,44.0,0.45,1.65,14.93,8.74,39.14,1.05,64763.0,1.74,-33.84,0.88,33
Bank of Maharashtra,Mar 2025,Banking,Bear,-11.88,7.77,8.59,1.81,6.44,2.61,22.6,6.03,44.0,0.45,1.65,14.93,8.74,15.98,1.05,64763.0,1.95,12.07,0.79,25
Bank of Maharashtra,Mar 2026,Banking,Bear,-2.15,13.6,8.59,1.81,6.44,2.61,22.6,6.03,44.0,0.45,1.65,14.93,8.74,35.97,1.05,64763.0,2.66,36.41,0.92,25
Bank of Maharashtra,Sep 2023,Banking,Bull,59.1,2.05,8.59,1.81,6.44,2.61,22.6,6.03,44.0,0.45,1.65,14.93,8.74,-54.52,1.05,64763.0,1.3,-51.13,0.6,28
Bank of Maharashtra,Sep 2024,Banking,Bull,-6.27,7.32,8.59,1.81,6.44,2.61,22.6,6.03,44.0,0.45,1.65,14.93,8.74,8.37,1.05,64763.0,1.88,44.62,0.62,26
Bank of Maharashtra,Sep 2025,Banking,Bear,-4.03,-4.19,8.59,1.81,6.44,2.61,22.6,6.03,44.0,0.45,1.65,14.93,8.74,11.12,1.05,64763.0,2.17,15.43,0.91,30
Manappuram Finance Ltd,Dec 2023,Banking,Bull,15.46,0.13,21.3,1.92,15.98,0.61,6.97,8.25,44.0,0.45,1.65,14.93,8.74,9.96,1.05,30904.0,6.77,8.7,0.57,29
Manappuram Finance Ltd,Dec 2024,Banking,Bear,-3.95,-10.55,21.3,1.92,15.98,0.61,6.97,8.25,44.0,0.45,1.65,14.93,8.74,9.96,1.05,30904.0,3.33,-50.81,-0.62,27
Manappuram Finance Ltd,Dec 2025,Banking,Bull,7.95,8.98,21.3,1.92,15.98,0.61,6.97,8.25,44.0,0.45,1.65,14.93,8.74,9.96,1.05,30904.0,2.85,-14.41,-0.53,27
Manappuram Finance Ltd,Jun 2023,Banking,Bull,6.34,-3.37,21.3,1.92,15.98,0.61,6.97,8.25,44.0,0.45,1.65,14.93,8.74,9.96,1.05,30904.0,5.86,105.61,0.9,28
Manappuram Finance Ltd,Jun 2024,Banking,Bull,15.01,5.22,21.3,1.92,15.98,0.61,6.97,8.25,44.0,0.45,1.65,14.93,8.74,-3.13,1.05,30904.0,6.55,11.77,0.32,26
Manappuram Finance Ltd,Jun 2025,Banking,Bull,18.88,9.06,21.3,1.92,15.98,0.61,6.97,8.25,44.0,0.45,1.65,14.93,8.74,-52.52,1.05,30904.0,1.63,-75.11,0.72,32
Manappuram Finance Ltd,Jun 2026,Banking,Bull,27.14,0.09,21.3,1.92,15.98,0.61,6.97,8.25,44.0,0.45,1.65,14.93,8.74,144.77,1.05,30904.0,6.22,150.0,0.87,25
Manappuram Finance Ltd,Mar 2024,Banking,Bull,1.54,3.89,21.3,1.92,15.98,0.61,6.97,8.25,44.0,0.45,1.65,14.93,8.74,13.25,1.05,30904.0,6.63,6.59,0.23,30
Manappuram Finance Ltd,Mar 2025,Banking,Bear,22.09,21.88,21.3,1.92,15.98,0.61,6.97,8.25,44.0,0.45,1.65,14.93,8.74,-136.45,1.05,30904.0,-2.26,-100.0,-0.46,25
Manappuram Finance Ltd,Mar 2026,Banking,Bear,-19.92,-0.73,21.3,1.92,15.98,0.61,6.97,8.25,44.0,0.45,1.65,14.93,8.74,206.82,1.05,30904.0,4.3,150.0,0.88,24
Manappuram Finance Ltd,Sep 2023,Banking,Bull,16.98,15.23,21.3,1.92,15.98,0.61,6.97,8.25,44.0,0.45,1.65,14.93,8.74,-4.1,1.05,30904.0,6.6,53.49,0.9,27
Manappuram Finance Ltd,Sep 2024,Banking,Bull,-4.46,18.27,21.3,1.92,15.98,0.61,6.97,8.25,44.0,0.45,1.65,14.93,8.74,1.42,1.05,30904.0,6.74,2.12,0.8,32
Manappuram Finance Ltd,Sep 2025,Banking,Bear,1.17,1.27,21.3,1.92,15.98,0.61,6.97,8.25,44.0,0.45,1.65,14.93,8.74,-206.9,1.05,30904.0,2.6,-61.42,0.46,24
Mankind Pharma Ltd,Dec 2023,Pharma,Bull,10.24,8.66,44.2,5.77,33.15,0.04,13.1,13.5,23.0,0.35,1.65,67.33,8.41,5.51,1.05,94174.0,11.33,8.7,0.03,35
Mankind Pharma Ltd,Dec 2024,Pharma,Bear,11.69,-1.25,44.2,5.77,33.15,0.04,13.1,13.5,26.0,0.35,1.65,3.69,8.41,5.51,1.05,94174.0,9.22,-18.62,0.2,29
Mankind Pharma Ltd,Dec 2025,Pharma,Bull,-9.96,-7.46,44.2,5.77,33.15,0.04,13.1,13.5,26.0,0.35,1.65,5.85,8.41,5.51,1.05,94174.0,9.9,7.38,0.59,28
Mankind Pharma Ltd,Jun 2023,Pharma,Bull,20.0,-1.2,44.2,5.77,33.15,0.04,13.1,13.5,25.0,0.35,1.65,109.17,8.41,5.51,1.05,94174.0,12.15,22.73,0.9,33
Mankind Pharma Ltd,Jun 2024,Pharma,Bull,-7.9,8.6,44.2,5.77,33.15,0.04,13.1,13.5,23.0,0.35,1.65,61.09,10.01,18.04,1.05,94174.0,13.39,10.21,0.2,28
Mankind Pharma Ltd,Jun 2025,Pharma,Bull,-5.63,4.34,44.2,5.77,33.15,0.04,13.1,13.5,24.0,0.35,1.65,4.95,11.6,15.58,1.05,94174.0,10.62,-20.69,-0.46,26
Mankind Pharma Ltd,Jun 2026,Pharma,Bull,27.2,0.08,44.2,5.77,33.15,0.04,13.1,13.5,26.0,0.35,1.65,9.6,13.01,38.65,1.05,94174.0,13.75,29.47,0.64,35
Mankind Pharma Ltd,Mar 2024,Pharma,Bull,16.25,2.28,44.2,5.77,33.15,0.04,13.1,13.5,24.0,0.35,1.65,65.11,-6.09,-3.44,1.05,94174.0,11.76,-14.47,0.36,27
Mankind Pharma Ltd,Mar 2025,Pharma,Bear,-15.84,-6.98,44.2,5.77,33.15,0.04,13.1,13.5,22.0,0.35,1.65,3.58,7.36,-21.73,1.05,94174.0,10.2,-13.27,0.0,25
Mankind Pharma Ltd,Mar 2026,Pharma,Bear,-7.34,-4.87,44.2,5.77,33.15,0.04,13.1,13.5,27.0,0.35,1.65,6.55,-3.56,25.62,1.05,94174.0,13.43,31.67,0.77,31
Mankind Pharma Ltd,Sep 2023,Pharma,Bull,5.76,1.64,44.2,5.77,33.15,0.04,13.1,13.5,25.0,0.35,1.65,75.89,-32.82,-10.98,1.05,94174.0,12.51,-6.85,0.54,35
Mankind Pharma Ltd,Sep 2024,Pharma,Bull,16.65,1.69,44.2,5.77,33.15,0.04,13.1,13.5,28.0,0.35,1.65,121.0,26.38,38.16,1.05,94174.0,16.31,30.38,0.92,30
Mankind Pharma Ltd,Sep 2025,Pharma,Bear,6.54,-4.71,44.2,5.77,33.15,0.04,13.1,13.5,25.0,0.35,1.65,5.42,20.07,22.35,1.05,94174.0,12.39,-24.03,0.82,33
C.E. Info Systems Ltd,Dec 2023,IT,Bull,-8.12,-5.26,36.8,5.61,27.6,0.38,12.0,19.1,38.0,0.35,1.65,35.0,5.5,7.6,1.05,5070.0,5.69,8.7,0.23,22
C.E. Info Systems Ltd,Dec 2024,IT,Bear,-27.76,-7.97,36.8,5.61,27.6,0.38,12.0,19.1,36.0,0.35,1.65,41.0,5.5,7.6,1.05,5070.0,5.96,4.75,0.46,18
C.E. Info Systems Ltd,Dec 2025,IT,Bull,5.52,-3.78,36.8,5.61,27.6,0.38,12.0,19.1,26.0,0.35,1.65,28.88,5.5,7.6,1.05,5070.0,3.43,-42.45,-0.05,24
C.E. Info Systems Ltd,Jun 2023,IT,Bull,19.69,3.03,36.8,5.61,27.6,0.38,12.0,19.1,42.0,0.35,1.65,37.0,5.5,7.6,1.05,5070.0,6.0,74.93,0.91,20
C.E. Info Systems Ltd,Jun 2024,IT,Bull,20.93,-6.7,36.8,5.61,27.6,0.38,12.0,19.1,42.0,0.35,1.65,42.0,9.78,16.13,1.05,5070.0,6.62,10.33,0.67,24
C.E. Info Systems Ltd,Jun 2025,IT,Bull,3.22,-8.28,36.8,5.61,27.6,0.38,12.0,19.1,45.0,0.35,1.65,54.0,6.09,43.75,1.05,5070.0,8.47,27.95,0.87,24
C.E. Info Systems Ltd,Jun 2026,IT,Bull,-6.23,-2.6,36.8,5.61,27.6,0.38,12.0,19.1,40.0,0.35,1.65,28.88,48.94,163.16,1.05,5070.0,9.09,7.32,0.62,23
C.E. Info Systems Ltd,Mar 2024,IT,Bull,-3.36,-1.56,36.8,5.61,27.6,0.38,12.0,19.1,37.0,0.35,1.65,40.0,20.22,18.75,1.05,5070.0,7.02,-22.77,0.82,22
C.E. Info Systems Ltd,Mar 2025,IT,Bear,4.0,-15.36,36.8,5.61,27.6,0.38,12.0,19.1,38.0,0.35,1.65,55.0,42.57,36.11,1.05,5070.0,8.93,27.21,0.86,25
C.E. Info Systems Ltd,Mar 2026,IT,Bear,-53.71,-16.95,36.8,5.61,27.6,0.38,12.0,19.1,44.0,0.35,1.65,28.88,18.85,10.87,1.05,5070.0,9.27,3.81,0.03,23
C.E. Info Systems Ltd,Sep 2023,IT,Bull,68.19,1.17,36.8,5.61,27.6,0.38,12.0,19.1,44.0,0.35,1.65,40.0,-35.0,-34.0,1.05,5070.0,6.11,-34.09,0.54,19
C.E. Info Systems Ltd,Sep 2024,IT,Bull,-6.82,-0.44,36.8,5.61,27.6,0.38,12.0,19.1,36.0,0.35,1.65,37.0,-2.8,-21.05,1.05,5070.0,5.58,-8.67,-0.68,19
C.E. Info Systems Ltd,Sep 2025,IT,Bear,-7.34,-2.37,36.8,5.61,27.6,0.38,12.0,19.1,23.0,0.35,1.65,28.88,-20.83,-61.22,1.05,5070.0,3.38,-39.43,-0.4,28
Marico Ltd,Dec 2023,Other,Bull,-4.19,-0.58,55.2,24.75,41.4,0.5,42.8,47.0,21.0,0.35,1.65,27.0,4.82,1.82,1.05,104288.0,2.96,8.7,0.89,34
Marico Ltd,Dec 2024,Other,Bear,-7.81,-2.97,55.2,24.75,41.4,0.5,42.8,47.0,19.0,0.35,1.65,41.0,4.82,1.82,1.05,104288.0,3.08,4.05,0.87,30
Marico Ltd,Dec 2025,Other,Bull,6.96,-2.75,55.2,24.75,41.4,0.5,42.8,47.0,17.0,0.35,1.65,42.29,4.82,1.82,1.05,104288.0,3.44,11.69,0.84,31
Marico Ltd,Jun 2023,Other,Bull,10.68,3.79,55.2,24.75,41.4,0.5,42.8,47.0,23.0,0.35,1.65,33.76,4.82,1.82,1.05,104288.0,3.3,-4.07,0.1,32
Marico Ltd,Jun 2024,Other,Bull,23.64,3.16,55.2,24.75,41.4,0.5,42.8,47.0,24.0,0.35,1.65,36.82,9.12,22.8,1.05,104288.0,3.58,8.48,0.91,28
Marico Ltd,Jun 2025,Other,Bull,11.55,1.96,55.2,24.75,41.4,0.5,42.8,47.0,20.0,0.35,1.65,65.5,15.28,26.35,1.05,104288.0,3.89,8.66,0.78,29
Marico Ltd,Jun 2026,Other,Bull,12.32,-2.63,55.2,24.75,41.4,0.5,42.8,47.0,21.0,0.35,1.65,39.0,11.87,41.74,1.05,104288.0,4.85,24.68,0.87,33
Marico Ltd,Mar 2024,Other,Bull,-7.14,4.69,55.2,24.75,41.4,0.5,42.8,47.0,19.0,0.35,1.65,26.0,-8.03,-26.61,1.05,104288.0,2.46,-49.28,-0.74,32
Marico Ltd,Mar 2025,Other,Bear,1.73,-4.08,55.2,24.75,41.4,0.5,42.8,47.0,17.0,0.35,1.65,38.17,3.29,-27.22,1.05,104288.0,2.65,7.72,-0.7,27
Marico Ltd,Mar 2026,Other,Bear,-3.22,-2.63,55.2,24.75,41.4,0.5,42.8,47.0,16.0,0.35,1.65,30.65,2.48,-20.47,1.05,104288.0,3.01,13.58,0.05,34
Marico Ltd,Sep 2023,Other,Bull,5.33,3.1,55.2,24.75,41.4,0.5,42.8,47.0,20.0,0.35,1.65,24.85,-37.43,-44.79,1.05,104288.0,2.73,-9.3,0.2,26
Marico Ltd,Sep 2024,Other,Bull,12.07,7.5,55.2,24.75,41.4,0.5,42.8,47.0,20.0,0.35,1.65,47.45,16.94,35.31,1.05,104288.0,3.27,19.78,0.91,28
Marico Ltd,Sep 2025,Other,Bear,-1.81,-3.03,55.2,24.75,41.4,0.5,42.8,47.0,16.0,0.35,1.65,46.67,27.55,25.22,1.05,104288.0,3.24,-0.92,0.9,33
Multi Commodity Exchange of India Ltd,Dec 2023,Banking,Bull,63.54,10.36,54.2,29.25,40.65,0.24,56.3,71.4,-11.0,0.45,1.65,14.93,8.74,9.96,1.05,83535.0,-0.21,-8.7,0.54,34
Multi Commodity Exchange of India Ltd,Dec 2024,Banking,Bear,6.96,-5.66,54.2,29.25,40.65,0.24,56.3,71.4,64.0,0.45,1.65,14.93,8.74,9.96,1.05,83535.0,6.28,150.0,0.86,27
Multi Commodity Exchange of India Ltd,Dec 2025,Banking,Bull,39.23,-10.64,54.2,29.25,40.65,0.24,56.3,71.4,74.0,0.45,1.65,14.93,8.74,9.96,1.05,83535.0,15.73,150.0,0.82,34
Multi Commodity Exchange of India Ltd,Jun 2023,Banking,Bull,-0.81,11.49,54.2,29.25,40.65,0.24,56.3,71.4,6.0,0.45,1.65,14.93,8.74,9.96,1.05,83535.0,0.77,-95.1,-0.79,33
Multi Commodity Exchange of India Ltd,Jun 2024,Banking,Bull,10.15,14.5,54.2,29.25,40.65,0.24,56.3,71.4,57.0,0.45,1.65,14.93,21.88,-596.89,1.05,83535.0,4.35,150.0,0.62,27
Multi Commodity Exchange of India Ltd,Jun 2025,Banking,Bull,71.08,-6.99,54.2,29.25,40.65,0.24,56.3,71.4,65.0,0.45,1.65,14.93,23.92,26.88,1.05,83535.0,7.97,83.22,0.8,32
Multi Commodity Exchange of India Ltd,Jun 2026,Banking,Bull,14.88,13.88,54.2,29.25,40.65,0.24,56.3,71.4,70.0,0.45,1.65,14.93,5.41,2.99,1.05,83535.0,16.21,103.39,0.62,25
Multi Commodity Exchange of India Ltd,Mar 2024,Banking,Bull,5.68,0.24,54.2,29.25,40.65,0.24,56.3,71.4,56.0,0.45,1.65,14.93,23.97,340.0,1.05,83535.0,3.45,-78.72,0.92,27
Multi Commodity Exchange of India Ltd,Mar 2025,Banking,Bear,-15.5,21.81,54.2,29.25,40.65,0.24,56.3,71.4,55.0,0.45,1.65,14.93,24.36,21.62,1.05,83535.0,5.31,53.91,0.81,34
Multi Commodity Exchange of India Ltd,Mar 2026,Banking,Bear,8.72,-15.87,54.2,29.25,40.65,0.24,56.3,71.4,75.0,0.45,1.65,14.93,123.91,161.08,1.05,83535.0,20.78,150.0,0.82,25
Multi Commodity Exchange of India Ltd,Sep 2023,Banking,Bull,37.44,12.6,54.2,29.25,40.65,0.24,56.3,71.4,-18.0,0.45,1.65,14.93,-55.39,-104.6,1.05,83535.0,-0.75,-100.0,-0.27,25
Multi Commodity Exchange of India Ltd,Sep 2024,Banking,Bull,45.29,11.17,54.2,29.25,40.65,0.24,56.3,71.4,63.0,0.45,1.65,14.93,58.01,75.0,1.05,83535.0,6.02,150.0,0.93,33
Multi Commodity Exchange of India Ltd,Sep 2025,Banking,Bear,-13.63,5.03,54.2,29.25,40.65,0.24,56.3,71.4,65.0,0.45,1.65,14.93,28.52,45.93,1.05,83535.0,7.74,28.57,0.88,28
Global Health Ltd,Dec 2023,Pharma,Bull,28.36,5.87,68.0,9.84,51.0,0.03,15.2,17.4,26.0,0.35,1.65,12.0,8.41,5.51,1.05,38911.0,4.61,8.7,0.32,27
Global Health Ltd,Dec 2024,Pharma,Bear,7.78,-19.36,68.0,9.84,51.0,0.03,15.2,17.4,25.0,0.35,1.65,14.88,8.41,5.51,1.05,38911.0,5.32,15.4,0.9,25
Global Health Ltd,Dec 2025,Pharma,Bull,-9.06,4.32,68.0,9.84,51.0,0.03,15.2,17.4,19.0,0.35,1.65,9.86,8.41,5.51,1.05,38911.0,3.54,-33.46,-0.57,24
Global Health Ltd,Jun 2023,Pharma,Bull,31.26,1.43,68.0,9.84,51.0,0.03,15.2,17.4,24.0,0.35,1.65,10.22,8.41,5.51,1.05,38911.0,3.8,7.34,0.72,31
Global Health Ltd,Jun 2024,Pharma,Bull,-1.72,-0.22,68.0,9.84,51.0,0.03,15.2,17.4,22.0,0.35,1.65,10.33,2.99,-14.52,1.05,38911.0,3.96,4.21,0.62,23
Global Health Ltd,Jun 2025,Pharma,Bull,-7.66,-1.52,68.0,9.84,51.0,0.03,15.2,17.4,24.0,0.35,1.65,17.64,9.33,11.19,1.05,38911.0,5.92,49.49,0.79,23
Global Health Ltd,Jun 2026,Pharma,Bull,32.81,4.04,68.0,9.84,51.0,0.03,15.2,17.4,22.0,0.35,1.65,10.63,16.32,65.26,1.05,38911.0,5.9,-0.34,0.82,23
Global Health Ltd,Mar 2024,Pharma,Bull,38.87,-3.19,68.0,9.84,51.0,0.03,15.2,17.4,22.0,0.35,1.65,9.94,3.72,24.51,1.05,38911.0,4.74,-19.66,0.82,28
Global Health Ltd,Mar 2025,Pharma,Bear,8.87,-4.61,68.0,9.84,51.0,0.03,15.2,17.4,24.0,0.35,1.65,15.0,8.13,-4.72,1.05,38911.0,3.78,-20.25,-0.4,29
Global Health Ltd,Mar 2026,Pharma,Bear,-19.36,-0.6,68.0,9.84,51.0,0.03,15.2,17.4,21.0,0.35,1.65,9.04,12.42,-10.69,1.05,38911.0,5.36,41.8,0.91,32
Global Health Ltd,Sep 2023,Pharma,Bull,8.56,3.57,68.0,9.84,51.0,0.03,15.2,17.4,25.0,0.35,1.65,10.65,-35.28,-20.38,1.05,38911.0,4.66,-13.06,0.8,32
Global Health Ltd,Sep 2024,Pharma,Bull,-19.52,3.11,68.0,9.84,51.0,0.03,15.2,17.4,24.0,0.35,1.65,14.25,18.29,3.15,1.05,38911.0,4.87,4.51,0.64,23
Global Health Ltd,Sep 2025,Pharma,Bear,14.16,-4.48,68.0,9.84,51.0,0.03,15.2,17.4,21.0,0.35,1.65,13.59,18.05,56.44,1.05,38911.0,5.89,20.94,0.89,30
Meesho Ltd,Dec 2024,Other,Bear,-7.23,-5.47,35.9,22.58,26.92,0.0,-46.2,-40.0,-4.9,0.35,1.65,-9.12,4.82,1.82,1.05,100426.0,-4.44,-8.7,0.78,29
Meesho Ltd,Dec 2025,Other,Bull,5.96,4.6,35.9,22.58,26.92,0.0,-46.2,-40.0,-15.0,0.35,1.65,-9.12,4.82,1.82,1.05,100426.0,-1.09,75.45,0.62,32
Meesho Ltd,Jun 2025,Other,Bull,17.52,8.93,35.9,22.58,26.92,0.0,-46.2,-40.0,-11.0,0.35,1.65,-9.12,4.82,1.82,1.05,100426.0,-1.49,-36.7,-0.85,28
Meesho Ltd,Jun 2026,Other,Bull,30.56,7.64,35.9,22.58,26.92,0.0,-46.2,-40.0,-6.0,0.35,1.65,-9.12,4.82,1.82,1.05,100426.0,-0.29,80.54,0.81,28
Meesho Ltd,Mar 2025,Other,Bear,536.8,625.8,35.9,22.58,26.92,0.0,-46.2,-40.0,-10.0,0.35,1.65,-9.12,-10.41,724.9,1.05,100426.0,-159.79,-100.0,0.82,27
Meesho Ltd,Mar 2026,Other,Bear,-22.68,-12.45,35.9,22.58,26.92,0.0,-46.2,-40.0,-7.0,0.35,1.65,-9.12,0.37,-66.19,1.05,100426.0,-0.36,99.77,0.82,25
Meesho Ltd,Sep 2025,Other,Bear,10.45,0.39,35.9,22.58,26.92,0.0,-46.2,-40.0,-15.0,0.35,1.65,-9.12,22.76,42.21,1.05,100426.0,-2.11,-100.0,0.79,32
Max Financial Services Ltd,Dec 2023,Banking,Bull,6.69,-13.49,470.0,9.65,352.5,0.0,1.52,2.87,1.7,0.45,1.65,14.93,8.74,9.96,1.05,50973.0,4.3,8.7,0.68,30
Max Financial Services Ltd,Dec 2024,Banking,Bear,-6.06,1.42,470.0,9.65,352.5,0.0,1.52,2.87,1.0,0.45,1.65,8.9,8.74,9.96,1.05,50973.0,1.62,-62.33,-0.56,28
Max Financial Services Ltd,Dec 2025,Banking,Bull,3.08,-2.4,470.0,9.65,352.5,0.0,1.52,2.87,0.6,0.45,1.65,2.17,8.74,9.96,1.05,50973.0,1.06,-34.57,-0.44,34
Max Financial Services Ltd,Jun 2023,Banking,Bull,27.82,9.45,470.0,9.65,352.5,0.0,1.52,2.87,1.4,0.45,1.65,13.89,8.74,9.96,1.05,50973.0,2.54,139.62,0.93,33
Max Financial Services Ltd,Jun 2024,Banking,Bull,-4.52,12.11,470.0,9.65,352.5,0.0,1.52,2.87,1.6,0.45,1.65,21.11,-4.51,-8.77,1.05,50973.0,3.69,45.28,0.92,32
Max Financial Services Ltd,Jun 2025,Banking,Bull,44.26,-3.26,470.0,9.65,352.5,0.0,1.52,2.87,0.9,0.45,1.65,5.95,43.7,22.86,1.05,50973.0,2.02,-45.26,0.92,28
Max Financial Services Ltd,Jun 2026,Banking,Bull,7.22,-0.46,470.0,9.65,352.5,0.0,1.52,2.87,1.1,0.45,1.65,4.64,4.99,162.22,1.05,50973.0,2.77,37.13,0.25,27
Max Financial Services Ltd,Mar 2024,Banking,Bull,4.92,-0.7,470.0,9.65,352.5,0.0,1.52,2.87,-0.4,0.45,1.65,-5.18,62.39,-149.5,1.05,50973.0,-1.28,-100.0,-0.46,30
Max Financial Services Ltd,Mar 2025,Banking,Bear,4.1,12.34,470.0,9.65,352.5,0.0,1.52,2.87,0.2,0.45,1.65,1.33,4.89,-75.64,1.05,50973.0,0.91,150.0,0.93,28
Max Financial Services Ltd,Mar 2026,Banking,Bear,-10.95,-1.56,470.0,9.65,352.5,0.0,1.52,2.87,-0.1,0.45,1.65,-0.17,-15.75,-137.21,1.05,50973.0,-0.76,-100.0,-0.03,26
Max Financial Services Ltd,Sep 2023,Banking,Bull,12.87,3.53,470.0,9.65,352.5,0.0,1.52,2.87,1.4,0.45,1.65,16.0,-32.1,44.07,1.05,50973.0,4.29,150.0,0.87,28
Max Financial Services Ltd,Sep 2024,Banking,Bull,19.61,-8.87,470.0,9.65,352.5,0.0,1.52,2.87,1.3,0.45,1.65,13.31,-10.18,-378.0,1.05,50973.0,3.26,-24.01,0.1,27
Max Financial Services Ltd,Sep 2025,Banking,Bear,-4.72,0.0,470.0,9.65,352.5,0.0,1.52,2.87,0.2,0.45,1.65,1.0,-20.88,-84.21,1.05,50973.0,0.12,-96.32,-0.56,30
Mahanagar Gas Ltd,Dec 2023,Other,Bull,8.24,8.86,15.0,1.67,11.25,2.77,12.2,17.0,29.0,0.35,1.65,149.67,4.82,1.82,1.05,10710.0,32.11,8.7,0.38,22
Mahanagar Gas Ltd,Dec 2024,Other,Bear,-32.94,-16.39,15.0,1.67,11.25,2.77,12.2,17.0,18.0,0.35,1.65,108.33,4.82,1.82,1.05,10710.0,22.4,-30.24,-0.46,21
Mahanagar Gas Ltd,Dec 2025,Other,Bull,-11.03,2.67,15.0,1.67,11.25,2.77,12.2,17.0,17.0,0.35,1.65,58.5,4.82,1.82,1.05,10710.0,20.36,-9.11,0.74,27
Mahanagar Gas Ltd,Jun 2023,Other,Bull,13.85,6.38,15.0,1.67,11.25,2.77,12.2,17.0,34.0,0.35,1.65,173.67,4.82,1.82,1.05,10710.0,37.3,83.2,0.86,26
Mahanagar Gas Ltd,Jun 2024,Other,Bull,15.3,-1.06,15.0,1.67,11.25,2.77,12.2,17.0,26.0,0.35,1.65,145.67,6.18,-8.83,1.05,10710.0,29.24,-21.61,0.13,25
Mahanagar Gas Ltd,Jun 2025,Other,Bull,7.03,-2.76,15.0,1.67,11.25,2.77,12.2,17.0,24.0,0.35,1.65,100.0,12.78,44.34,1.05,10710.0,32.26,10.33,0.88,30
Mahanagar Gas Ltd,Jun 2026,Other,Bull,24.43,-1.67,15.0,1.67,11.25,2.77,12.2,17.0,14.0,0.35,1.65,57.0,15.19,-3.98,1.05,10710.0,19.54,-39.43,0.0,23
Mahanagar Gas Ltd,Mar 2024,Other,Bull,14.25,14.07,15.0,1.67,11.25,2.77,12.2,17.0,24.0,0.35,1.65,65.83,4.88,-29.08,1.05,10710.0,26.38,35.01,0.82,21
Mahanagar Gas Ltd,Mar 2025,Other,Bear,9.12,-2.02,15.0,1.67,11.25,2.77,12.2,17.0,20.0,0.35,1.65,98.5,17.89,-14.53,1.05,10710.0,25.01,-5.19,0.32,23
Mahanagar Gas Ltd,Mar 2026,Other,Bear,-16.9,0.67,15.0,1.67,11.25,2.77,12.2,17.0,13.0,0.35,1.65,51.6,-1.49,-59.25,1.05,10710.0,13.15,-47.42,0.53,22
Mahanagar Gas Ltd,Sep 2023,Other,Bull,-3.29,13.54,15.0,1.67,11.25,2.77,12.2,17.0,30.0,0.35,1.65,239.5,-33.8,75.13,1.05,10710.0,34.27,150.0,0.89,30
Mahanagar Gas Ltd,Sep 2024,Other,Bull,12.21,14.81,15.0,1.67,11.25,2.77,12.2,17.0,23.0,0.35,1.65,137.67,10.73,9.96,1.05,10710.0,29.03,-15.29,-0.25,22
Mahanagar Gas Ltd,Sep 2025,Other,Bear,-11.97,-8.94,15.0,1.67,11.25,2.77,12.2,17.0,16.0,0.35,1.65,67.2,4.38,-22.67,1.05,10710.0,19.37,-33.28,-0.46,20
Minda Corporation Ltd,Dec 2023,Manufacturing,Bull,17.83,-6.8,41.8,6.41,31.35,0.2,14.7,12.7,11.0,0.35,1.65,9.29,4.53,4.31,1.05,16866.0,2.2,8.7,-0.2,25
Minda Corporation Ltd,Dec 2024,Manufacturing,Bear,-20.09,-6.25,41.8,6.41,31.35,0.2,14.7,12.7,11.0,0.35,1.65,12.0,4.53,4.31,1.05,16866.0,2.71,23.18,0.8,31
Minda Corporation Ltd,Dec 2025,Manufacturing,Bull,-0.98,-0.48,41.8,6.41,31.35,0.2,14.7,12.7,12.0,0.35,1.65,6.34,4.53,4.31,1.05,16866.0,3.58,32.1,0.92,29
Minda Corporation Ltd,Jun 2023,Manufacturing,Bull,22.53,15.85,41.8,6.41,31.35,0.2,14.7,12.7,11.0,0.35,1.65,8.21,4.53,4.31,1.05,16866.0,1.89,-47.21,-0.18,27
Minda Corporation Ltd,Jun 2024,Manufacturing,Bull,15.32,5.07,41.8,6.41,31.35,0.2,14.7,12.7,11.0,0.35,1.65,13.2,2.23,23.08,1.05,16866.0,2.69,42.33,0.7,25
Minda Corporation Ltd,Jun 2025,Manufacturing,Bull,-4.16,0.19,41.8,6.41,31.35,0.2,14.7,12.7,11.0,0.35,1.65,4.73,10.61,0.0,1.05,16866.0,2.73,1.49,0.73,31
Minda Corporation Ltd,Jun 2026,Manufacturing,Bull,35.52,-3.08,41.8,6.41,31.35,0.2,14.7,12.7,11.0,0.35,1.65,6.84,18.33,145.24,1.05,16866.0,8.62,150.0,0.8,25
Minda Corporation Ltd,Mar 2024,Manufacturing,Bull,8.56,9.18,41.8,6.41,31.35,0.2,14.7,12.7,11.0,0.35,1.65,11.58,13.02,57.78,1.05,16866.0,2.96,-65.66,0.78,22
Minda Corporation Ltd,Mar 2025,Manufacturing,Bear,3.51,7.82,41.8,6.41,31.35,0.2,14.7,12.7,12.0,0.35,1.65,4.5,10.82,-18.75,1.05,16866.0,2.18,-26.35,0.6,31
Minda Corporation Ltd,Mar 2026,Manufacturing,Bear,-13.46,21.33,41.8,6.41,31.35,0.2,14.7,12.7,12.0,0.35,1.65,6.77,22.94,90.77,1.05,16866.0,5.21,138.99,0.89,25
Minda Corporation Ltd,Sep 2023,Manufacturing,Bull,13.64,9.47,41.8,6.41,31.35,0.2,14.7,12.7,11.0,0.35,1.65,8.73,-35.21,-71.36,1.05,16866.0,2.46,-52.78,0.53,31
Minda Corporation Ltd,Sep 2024,Manufacturing,Bull,21.46,7.8,41.8,6.41,31.35,0.2,14.7,12.7,11.0,0.35,1.65,13.36,6.17,4.23,1.05,16866.0,3.11,26.42,0.25,27
Minda Corporation Ltd,Sep 2025,Manufacturing,Bear,9.4,-2.16,41.8,6.41,31.35,0.2,14.7,12.7,12.0,0.35,1.65,5.74,16.2,63.46,1.05,16866.0,3.54,13.83,0.62,26
MMTC Ltd,Dec 2023,Other,Bull,0.25,-8.66,46.1,4.39,34.58,0.0,-14.3,8.67,-4982.0,0.35,1.65,7.03,4.82,1.82,1.05,9288.0,0.37,8.7,0.76,29
MMTC Ltd,Dec 2024,Other,Bear,-19.41,-16.76,46.1,4.39,34.58,0.0,-14.3,8.67,-12224.0,0.35,1.65,-9.12,4.82,1.82,1.05,9288.0,0.02,-94.59,-0.05,20
MMTC Ltd,Dec 2025,Other,Bull,2.78,-11.99,46.1,4.39,34.58,0.0,-14.3,8.67,-6768.0,0.35,1.65,7.03,4.82,1.82,1.05,9288.0,0.31,58.0,0.57,27
MMTC Ltd,Jun 2023,Other,Bull,8.98,54.92,46.1,4.39,34.58,0.0,-14.3,8.67,-29.0,0.35,1.65,7.03,4.82,1.82,1.05,9288.0,0.1,-67.74,-0.53,27
MMTC Ltd,Jun 2024,Other,Bull,13.2,-4.69,46.1,4.39,34.58,0.0,-14.3,8.67,-7788.0,0.35,1.65,7.03,0.0,-41.07,1.05,9288.0,0.22,120.0,0.93,25
MMTC Ltd,Jun 2025,Other,Bull,34.86,2.9,46.1,4.39,34.58,0.0,-14.3,8.67,-1699.0,0.35,1.65,7.03,123.91,724.9,1.05,9288.0,0.3,36.36,0.92,23
MMTC Ltd,Jun 2026,Other,Bull,23.32,-1.16,46.1,4.39,34.58,0.0,-14.3,8.67,-2969.0,0.35,1.65,7.03,123.91,126.09,1.05,9288.0,0.69,130.0,0.86,25
MMTC Ltd,Mar 2024,Other,Bull,10.38,4.6,46.1,4.39,34.58,0.0,-14.3,8.67,-5123.0,0.35,1.65,7.03,-55.39,366.67,1.05,9288.0,0.47,-31.88,0.92,19
MMTC Ltd,Mar 2025,Other,Bear,-29.52,15.83,46.1,4.39,34.58,0.0,-14.3,8.67,-12971.0,0.35,1.65,-5.4,-55.39,-93.94,1.05,9288.0,0.01,-97.87,0.53,26
MMTC Ltd,Mar 2026,Other,Bear,-20.71,8.05,46.1,4.39,34.58,0.0,-14.3,8.67,-18605.0,0.35,1.65,7.03,0.0,186.36,1.05,9288.0,0.84,150.0,0.36,23
MMTC Ltd,Sep 2023,Other,Bull,84.23,15.53,46.1,4.39,34.58,0.0,-14.3,8.67,19.0,0.35,1.65,-9.12,-55.39,-50.0,1.05,9288.0,0.35,-58.33,-0.27,19
MMTC Ltd,Sep 2024,Other,Bull,14.46,5.31,46.1,4.39,34.58,0.0,-14.3,8.67,-1938.0,0.35,1.65,7.03,100.0,-31.43,1.05,9288.0,0.32,-8.57,0.53,25
MMTC Ltd,Sep 2025,Other,Bear,-10.08,-14.62,46.1,4.39,34.58,0.0,-14.3,8.67,-2005.0,0.35,1.65,7.03,123.91,724.9,1.05,9288.0,1.14,150.0,0.82,26
Motilal Oswal Financial Services Ltd,Dec 2023,Banking,Bull,35.28,-12.2,31.2,4.79,23.4,0.58,15.5,12.7,61.0,0.45,1.65,4.16,8.74,9.96,1.05,61828.0,11.11,8.7,0.2,29
Motilal Oswal Financial Services Ltd,Dec 2024,Banking,Bear,28.41,-18.17,31.2,4.79,23.4,0.58,15.5,12.7,53.0,0.45,1.65,3.33,8.74,9.96,1.05,61828.0,9.42,-15.21,-0.79,25
Motilal Oswal Financial Services Ltd,Dec 2025,Banking,Bull,-4.93,-5.9,31.2,4.79,23.4,0.58,15.5,12.7,52.0,0.45,1.65,3.29,8.74,9.96,1.05,61828.0,9.42,0.0,-0.38,32
Motilal Oswal Financial Services Ltd,Jun 2023,Banking,Bull,15.93,-7.64,31.2,4.79,23.4,0.58,15.5,12.7,56.0,0.45,1.65,3.88,8.74,9.96,1.05,61828.0,8.9,-5.52,0.15,25
Motilal Oswal Financial Services Ltd,Jun 2024,Banking,Bull,40.25,21.43,31.2,4.79,23.4,0.58,15.5,12.7,60.0,0.45,1.65,4.24,29.2,33.74,1.05,61828.0,14.77,65.96,0.84,28
Motilal Oswal Financial Services Ltd,Jun 2025,Banking,Bull,44.44,-2.14,31.2,4.79,23.4,0.58,15.5,12.7,63.0,0.45,1.65,5.83,37.33,105.48,1.05,61828.0,19.38,31.21,0.74,24
Motilal Oswal Financial Services Ltd,Jun 2026,Banking,Bull,39.9,8.72,31.2,4.79,23.4,0.58,15.5,12.7,57.0,0.45,1.65,4.76,62.22,125.09,1.05,61828.0,21.14,9.08,0.82,33
Motilal Oswal Financial Services Ltd,Mar 2024,Banking,Bull,33.34,15.21,31.2,4.79,23.4,0.58,15.5,12.7,57.0,0.45,1.65,4.1,43.41,37.31,1.05,61828.0,12.13,-42.62,0.88,26
Motilal Oswal Financial Services Ltd,Mar 2025,Banking,Bear,-36.1,8.02,31.2,4.79,23.4,0.58,15.5,12.7,24.0,0.45,1.65,0.94,-48.57,-107.13,1.05,61828.0,-1.08,-100.0,-0.62,33
Motilal Oswal Financial Services Ltd,Mar 2026,Banking,Bear,-24.21,5.35,31.2,4.79,23.4,0.58,15.5,12.7,8.0,0.45,1.65,0.53,-2.23,-118.83,1.05,61828.0,-3.68,-100.0,-0.62,27
Motilal Oswal Financial Services Ltd,Sep 2023,Banking,Bull,19.08,-0.9,31.2,4.79,23.4,0.58,15.5,12.7,55.0,0.45,1.65,3.8,-51.69,-58.24,1.05,61828.0,8.96,150.0,0.93,27
Motilal Oswal Financial Services Ltd,Sep 2024,Banking,Bull,28.84,11.45,31.2,4.79,23.4,0.58,15.5,12.7,64.0,0.45,1.65,5.13,31.89,54.76,1.05,61828.0,18.71,108.82,0.92,30
Motilal Oswal Financial Services Ltd,Sep 2025,Banking,Bear,2.88,-14.29,31.2,4.79,23.4,0.58,15.5,12.7,45.0,0.45,1.65,2.65,55.38,-596.89,1.05,61828.0,6.04,-67.72,0.15,31
Mphasis Ltd,Dec 2023,IT,Bull,15.13,-12.61,22.6,4.08,16.95,2.7,18.5,22.1,18.0,0.35,1.65,11.34,5.5,7.6,1.05,43808.0,19.79,8.7,0.89,31
Mphasis Ltd,Dec 2024,IT,Bear,-5.58,-8.15,22.6,4.08,16.95,2.7,18.5,22.1,19.0,0.35,1.65,17.38,5.5,7.6,1.05,43808.0,22.56,14.0,0.46,27
Mphasis Ltd,Dec 2025,IT,Bull,3.72,-15.09,22.6,4.08,16.95,2.7,18.5,22.1,19.0,0.35,1.65,18.29,5.5,7.6,1.05,43808.0,23.21,2.88,0.08,23
Mphasis Ltd,Jun 2023,IT,Bull,5.42,6.38,22.6,4.08,16.95,2.7,18.5,22.1,18.0,0.35,1.65,24.46,5.5,7.6,1.05,43808.0,21.01,-9.48,0.77,30
Mphasis Ltd,Jun 2024,IT,Bull,-0.21,8.08,22.6,4.08,16.95,2.7,18.5,22.1,18.0,0.35,1.65,12.38,2.52,8.29,1.05,43808.0,21.39,1.81,0.86,31
Mphasis Ltd,Jun 2025,IT,Bull,16.29,7.64,22.6,4.08,16.95,2.7,18.5,22.1,19.0,0.35,1.65,16.74,4.8,3.27,1.05,43808.0,23.22,8.56,0.86,31
Mphasis Ltd,Jun 2026,IT,Bull,1.17,-2.19,22.6,4.08,16.95,2.7,18.5,22.1,18.0,0.35,1.65,16.22,9.52,10.86,1.05,43808.0,25.65,10.47,0.79,32
Mphasis Ltd,Mar 2024,IT,Bull,-12.74,5.91,22.6,4.08,16.95,2.7,18.5,22.1,19.0,0.35,1.65,12.78,4.92,-0.76,1.05,43808.0,20.81,-18.87,-0.44,26
Mphasis Ltd,Mar 2025,IT,Bear,-12.42,0.76,22.6,4.08,16.95,2.7,18.5,22.1,19.0,0.35,1.65,19.53,8.42,10.12,1.05,43808.0,23.49,12.88,0.46,31
Mphasis Ltd,Mar 2026,IT,Bear,-27.42,8.99,22.6,4.08,16.95,2.7,18.5,22.1,19.0,0.35,1.65,10.44,13.69,15.38,1.05,43808.0,26.71,13.71,0.75,33
Mphasis Ltd,Sep 2023,IT,Bull,28.21,17.18,22.6,4.08,16.95,2.7,18.5,22.1,18.0,0.35,1.65,17.53,-25.27,-20.0,1.05,43808.0,20.78,-22.2,-0.44,25
Mphasis Ltd,Sep 2024,IT,Bull,23.27,15.85,22.6,4.08,16.95,2.7,18.5,22.1,18.0,0.35,1.65,16.2,3.63,7.63,1.05,43808.0,22.37,7.65,0.74,27
Mphasis Ltd,Sep 2025,IT,Bear,-6.03,7.78,22.6,4.08,16.95,2.7,18.5,22.1,18.0,0.35,1.65,16.41,5.18,5.16,1.05,43808.0,24.65,10.19,0.1,25
MRF Ltd,Dec 2023,Manufacturing,Bull,19.66,-6.7,22.1,2.59,16.58,0.18,12.5,15.7,17.0,0.35,1.65,11.72,4.53,4.31,1.05,54410.0,1201.83,8.7,0.65,34
MRF Ltd,Dec 2024,Manufacturing,Bear,-6.86,-4.84,22.1,2.59,16.58,0.18,12.5,15.7,12.0,0.35,1.65,8.88,4.53,4.31,1.05,54410.0,743.79,-38.11,0.36,31
MRF Ltd,Dec 2025,Manufacturing,Bull,2.77,-4.16,22.1,2.59,16.58,0.18,12.5,15.7,17.0,0.35,1.65,15.38,4.53,4.31,1.05,54410.0,1637.78,120.19,0.91,33
MRF Ltd,Jun 2023,Manufacturing,Bull,19.98,4.26,22.1,2.59,16.58,0.18,12.5,15.7,18.0,0.35,1.65,13.45,4.53,4.31,1.05,54410.0,1388.2,-15.24,0.05,32
MRF Ltd,Jun 2024,Manufacturing,Bull,-4.61,0.93,22.1,2.59,16.58,0.18,12.5,15.7,16.0,0.35,1.65,13.65,16.78,11.96,1.05,54410.0,1346.4,-3.01,0.89,34
MRF Ltd,Jun 2025,Manufacturing,Bull,25.94,1.42,22.1,2.59,16.58,0.18,12.5,15.7,14.0,0.35,1.65,10.92,9.64,59.37,1.05,54410.0,1183.23,-12.12,0.75,24
MRF Ltd,Jun 2026,Manufacturing,Bull,-0.99,-0.7,22.1,2.59,16.58,0.18,12.5,15.7,12.0,0.35,1.65,11.26,4.55,-28.78,1.05,54410.0,1167.98,-1.29,-0.3,30
MRF Ltd,Mar 2024,Manufacturing,Bull,3.06,-1.46,22.1,2.59,16.58,0.18,12.5,15.7,14.0,0.35,1.65,9.81,-1.41,-32.77,1.05,54410.0,933.96,-20.04,0.46,33
MRF Ltd,Mar 2025,Manufacturing,Bear,-12.9,-2.49,22.1,2.59,16.58,0.18,12.5,15.7,15.0,0.35,1.65,10.96,-1.68,-10.68,1.05,54410.0,1203.7,28.88,0.92,31
MRF Ltd,Mar 2026,Manufacturing,Bear,-15.2,-2.43,22.1,2.59,16.58,0.18,12.5,15.7,16.0,0.35,1.65,15.17,4.79,39.84,1.05,54410.0,1655.82,37.56,0.79,33
MRF Ltd,Sep 2023,Manufacturing,Bull,7.58,9.79,22.1,2.59,16.58,0.18,12.5,15.7,19.0,0.35,1.65,13.45,-26.13,18.59,1.05,54410.0,1383.27,-16.46,-0.53,29
MRF Ltd,Sep 2024,Manufacturing,Bull,6.97,10.24,22.1,2.59,16.58,0.18,12.5,15.7,15.0,0.35,1.65,12.04,8.38,18.94,1.05,54410.0,1109.85,-19.77,-0.53,33
MRF Ltd,Sep 2025,Manufacturing,Bear,2.49,-2.53,22.1,2.59,16.58,0.18,12.5,15.7,15.0,0.35,1.65,12.51,4.3,3.14,1.05,54410.0,1239.4,11.67,0.89,32
Mangalore Refinery And Petrochemicals Ltd,Dec 2023,Other,Bull,39.42,9.95,11.1,2.17,8.32,2.27,14.5,18.0,4.7,0.35,1.65,4.23,4.82,1.82,1.05,30821.0,2.24,8.7,0.78,23
Mangalore Refinery And Petrochemicals Ltd,Dec 2024,Other,Bear,-17.96,-11.76,11.1,2.17,8.32,2.27,14.5,18.0,4.7,0.35,1.65,3.91,4.82,1.82,1.05,30821.0,1.76,-21.43,0.57,27
Mangalore Refinery And Petrochemicals Ltd,Dec 2025,Other,Bull,14.04,5.83,11.1,2.17,8.32,2.27,14.5,18.0,11.0,0.35,1.65,12.72,4.82,1.82,1.05,30821.0,8.28,150.0,0.79,22
Mangalore Refinery And Petrochemicals Ltd,Jun 2023,Other,Bull,43.48,10.79,11.1,2.17,8.32,2.27,14.5,18.0,10.0,0.35,1.65,7.75,4.82,1.82,1.05,30821.0,5.79,-30.07,0.05,30
Mangalore Refinery And Petrochemicals Ltd,Jun 2024,Other,Bull,-6.3,-6.23,11.1,2.17,8.32,2.27,14.5,18.0,2.6,0.35,1.65,2.83,-5.76,-81.38,1.05,30821.0,0.42,-92.75,-0.18,28
Mangalore Refinery And Petrochemicals Ltd,Jun 2025,Other,Bull,6.47,2.46,11.1,2.17,8.32,2.27,14.5,18.0,1.0,0.35,1.65,0.7,-20.64,-187.7,1.05,30821.0,-1.54,-100.0,0.03,26
Mangalore Refinery And Petrochemicals Ltd,Jun 2026,Other,Bull,-19.06,-4.87,11.1,2.17,8.32,2.27,14.5,18.0,3.4,0.35,1.65,5.4,54.8,-34.8,1.05,30821.0,5.4,150.0,0.93,26
Mangalore Refinery And Petrochemicals Ltd,Mar 2024,Other,Bull,65.56,2.22,11.1,2.17,8.32,2.27,14.5,18.0,9.0,0.35,1.65,8.93,20.28,12.12,1.05,30821.0,6.5,20.37,0.92,23
Mangalore Refinery And Petrochemicals Ltd,Mar 2025,Other,Bear,-9.94,2.25,11.1,2.17,8.32,2.27,14.5,18.0,4.6,0.35,1.65,4.61,5.8,408.22,1.05,30821.0,2.11,-67.54,0.9,25
Mangalore Refinery And Petrochemicals Ltd,Mar 2026,Other,Bear,19.65,7.11,11.1,2.17,8.32,2.27,14.5,18.0,7.0,0.35,1.65,8.4,37.99,-143.17,1.05,30821.0,0.67,-68.25,-0.53,29
Mangalore Refinery And Petrochemicals Ltd,Sep 2023,Other,Bull,21.63,9.55,11.1,2.17,8.32,2.27,14.5,18.0,11.0,0.35,1.65,6.87,-49.41,11.21,1.05,30821.0,6.0,150.0,0.74,31
Mangalore Refinery And Petrochemicals Ltd,Sep 2024,Other,Bull,-14.78,1.14,11.1,2.17,8.32,2.27,14.5,18.0,-1.9,0.35,1.65,-1.66,-1.43,-161.25,1.05,30821.0,-3.98,-100.0,-0.25,27
Mangalore Refinery And Petrochemicals Ltd,Sep 2025,Other,Bear,-7.0,-18.4,11.1,2.17,8.32,2.27,14.5,18.0,7.0,0.35,1.65,6.8,-7.92,69.0,1.05,30821.0,3.58,150.0,0.92,27
Nippon Life India Asset Management Ltd,Dec 2023,Banking,Bull,35.47,-4.2,46.5,16.3,34.88,1.81,34.5,43.8,61.0,0.45,1.65,129.5,8.74,9.96,1.05,76108.0,4.53,8.7,0.75,28
Nippon Life India Asset Management Ltd,Dec 2024,Banking,Bear,7.29,-5.0,46.5,16.3,34.88,1.81,34.5,43.8,66.0,0.45,1.65,193.0,8.74,9.96,1.05,76108.0,4.66,2.87,0.88,34
Nippon Life India Asset Management Ltd,Dec 2025,Banking,Bull,1.44,3.76,46.5,16.3,34.88,1.81,34.5,43.8,67.0,0.45,1.65,235.0,8.74,9.96,1.05,76108.0,6.34,36.05,0.93,26
Nippon Life India Asset Management Ltd,Jun 2023,Banking,Bull,37.52,7.17,46.5,16.3,34.88,1.81,34.5,43.8,57.0,0.45,1.65,202.0,8.74,9.96,1.05,76108.0,3.78,-40.38,0.18,32
Nippon Life India Asset Management Ltd,Jun 2024,Banking,Bull,34.68,-1.86,46.5,16.3,34.88,1.81,34.5,43.8,63.0,0.45,1.65,158.0,19.39,16.9,1.05,76108.0,5.26,39.15,0.95,26
Nippon Life India Asset Management Ltd,Jun 2025,Banking,Bull,40.56,-0.11,46.5,16.3,34.88,1.81,34.5,43.8,64.0,0.45,1.65,194.0,3.23,34.24,1.05,76108.0,6.23,18.44,0.96,30
Nippon Life India Asset Management Ltd,Jun 2026,Banking,Bull,35.78,-0.69,46.5,16.3,34.88,1.81,34.5,43.8,66.0,0.45,1.65,254.0,8.79,24.75,1.05,76108.0,7.88,26.48,0.96,31
Nippon Life India Asset Management Ltd,Mar 2024,Banking,Bull,3.35,15.0,46.5,16.3,34.88,1.81,34.5,43.8,62.0,0.45,1.65,145.5,32.2,45.34,1.05,76108.0,5.44,-30.96,0.89,32
Nippon Life India Asset Management Ltd,Mar 2025,Banking,Bear,-23.26,3.25,46.5,16.3,34.88,1.81,34.5,43.8,64.0,0.45,1.65,182.5,12.28,-9.94,1.05,76108.0,4.7,-13.6,0.81,27
Nippon Life India Asset Management Ltd,Mar 2026,Banking,Bear,-8.39,-1.04,46.5,16.3,34.88,1.81,34.5,43.8,69.0,0.45,1.65,253.5,21.75,-2.78,1.05,76108.0,6.03,28.3,0.95,25
Nippon Life India Asset Management Ltd,Sep 2023,Banking,Bull,14.95,10.8,46.5,16.3,34.88,1.81,34.5,43.8,61.0,0.45,1.65,120.5,-48.24,-51.59,1.05,76108.0,3.91,-35.16,0.54,32
Nippon Life India Asset Management Ltd,Sep 2024,Banking,Bull,-1.84,14.11,46.5,16.3,34.88,1.81,34.5,43.8,66.0,0.45,1.65,187.0,22.01,4.96,1.05,76108.0,5.69,45.52,0.93,34
Nippon Life India Asset Management Ltd,Sep 2025,Banking,Bear,8.87,1.02,46.5,16.3,34.88,1.81,34.5,43.8,65.0,0.45,1.65,215.0,16.05,15.38,1.05,76108.0,5.41,-4.92,0.54,25
Natco Pharma Ltd,Dec 2023,Pharma,Bull,-6.41,0.15,12.8,1.58,9.6,0.61,17.1,17.4,35.0,0.35,1.65,53.6,8.41,5.51,1.05,14604.0,11.88,8.7,0.87,29
Natco Pharma Ltd,Dec 2024,Pharma,Bear,-0.82,7.86,12.8,1.58,9.6,0.61,17.1,17.4,8.0,0.35,1.65,9.75,8.41,5.51,1.05,14604.0,7.43,-37.46,-0.57,30
Natco Pharma Ltd,Dec 2025,Pharma,Bull,12.17,-7.88,12.8,1.58,9.6,0.61,17.1,17.4,25.0,0.35,1.65,15.9,8.41,5.51,1.05,14604.0,8.46,13.86,0.54,24
Natco Pharma Ltd,Jun 2023,Pharma,Bull,19.33,4.53,12.8,1.58,9.6,0.61,17.1,17.4,46.0,0.35,1.65,132.0,8.41,5.51,1.05,14604.0,23.47,150.0,0.88,24
Natco Pharma Ltd,Jun 2024,Pharma,Bull,19.84,8.46,12.8,1.58,9.6,0.61,17.1,17.4,59.0,0.35,1.65,161.0,79.58,213.62,1.05,14604.0,37.32,59.01,0.62,21
Natco Pharma Ltd,Jun 2025,Pharma,Bull,15.12,-1.17,12.8,1.58,9.6,0.61,17.1,17.4,43.0,0.35,1.65,190.33,123.91,263.64,1.05,14604.0,26.84,-28.08,0.92,22
Natco Pharma Ltd,Jun 2026,Pharma,Bull,-7.05,-3.88,12.8,1.58,9.6,0.61,17.1,17.4,25.0,0.35,1.65,14.31,13.6,36.42,1.05,14604.0,11.53,-57.04,0.88,23
Natco Pharma Ltd,Mar 2024,Pharma,Bull,16.48,23.17,12.8,1.58,9.6,0.61,17.1,17.4,47.0,0.35,1.65,82.83,-6.32,-8.1,1.05,14604.0,21.57,87.08,0.62,30
Natco Pharma Ltd,Mar 2025,Pharma,Bear,-42.74,10.79,12.8,1.58,9.6,0.61,17.1,17.4,45.0,0.35,1.65,54.8,-10.42,-39.22,1.05,14604.0,22.7,5.24,0.1,22
Natco Pharma Ltd,Mar 2026,Pharma,Bear,9.87,-27.95,12.8,1.58,9.6,0.61,17.1,17.4,17.0,0.35,1.65,11.64,-44.39,-43.96,1.05,14604.0,14.96,-34.1,-0.74,29
Natco Pharma Ltd,Sep 2023,Pharma,Bull,26.83,2.36,12.8,1.58,9.6,0.61,17.1,17.4,44.0,0.35,1.65,114.5,40.27,79.13,1.05,14604.0,20.6,37.7,0.78,24
Natco Pharma Ltd,Sep 2024,Pharma,Bull,18.67,6.48,12.8,1.58,9.6,0.61,17.1,17.4,59.0,0.35,1.65,201.0,28.37,75.13,1.05,14604.0,37.81,83.54,0.84,28
Natco Pharma Ltd,Sep 2025,Pharma,Bear,-14.54,10.47,12.8,1.58,9.6,0.61,17.1,17.4,42.0,0.35,1.65,44.54,11.63,27.59,1.05,14604.0,28.94,-23.46,0.91,24
National Aluminium Company Ltd,Dec 2023,Manufacturing,Bull,38.14,5.06,9.82,3.06,7.36,3.19,29.4,39.6,23.0,0.35,1.65,268.88,4.53,4.31,1.05,66302.0,2.56,8.7,0.38,29
National Aluminium Company Ltd,Dec 2024,Manufacturing,Bear,-4.05,-12.17,9.82,3.06,7.36,3.19,29.4,39.6,50.0,0.35,1.65,121.63,4.53,4.31,1.05,66302.0,8.53,150.0,0.9,32
National Aluminium Company Ltd,Dec 2025,Manufacturing,Bull,48.74,2.37,9.82,3.06,7.36,3.19,29.4,39.6,46.0,0.35,1.65,36.22,4.53,4.31,1.05,66302.0,8.69,1.88,0.88,32
National Aluminium Company Ltd,Jun 2023,Manufacturing,Bull,3.21,11.39,9.82,3.06,7.36,3.19,29.4,39.6,18.0,0.35,1.65,268.88,4.53,4.31,1.05,66302.0,1.82,-79.06,0.8,27
National Aluminium Company Ltd,Jun 2024,Manufacturing,Bull,15.86,10.43,9.82,3.06,7.36,3.19,29.4,39.6,32.0,0.35,1.65,268.88,-14.7,24.84,1.05,66302.0,3.2,75.82,0.87,30
National Aluminium Company Ltd,Jun 2025,Manufacturing,Bull,9.93,15.91,9.82,3.06,7.36,3.19,29.4,39.6,39.0,0.35,1.65,184.75,-18.34,-33.01,1.05,66302.0,5.71,78.44,0.91,26
National Aluminium Company Ltd,Jun 2026,Manufacturing,Bull,-14.56,2.17,9.82,3.06,7.36,3.19,29.4,39.6,51.0,0.35,1.65,268.88,12.07,25.58,1.05,66302.0,10.91,91.07,0.91,34
National Aluminium Company Ltd,Mar 2024,Manufacturing,Bull,13.45,1.27,9.82,3.06,7.36,3.19,29.4,39.6,30.0,0.35,1.65,120.89,12.58,198.5,1.05,66302.0,5.43,-50.23,0.9,30
National Aluminium Company Ltd,Mar 2025,Manufacturing,Bear,-16.28,3.99,9.82,3.06,7.36,3.19,29.4,39.6,52.0,0.35,1.65,85.72,84.45,251.53,1.05,66302.0,11.26,107.37,0.82,32
National Aluminium Company Ltd,Mar 2026,Manufacturing,Bear,24.26,-6.63,9.82,3.06,7.36,3.19,29.4,39.6,47.0,0.35,1.65,97.88,31.68,64.16,1.05,66302.0,9.38,-16.7,0.7,26
National Aluminium Company Ltd,Sep 2023,Manufacturing,Bull,17.87,19.23,9.82,3.06,7.36,3.19,29.4,39.6,12.0,0.35,1.65,94.5,-42.61,-90.66,1.05,66302.0,1.02,-89.13,0.6,28
National Aluminium Company Ltd,Sep 2024,Manufacturing,Bull,11.14,-4.07,9.82,3.06,7.36,3.19,29.4,39.6,38.0,0.35,1.65,268.88,11.79,4.91,1.05,66302.0,5.7,150.0,0.77,26
National Aluminium Company Ltd,Sep 2025,Manufacturing,Bear,13.73,6.88,9.82,3.06,7.36,3.19,29.4,39.6,45.0,0.35,1.65,240.38,-18.53,-30.82,1.05,66302.0,7.79,36.67,0.9,33
Info Edge (India) Ltd,Dec 2023,Other,Bull,25.19,-2.4,55.0,2.14,41.25,0.67,1.81,3.45,29.0,0.35,1.65,36.6,4.82,1.82,1.05,81104.0,2.34,8.7,0.2,33
Info Edge (India) Ltd,Dec 2024,Other,Bear,6.04,1.51,55.0,2.14,41.25,0.67,1.81,3.45,37.0,0.35,1.65,44.33,4.82,1.82,1.05,81104.0,3.74,59.83,0.86,29
Info Edge (India) Ltd,Dec 2025,Other,Bull,-0.2,-11.71,55.0,2.14,41.25,0.67,1.81,3.45,36.0,0.35,1.65,42.0,4.82,1.82,1.05,81104.0,4.19,12.03,0.59,33
Info Edge (India) Ltd,Jun 2023,Other,Bull,21.32,2.46,55.0,2.14,41.25,0.67,1.81,3.45,29.0,0.35,1.65,45.25,4.82,1.82,1.05,81104.0,2.46,-41.29,0.05,26
Info Edge (India) Ltd,Jun 2024,Other,Bull,18.86,4.2,55.0,2.14,41.25,0.67,1.81,3.45,31.0,0.35,1.65,35.0,7.97,117.65,1.05,81104.0,3.6,46.34,0.82,32
Info Edge (India) Ltd,Jun 2025,Other,Bull,9.36,0.52,55.0,2.14,41.25,0.67,1.81,3.45,33.0,0.35,1.65,37.14,9.56,19.1,1.05,81104.0,4.57,26.94,0.89,27
Info Edge (India) Ltd,Jun 2026,Other,Bull,-0.74,-0.13,55.0,2.14,41.25,0.67,1.81,3.45,39.0,0.35,1.65,56.83,7.57,54.57,1.05,81104.0,6.87,50.33,0.78,30
Info Edge (India) Ltd,Mar 2024,Other,Bull,8.59,5.07,55.0,2.14,41.25,0.67,1.81,3.45,31.0,0.35,1.65,34.0,4.95,-40.14,1.05,81104.0,0.93,-86.46,0.1,28
Info Edge (India) Ltd,Mar 2025,Other,Bear,-17.74,-2.94,55.0,2.14,41.25,0.67,1.81,3.45,31.0,0.35,1.65,38.67,10.78,161.78,1.05,81104.0,7.15,150.0,0.34,25
Info Edge (India) Ltd,Mar 2026,Other,Bear,-27.67,4.75,55.0,2.14,41.25,0.67,1.81,3.45,38.0,0.35,1.65,47.71,9.86,120.41,1.05,81104.0,8.73,22.1,0.8,35
Info Edge (India) Ltd,Sep 2023,Other,Bull,-6.77,10.29,55.0,2.14,41.25,0.67,1.81,3.45,21.0,0.35,1.65,16.25,-28.94,-51.02,1.05,81104.0,3.18,-63.57,-0.79,30
Info Edge (India) Ltd,Sep 2024,Other,Bull,16.96,14.84,55.0,2.14,41.25,0.67,1.81,3.45,22.0,0.35,1.65,25.67,6.7,-3.41,1.05,81104.0,0.36,-88.68,0.82,25
Info Edge (India) Ltd,Sep 2025,Other,Bear,-9.45,2.39,55.0,2.14,41.25,0.67,1.81,3.45,35.0,0.35,1.65,40.0,7.33,-48.67,1.05,81104.0,4.88,150.0,0.8,34
Nava Ltd,Dec 2023,Other,Bull,-0.31,-6.88,20.6,1.79,15.45,1.54,9.33,12.8,44.0,0.35,1.65,8.91,4.82,1.82,1.05,15635.0,11.31,8.7,0.64,27
Nava Ltd,Dec 2024,Other,Bear,-10.69,3.53,20.6,1.79,15.45,1.54,9.33,12.8,53.0,0.35,1.65,75.0,4.82,1.82,1.05,15635.0,8.63,-23.7,-0.49,23
Nava Ltd,Dec 2025,Other,Bull,-11.71,4.34,20.6,1.79,15.45,1.54,9.33,12.8,45.0,0.35,1.65,268.88,4.82,1.82,1.05,15635.0,7.84,-9.15,0.27,27
Nava Ltd,Jun 2023,Other,Bull,35.86,-0.22,20.6,1.79,15.45,1.54,9.33,12.8,51.0,0.35,1.65,6.7,4.82,1.82,1.05,15635.0,9.0,14.8,0.76,23
Nava Ltd,Jun 2024,Other,Bull,49.79,17.52,20.6,1.79,15.45,1.54,9.33,12.8,48.0,0.35,1.65,65.56,31.4,-4.09,1.05,15635.0,12.26,36.22,0.62,25
Nava Ltd,Jun 2025,Other,Bull,15.01,21.53,20.6,1.79,15.45,1.54,9.33,12.8,49.0,0.35,1.65,268.88,41.69,13.03,1.05,15635.0,10.88,-11.26,-0.13,21
Nava Ltd,Jun 2026,Other,Bull,7.62,0.93,20.6,1.79,15.45,1.54,9.33,12.8,43.0,0.35,1.65,263.0,22.3,2.15,1.05,15635.0,9.79,-10.02,0.36,30
Nava Ltd,Mar 2024,Other,Bull,8.67,22.87,20.6,1.79,15.45,1.54,9.33,12.8,41.0,0.35,1.65,7.21,-11.32,-25.66,1.05,15635.0,7.11,-27.37,-0.46,28
Nava Ltd,Mar 2025,Other,Bear,3.75,17.42,20.6,1.79,15.45,1.54,9.33,12.8,37.0,0.35,1.65,76.4,-16.69,-32.06,1.05,15635.0,8.28,16.46,0.9,31
Nava Ltd,Mar 2026,Other,Bear,-5.94,-7.04,20.6,1.79,15.45,1.54,9.33,12.8,32.0,0.35,1.65,53.0,-4.19,-65.91,1.05,15635.0,4.49,-45.77,-0.7,30
Nava Ltd,Sep 2023,Other,Bull,48.34,11.18,20.6,1.79,15.45,1.54,9.33,12.8,39.0,0.35,1.65,3.78,-23.93,-42.04,1.05,15635.0,5.11,13.81,0.2,26
Nava Ltd,Sep 2024,Other,Bull,53.71,6.59,20.6,1.79,15.45,1.54,9.33,12.8,46.0,0.35,1.65,59.14,-2.6,30.2,1.05,15635.0,8.65,69.28,0.25,21
Nava Ltd,Sep 2025,Other,Bear,10.86,3.45,20.6,1.79,15.45,1.54,9.33,12.8,33.0,0.35,1.65,105.0,-5.3,-41.25,1.05,15635.0,4.58,-47.05,-0.85,26
Navin Fluorine International Ltd,Dec 2023,Chemicals,Bull,1.08,2.92,55.1,11.02,41.32,0.18,19.6,21.0,15.0,0.35,1.65,4.22,4.4,0.0,1.05,43841.0,15.74,8.7,0.66,25
Navin Fluorine International Ltd,Dec 2024,Chemicals,Bear,-9.77,-4.0,55.1,11.02,41.32,0.18,19.6,21.0,24.0,0.35,1.65,7.35,4.4,0.0,1.05,43841.0,16.86,7.12,0.44,29
Navin Fluorine International Ltd,Dec 2025,Chemicals,Bull,28.0,0.74,55.1,11.02,41.32,0.18,19.6,21.0,34.0,0.35,1.65,11.0,4.4,0.0,1.05,43841.0,36.18,114.59,-0.05,25
Navin Fluorine International Ltd,Jun 2023,Chemicals,Bull,6.33,1.09,55.1,11.02,41.32,0.18,19.6,21.0,23.0,0.35,1.65,6.0,4.4,0.0,1.05,43841.0,12.41,-65.7,0.62,25
Navin Fluorine International Ltd,Jun 2024,Chemicals,Bull,14.17,-1.67,55.1,11.02,41.32,0.18,19.6,21.0,19.0,0.35,1.65,6.25,4.8,-34.62,1.05,43841.0,10.32,-16.84,-0.57,28
Navin Fluorine International Ltd,Jun 2025,Chemicals,Bull,14.81,-4.99,55.1,11.02,41.32,0.18,19.6,21.0,29.0,0.35,1.65,6.9,19.64,39.29,1.05,43841.0,23.62,128.88,0.92,29
Navin Fluorine International Ltd,Jun 2026,Chemicals,Bull,27.55,4.5,55.1,11.02,41.32,0.18,19.6,21.0,34.0,0.35,1.65,11.16,17.15,31.35,1.05,43841.0,47.43,100.8,0.92,27
Navin Fluorine International Ltd,Mar 2024,Chemicals,Bull,-19.27,6.65,55.1,11.02,41.32,0.18,19.6,21.0,18.0,0.35,1.65,6.47,22.61,12.9,1.05,43841.0,14.19,-70.08,0.13,33
Navin Fluorine International Ltd,Mar 2025,Chemicals,Bear,28.37,5.88,55.1,11.02,41.32,0.18,19.6,21.0,26.0,0.35,1.65,6.39,33.78,86.27,1.05,43841.0,19.15,34.95,0.71,33
Navin Fluorine International Ltd,Mar 2026,Chemicals,Bear,3.88,4.44,55.1,11.02,41.32,0.18,19.6,21.0,34.0,0.35,1.65,11.07,29.38,82.05,1.05,43841.0,41.48,116.61,0.8,29
Navin Fluorine International Ltd,Sep 2023,Chemicals,Bull,-15.65,6.18,55.1,11.02,41.32,0.18,19.6,21.0,21.0,0.35,1.65,4.9,-54.83,-74.9,1.05,43841.0,12.22,-70.54,-0.46,30
Navin Fluorine International Ltd,Sep 2024,Chemicals,Bull,-4.78,9.14,55.1,11.02,41.32,0.18,19.6,21.0,21.0,0.35,1.65,7.64,-13.79,-15.71,1.05,43841.0,11.86,-2.95,-0.34,27
Navin Fluorine International Ltd,Sep 2025,Chemicals,Bear,-5.31,2.35,55.1,11.02,41.32,0.18,19.6,21.0,32.0,0.35,1.65,8.2,8.13,55.79,1.05,43841.0,28.96,144.18,0.9,27
NBCC (India) Ltd,Dec 2023,Manufacturing,Bull,39.88,2.18,32.7,7.4,24.52,1.21,20.4,29.3,4.8,0.35,1.65,10.08,4.53,4.31,1.05,22383.0,0.41,8.7,0.8,22
NBCC (India) Ltd,Dec 2024,Manufacturing,Bear,-22.62,-18.42,32.7,7.4,24.52,1.21,20.4,29.3,5.0,0.35,1.65,10.08,4.53,4.31,1.05,22383.0,0.51,24.39,0.82,28
NBCC (India) Ltd,Dec 2025,Manufacturing,Bull,11.43,-4.38,32.7,7.4,24.52,1.21,20.4,29.3,3.8,0.35,1.65,10.08,4.53,4.31,1.05,22383.0,0.71,39.22,0.7,29
NBCC (India) Ltd,Jun 2023,Manufacturing,Bull,11.08,26.51,32.7,7.4,24.52,1.21,20.4,29.3,3.0,0.35,1.65,10.08,4.53,4.31,1.05,22383.0,0.28,-60.56,-0.44,24
NBCC (India) Ltd,Jun 2024,Manufacturing,Bull,25.77,-1.59,32.7,7.4,24.52,1.21,20.4,29.3,4.3,0.35,1.65,10.08,-11.59,-6.14,1.05,22383.0,0.39,39.29,0.79,32
NBCC (India) Ltd,Jun 2025,Manufacturing,Bull,50.37,0.96,32.7,7.4,24.52,1.21,20.4,29.3,4.6,0.35,1.65,10.08,-14.88,-4.93,1.05,22383.0,0.49,25.64,0.36,29
NBCC (India) Ltd,Jun 2026,Manufacturing,Bull,26.74,-2.0,32.7,7.4,24.52,1.21,20.4,29.3,7.0,0.35,1.65,10.08,-25.22,-19.8,1.05,22383.0,0.57,16.33,0.92,30
NBCC (India) Ltd,Mar 2024,Manufacturing,Bull,45.27,18.04,32.7,7.4,24.52,1.21,20.4,29.3,6.0,0.35,1.65,10.08,108.34,83.12,1.05,22383.0,0.5,-12.28,0.92,27
NBCC (India) Ltd,Mar 2025,Manufacturing,Bear,-11.33,13.04,32.7,7.4,24.52,1.21,20.4,29.3,6.0,0.35,1.65,10.08,116.71,71.03,1.05,22383.0,0.65,30.0,0.78,30
NBCC (India) Ltd,Mar 2026,Manufacturing,Bear,-36.43,12.09,32.7,7.4,24.52,1.21,20.4,29.3,6.0,0.35,1.65,10.08,90.72,88.15,1.05,22383.0,0.89,36.92,0.88,23
NBCC (India) Ltd,Sep 2023,Manufacturing,Bull,50.43,20.47,32.7,7.4,24.52,1.21,20.4,29.3,4.6,0.35,1.65,10.08,-8.89,-48.1,1.05,22383.0,0.29,-67.42,-0.3,28
NBCC (India) Ltd,Sep 2024,Manufacturing,Bull,14.89,10.33,32.7,7.4,24.52,1.21,20.4,29.3,4.1,0.35,1.65,10.08,-38.79,-11.35,1.05,22383.0,0.45,55.17,0.36,31
NBCC (India) Ltd,Sep 2025,Manufacturing,Bear,-12.8,-1.04,32.7,7.4,24.52,1.21,20.4,29.3,3.6,0.35,1.65,10.08,-37.25,-14.21,1.05,22383.0,0.57,26.67,0.92,25
NCC Ltd,Dec 2023,Manufacturing,Bull,3.83,12.32,12.2,1.13,9.15,1.56,9.19,16.8,10.0,0.35,1.65,3.24,4.53,4.31,1.05,8849.0,3.51,8.7,0.2,29
NCC Ltd,Dec 2024,Manufacturing,Bear,-10.0,4.46,12.2,1.13,9.15,1.56,9.19,16.8,8.0,0.35,1.65,2.66,4.53,4.31,1.05,8849.0,3.08,-12.25,-0.4,26
NCC Ltd,Dec 2025,Manufacturing,Bull,-23.57,-3.41,12.2,1.13,9.15,1.56,9.19,16.8,9.0,0.35,1.65,2.22,4.53,4.31,1.05,8849.0,1.95,-36.69,0.57,23
NCC Ltd,Jun 2023,Manufacturing,Bull,14.17,-5.03,12.2,1.13,9.15,1.56,9.19,16.8,9.0,0.35,1.65,3.1,4.53,4.31,1.05,8849.0,2.76,41.54,0.91,19
NCC Ltd,Jun 2024,Manufacturing,Bull,30.2,2.92,12.2,1.13,9.15,1.56,9.19,16.8,9.0,0.35,1.65,3.08,5.1,-3.46,1.05,8849.0,3.34,21.01,0.93,26
NCC Ltd,Jun 2025,Manufacturing,Bull,8.06,-4.68,12.2,1.13,9.15,1.56,9.19,16.8,9.0,0.35,1.65,2.78,-3.11,-0.49,1.05,8849.0,3.06,-8.38,0.76,23
NCC Ltd,Jun 2026,Manufacturing,Bull,6.94,6.46,12.2,1.13,9.15,1.56,9.19,16.8,9.0,0.35,1.65,2.75,19.39,69.63,1.05,8849.0,3.45,12.75,0.64,19
NCC Ltd,Mar 2024,Manufacturing,Bull,39.51,30.71,12.2,1.13,9.15,1.56,9.19,16.8,8.0,0.35,1.65,3.6,48.06,29.89,1.05,8849.0,3.81,10.43,0.82,22
NCC Ltd,Mar 2025,Manufacturing,Bear,-24.51,-1.25,12.2,1.13,9.15,1.56,9.19,16.8,9.0,0.35,1.65,2.88,10.91,18.83,1.05,8849.0,4.04,6.04,0.64,21
NCC Ltd,Mar 2026,Manufacturing,Bear,-18.98,-5.59,12.2,1.13,9.15,1.56,9.19,16.8,9.0,0.35,1.65,2.58,20.35,5.85,1.05,8849.0,3.28,-18.81,-0.53,27
NCC Ltd,Sep 2023,Manufacturing,Bull,29.18,4.75,12.2,1.13,9.15,1.56,9.19,16.8,6.0,0.35,1.65,1.99,-18.79,-62.45,1.05,8849.0,1.23,-62.5,-0.03,21
NCC Ltd,Sep 2024,Manufacturing,Bull,-5.36,9.02,12.2,1.13,9.15,1.56,9.19,16.8,9.0,0.35,1.65,2.65,-19.88,-26.78,1.05,8849.0,2.6,111.38,0.87,26
NCC Ltd,Sep 2025,Manufacturing,Bear,-10.24,-12.23,12.2,1.13,9.15,1.56,9.19,16.8,9.0,0.35,1.65,2.28,-25.9,-36.98,1.05,8849.0,2.46,-5.38,0.46,19
Neuland Laboratories Ltd,Dec 2023,Pharma,Bull,41.46,0.29,60.7,16.11,45.53,0.14,21.2,26.5,31.0,0.35,1.65,30.25,8.41,5.51,1.05,30195.0,63.44,8.7,0.71,29
Neuland Laboratories Ltd,Dec 2024,Pharma,Bear,9.72,-13.46,60.7,16.11,45.53,0.14,21.2,26.5,22.0,0.35,1.65,43.5,8.41,5.51,1.05,30195.0,79.18,24.81,0.25,32
Neuland Laboratories Ltd,Dec 2025,Pharma,Bull,-1.37,-6.38,60.7,16.11,45.53,0.14,21.2,26.5,18.0,0.35,1.65,11.0,8.41,5.51,1.05,30195.0,31.62,-60.07,-0.68,27
Neuland Laboratories Ltd,Jun 2023,Pharma,Bull,48.5,-16.8,60.7,16.11,45.53,0.14,21.2,26.5,27.0,0.35,1.65,48.5,8.41,5.51,1.05,30195.0,48.23,52.53,0.79,28
Neuland Laboratories Ltd,Jun 2024,Pharma,Bull,19.46,7.31,60.7,16.11,45.53,0.14,21.2,26.5,28.0,0.35,1.65,41.0,11.96,20.99,1.05,30195.0,76.28,58.16,0.82,26
Neuland Laboratories Ltd,Jun 2025,Pharma,Bull,4.49,18.6,60.7,16.11,45.53,0.14,21.2,26.5,12.0,0.35,1.65,6.8,-26.38,-86.27,1.05,30195.0,10.83,-85.8,-0.74,25
Neuland Laboratories Ltd,Jun 2026,Pharma,Bull,47.3,-1.93,60.7,16.11,45.53,0.14,21.2,26.5,35.0,0.35,1.65,31.86,45.91,260.98,1.05,30195.0,115.1,150.0,0.88,31
Neuland Laboratories Ltd,Mar 2024,Pharma,Bull,19.68,3.98,60.7,16.11,45.53,0.14,21.2,26.5,28.0,0.35,1.65,26.75,6.06,9.68,1.05,30195.0,52.66,-54.25,-0.56,29
Neuland Laboratories Ltd,Mar 2025,Pharma,Bear,-15.55,11.25,60.7,16.11,45.53,0.14,21.2,26.5,16.0,0.35,1.65,25.5,-25.45,-71.43,1.05,30195.0,21.68,-58.83,0.54,31
Neuland Laboratories Ltd,Mar 2026,Pharma,Bear,-20.14,3.66,60.7,16.11,45.53,0.14,21.2,26.5,40.0,0.35,1.65,43.86,123.91,724.9,1.05,30195.0,165.76,150.0,0.79,28
Neuland Laboratories Ltd,Sep 2023,Pharma,Bull,30.48,-2.68,60.7,16.11,45.53,0.14,21.2,26.5,33.0,0.35,1.65,34.25,-34.89,-39.86,1.05,30195.0,69.56,-58.04,0.2,27
Neuland Laboratories Ltd,Sep 2024,Pharma,Bull,60.77,2.0,60.7,16.11,45.53,0.14,21.2,26.5,20.0,0.35,1.65,62.0,-19.22,-51.47,1.05,30195.0,25.6,-63.2,-0.76,30
Neuland Laboratories Ltd,Sep 2025,Pharma,Bear,23.06,-5.28,60.7,16.11,45.53,0.14,21.2,26.5,30.0,0.35,1.65,31.2,56.71,246.43,1.05,30195.0,75.49,150.0,0.8,27
Newgen Software Technologies Ltd,Dec 2023,IT,Bull,77.26,1.24,20.8,4.01,15.6,1.2,19.6,25.0,24.0,0.35,1.65,77.0,5.5,7.6,1.05,7145.0,4.88,8.7,-0.32,21
Newgen Software Technologies Ltd,Dec 2024,IT,Bear,29.05,-4.44,20.8,4.01,15.6,1.2,19.6,25.0,28.0,0.35,1.65,108.0,5.5,7.6,1.05,7145.0,6.34,29.92,0.93,27
Newgen Software Technologies Ltd,Dec 2025,IT,Bull,-6.08,-3.19,20.8,4.01,15.6,1.2,19.6,25.0,27.0,0.35,1.65,53.0,5.5,7.6,1.05,7145.0,4.41,-30.44,-0.46,19
Newgen Software Technologies Ltd,Jun 2023,IT,Bull,53.36,-5.04,20.8,4.01,15.6,1.2,19.6,25.0,13.0,0.35,1.65,32.0,5.5,7.6,1.05,7145.0,2.16,-51.02,0.57,29
Newgen Software Technologies Ltd,Jun 2024,IT,Bull,22.32,9.73,20.8,4.01,15.6,1.2,19.6,25.0,15.0,0.35,1.65,48.0,-2.78,-29.41,1.05,7145.0,3.39,56.94,0.92,23
Newgen Software Technologies Ltd,Jun 2025,IT,Bull,18.13,0.11,20.8,4.01,15.6,1.2,19.6,25.0,14.0,0.35,1.65,45.0,-15.75,-43.82,1.05,7145.0,3.51,3.54,0.15,20
Newgen Software Technologies Ltd,Jun 2026,IT,Bull,9.21,6.03,20.8,4.01,15.6,1.2,19.6,25.0,16.0,0.35,1.65,56.0,-10.75,0.0,1.05,7145.0,4.41,25.64,0.77,28
Newgen Software Technologies Ltd,Mar 2024,IT,Bull,0.02,-6.56,20.8,4.01,15.6,1.2,19.6,25.0,33.0,0.35,1.65,123.0,48.81,250.0,1.05,7145.0,7.5,70.07,0.87,26
Newgen Software Technologies Ltd,Mar 2025,IT,Bear,-41.38,1.28,20.8,4.01,15.6,1.2,19.6,25.0,32.0,0.35,1.65,137.0,36.51,125.0,1.05,7145.0,7.65,2.0,0.78,23
Newgen Software Technologies Ltd,Mar 2026,IT,Bear,-51.81,-1.7,20.8,4.01,15.6,1.2,19.6,25.0,34.0,0.35,1.65,152.0,41.12,112.0,1.05,7145.0,7.47,-2.35,0.89,27
Newgen Software Technologies Ltd,Sep 2023,IT,Bull,35.77,23.87,20.8,4.01,15.6,1.2,19.6,25.0,20.0,0.35,1.65,57.0,-17.93,-23.81,1.05,7145.0,3.41,-54.35,0.53,26
Newgen Software Technologies Ltd,Sep 2024,IT,Bull,33.99,33.13,20.8,4.01,15.6,1.2,19.6,25.0,23.0,0.35,1.65,83.0,-3.73,-33.33,1.05,7145.0,5.01,46.92,0.8,20
Newgen Software Technologies Ltd,Sep 2025,IT,Bear,-21.94,-6.63,20.8,4.01,15.6,1.2,19.6,25.0,26.0,0.35,1.65,102.0,-6.74,-24.07,1.05,7145.0,5.77,15.17,0.57,25
Narayana Hrudayalaya Ltd,Dec 2023,Pharma,Bull,9.1,12.32,44.3,8.42,33.22,0.24,20.5,15.5,23.0,0.35,1.65,11.16,8.41,5.51,1.05,38199.0,9.2,8.7,0.79,26
Narayana Hrudayalaya Ltd,Dec 2024,Pharma,Bear,2.9,-8.17,44.3,8.42,33.22,0.24,20.5,15.5,23.0,0.35,1.65,8.3,8.41,5.51,1.05,38199.0,9.44,2.61,0.62,32
Narayana Hrudayalaya Ltd,Dec 2025,Pharma,Bull,9.27,18.95,44.3,8.42,33.22,0.24,20.5,15.5,17.0,0.35,1.65,5.62,8.41,5.51,1.05,38199.0,6.2,-34.32,-0.68,33
Narayana Hrudayalaya Ltd,Jun 2023,Pharma,Bull,29.11,10.4,44.3,8.42,33.22,0.24,20.5,15.5,22.0,0.35,1.65,12.9,8.41,5.51,1.05,38199.0,9.0,45.16,0.82,23
Narayana Hrudayalaya Ltd,Jun 2024,Pharma,Bull,-7.06,10.46,44.3,8.42,33.22,0.24,20.5,15.5,23.0,0.35,1.65,8.88,8.47,7.45,1.05,38199.0,9.85,9.44,0.57,30
Narayana Hrudayalaya Ltd,Jun 2025,Pharma,Bull,29.44,-3.81,44.3,8.42,33.22,0.24,20.5,15.5,22.0,0.35,1.65,7.49,12.88,2.07,1.05,38199.0,9.62,-2.34,0.23,23
Narayana Hrudayalaya Ltd,Jun 2026,Pharma,Bull,20.58,5.67,44.3,8.42,33.22,0.24,20.5,15.5,17.0,0.35,1.65,5.38,24.78,62.99,1.05,38199.0,10.14,5.41,0.71,33
Narayana Hrudayalaya Ltd,Mar 2024,Pharma,Bull,6.68,-1.19,44.3,8.42,33.22,0.24,20.5,15.5,23.0,0.35,1.65,10.39,1.05,3.8,1.05,38199.0,9.33,-7.99,-0.08,25
Narayana Hrudayalaya Ltd,Mar 2025,Pharma,Bear,28.92,6.83,44.3,8.42,33.22,0.24,20.5,15.5,24.0,0.35,1.65,8.73,12.94,-2.48,1.05,38199.0,9.65,3.43,0.53,25
Narayana Hrudayalaya Ltd,Mar 2026,Pharma,Bear,-17.01,2.87,44.3,8.42,33.22,0.24,20.5,15.5,20.0,0.35,1.65,5.58,72.13,13.71,1.05,38199.0,10.96,13.58,0.57,28
Narayana Hrudayalaya Ltd,Sep 2023,Pharma,Bull,10.54,5.25,44.3,8.42,33.22,0.24,20.5,15.5,24.0,0.35,1.65,13.39,-51.38,9.66,1.05,38199.0,11.09,1.19,0.77,31
Narayana Hrudayalaya Ltd,Sep 2024,Pharma,Bull,3.2,2.1,44.3,8.42,33.22,0.24,20.5,15.5,23.0,0.35,1.65,8.83,9.71,4.19,1.05,38199.0,9.72,-12.35,-0.46,25
Narayana Hrudayalaya Ltd,Sep 2025,Pharma,Bear,-16.82,-5.38,44.3,8.42,33.22,0.24,20.5,15.5,24.0,0.35,1.65,9.55,11.46,30.96,1.05,38199.0,12.64,30.04,0.81,29
NHPC Ltd,Dec 2023,Other,Bull,21.54,6.21,20.2,1.85,15.15,2.11,9.32,5.75,37.0,0.35,1.65,5.65,4.82,1.82,1.05,76724.0,0.48,8.7,0.74,27
NHPC Ltd,Dec 2024,Other,Bear,-15.11,-9.05,20.2,1.85,15.15,2.11,9.32,5.75,44.0,0.35,1.65,1.56,4.82,1.82,1.05,76724.0,0.23,-52.08,0.46,34
NHPC Ltd,Dec 2025,Other,Bull,-8.28,6.99,20.2,1.85,15.15,2.11,9.32,5.75,10.0,0.35,1.65,0.68,4.82,1.82,1.05,76724.0,0.22,-4.35,0.62,30
NHPC Ltd,Jun 2023,Other,Bull,14.02,13.38,20.2,1.85,15.15,2.11,9.32,5.75,55.0,0.35,1.65,13.81,4.82,1.82,1.05,76724.0,1.03,150.0,0.79,33
NHPC Ltd,Jun 2024,Other,Bull,11.27,0.16,20.2,1.85,15.15,2.11,9.32,5.75,60.0,0.35,1.65,6.59,31.03,76.89,1.05,76724.0,1.02,-0.97,0.82,28
NHPC Ltd,Jun 2025,Other,Bull,4.47,0.87,20.2,1.85,15.15,2.11,9.32,5.75,56.0,0.35,1.65,6.9,40.53,242.73,1.05,76724.0,1.06,3.92,0.92,35
NHPC Ltd,Jun 2026,Other,Bull,7.88,-2.32,20.2,1.85,15.15,2.11,9.32,5.75,62.0,0.35,1.65,3.88,71.45,266.98,1.05,76724.0,1.09,2.83,0.77,31
NHPC Ltd,Mar 2024,Other,Bull,37.68,5.33,20.2,1.85,15.15,2.11,9.32,5.75,61.0,0.35,1.65,3.16,-31.56,-44.75,1.05,76724.0,0.54,-50.46,0.82,32
NHPC Ltd,Mar 2025,Other,Bear,2.25,-1.02,20.2,1.85,15.15,2.11,9.32,5.75,51.0,0.35,1.65,7.03,-12.88,-16.52,1.05,76724.0,0.85,57.41,0.78,26
NHPC Ltd,Mar 2026,Other,Bear,-5.67,-3.91,20.2,1.85,15.15,2.11,9.32,5.75,23.0,0.35,1.65,1.11,-12.38,36.96,1.05,76724.0,1.45,70.59,0.9,33
NHPC Ltd,Sep 2023,Other,Bull,17.22,25.82,20.2,1.85,15.15,2.11,9.32,5.75,60.0,0.35,1.65,15.24,-23.03,43.72,1.05,76724.0,1.54,6.21,0.74,25
NHPC Ltd,Sep 2024,Other,Bull,-4.66,9.31,20.2,1.85,15.15,2.11,9.32,5.75,59.0,0.35,1.65,5.86,61.74,75.21,1.05,76724.0,0.9,-41.56,0.88,29
NHPC Ltd,Sep 2025,Other,Bear,1.6,-4.97,20.2,1.85,15.15,2.11,9.32,5.75,60.0,0.35,1.65,7.29,43.37,32.5,1.05,76724.0,1.02,13.33,0.82,33
New India Assurance Company Ltd,Dec 2023,Banking,Bull,50.9,-5.73,42.5,1.14,31.88,0.76,4.92,4.29,8.0,0.45,1.65,14.93,8.74,9.96,1.05,32695.0,4.38,8.7,0.74,23
New India Assurance Company Ltd,Dec 2024,Banking,Bear,-12.67,-5.42,42.5,1.14,31.88,0.76,4.92,4.29,0.9,0.45,1.65,14.93,8.74,9.96,1.05,32695.0,2.12,-51.6,0.61,29
New India Assurance Company Ltd,Dec 2025,Banking,Bull,-18.2,-7.19,42.5,1.14,31.88,0.76,4.92,4.29,1.7,0.45,1.65,14.93,8.74,9.96,1.05,32695.0,2.31,8.96,0.94,25
New India Assurance Company Ltd,Jun 2023,Banking,Bull,18.37,10.38,42.5,1.14,31.88,0.76,4.92,4.29,3.5,0.45,1.65,14.93,8.74,9.96,1.05,32695.0,1.58,-31.6,0.86,24
New India Assurance Company Ltd,Jun 2024,Banking,Bull,-1.17,3.47,42.5,1.14,31.88,0.76,4.92,4.29,2.6,0.45,1.65,14.93,-8.34,-66.34,1.05,32695.0,1.45,-8.23,0.42,32
New India Assurance Company Ltd,Jun 2025,Banking,Bull,21.83,-0.42,42.5,1.14,31.88,0.76,4.92,4.29,1.6,0.45,1.65,14.93,9.49,15.19,1.05,32695.0,2.43,67.59,0.93,30
New India Assurance Company Ltd,Jun 2026,Banking,Bull,43.94,1.47,42.5,1.14,31.88,0.76,4.92,4.29,-1.7,0.45,1.65,14.93,-1.4,-162.89,1.05,32695.0,-1.47,-100.0,-0.46,28
New India Assurance Company Ltd,Mar 2024,Banking,Bull,4.85,4.47,42.5,1.14,31.88,0.76,4.92,4.29,3.7,0.45,1.65,14.93,18.04,19.92,1.05,32695.0,1.89,150.0,0.95,30
New India Assurance Company Ltd,Mar 2025,Banking,Bear,-25.24,6.63,42.5,1.14,31.88,0.76,4.92,4.29,3.6,0.45,1.65,14.93,11.96,46.5,1.05,32695.0,2.18,15.34,0.87,23
New India Assurance Company Ltd,Mar 2026,Banking,Bear,-24.24,-7.41,42.5,1.14,31.88,0.76,4.92,4.29,0.1,0.45,1.65,14.93,7.04,44.28,1.05,32695.0,3.51,61.01,0.82,28
New India Assurance Company Ltd,Sep 2023,Banking,Bull,21.31,56.44,42.5,1.14,31.88,0.76,4.92,4.29,-2.3,0.45,1.65,14.93,-11.2,-26.78,1.05,32695.0,-1.07,-100.0,0.75,31
New India Assurance Company Ltd,Sep 2024,Banking,Bull,-5.39,15.35,42.5,1.14,31.88,0.76,4.92,4.29,1.3,0.45,1.65,14.93,-7.7,-70.93,1.05,32695.0,0.54,150.0,0.93,25
New India Assurance Company Ltd,Sep 2025,Banking,Bear,-0.06,-7.57,42.5,1.14,31.88,0.76,4.92,4.29,-0.6,0.45,1.65,14.93,15.31,-84.55,1.05,32695.0,0.33,-38.89,-0.46,26
NLC India Ltd,Dec 2023,Other,Bull,92.08,7.92,11.4,1.7,8.55,1.46,11.9,8.42,29.0,0.35,1.65,4.41,4.82,1.82,1.05,36663.0,1.81,8.7,0.46,23
NLC India Ltd,Dec 2024,Other,Bear,-13.94,-17.48,11.4,1.7,8.55,1.46,11.9,8.42,23.0,0.35,1.65,4.37,4.82,1.82,1.05,36663.0,4.82,150.0,0.92,25
NLC India Ltd,Dec 2025,Other,Bull,-9.68,9.95,11.4,1.7,8.55,1.46,11.9,8.42,30.0,0.35,1.65,5.0,4.82,1.82,1.05,36663.0,4.8,-0.41,0.64,33
NLC India Ltd,Jun 2023,Other,Bull,40.3,4.38,11.4,1.7,8.55,1.46,11.9,8.42,36.0,0.35,1.65,5.17,4.82,1.82,1.05,36663.0,2.92,-39.17,-0.4,31
NLC India Ltd,Jun 2024,Other,Bull,3.76,3.1,11.4,1.7,8.55,1.46,11.9,8.42,32.0,0.35,1.65,5.72,6.7,123.23,1.05,36663.0,4.03,38.01,0.92,29
NLC India Ltd,Jun 2025,Other,Bull,-5.46,11.27,11.4,1.7,8.55,1.46,11.9,8.42,24.0,0.35,1.65,3.13,-13.26,20.55,1.05,36663.0,5.75,42.68,0.87,25
NLC India Ltd,Jun 2026,Other,Bull,13.7,-2.54,11.4,1.7,8.55,1.46,11.9,8.42,31.0,0.35,1.65,3.85,6.17,-39.78,1.05,36663.0,3.49,-39.3,0.72,26
NLC India Ltd,Mar 2024,Other,Bull,-8.29,1.04,11.4,1.7,8.55,1.46,11.9,8.42,9.0,0.35,1.65,1.67,6.79,-72.46,1.05,36663.0,0.82,-76.5,0.36,31
NLC India Ltd,Mar 2025,Other,Bear,1.66,-0.48,11.4,1.7,8.55,1.46,11.9,8.42,22.0,0.35,1.65,2.65,13.63,-17.46,1.05,36663.0,3.48,150.0,0.82,24
NLC India Ltd,Mar 2026,Other,Bear,6.35,-10.35,11.4,1.7,8.55,1.46,11.9,8.42,35.0,0.35,1.65,4.87,31.78,76.52,1.05,36663.0,10.05,150.0,0.9,30
NLC India Ltd,Sep 2023,Other,Bull,24.51,27.46,11.4,1.7,8.55,1.46,11.9,8.42,28.0,0.35,1.65,3.9,-36.87,149.08,1.05,36663.0,7.82,-22.19,0.91,29
NLC India Ltd,Sep 2024,Other,Bull,16.36,9.7,11.4,1.7,8.55,1.46,11.9,8.42,28.0,0.35,1.65,5.63,3.28,724.9,1.05,36663.0,6.58,-15.86,0.78,27
NLC India Ltd,Sep 2025,Other,Bear,26.37,-5.07,11.4,1.7,8.55,1.46,11.9,8.42,34.0,0.35,1.65,4.84,8.92,54.91,1.05,36663.0,4.8,-27.05,0.62,29
NMDC Ltd,Dec 2023,Manufacturing,Bull,41.61,0.51,9.71,2.13,7.28,3.03,23.4,27.6,37.0,0.35,1.65,62.72,4.53,4.31,1.05,72445.0,1.69,8.7,0.53,28
NMDC Ltd,Dec 2024,Manufacturing,Bear,-19.13,-17.67,9.71,2.13,7.28,3.03,23.4,27.6,36.0,0.35,1.65,38.89,4.53,4.31,1.05,72445.0,2.14,26.63,0.62,33
NMDC Ltd,Dec 2025,Manufacturing,Bull,9.2,3.76,9.71,2.13,7.28,3.03,23.4,27.6,28.0,0.35,1.65,61.26,4.53,4.31,1.05,72445.0,2.0,-6.54,0.1,33
NMDC Ltd,Jun 2023,Manufacturing,Bull,-6.06,31.13,9.71,2.13,7.28,3.03,23.4,27.6,37.0,0.35,1.65,268.88,4.53,4.31,1.05,72445.0,1.88,-6.0,-0.46,34
NMDC Ltd,Jun 2024,Manufacturing,Bull,15.73,1.49,9.71,2.13,7.28,3.03,23.4,27.6,43.0,0.35,1.65,101.74,0.07,32.86,1.05,72445.0,2.24,19.15,0.88,24
NMDC Ltd,Jun 2025,Manufacturing,Bull,0.33,9.9,9.71,2.13,7.28,3.03,23.4,27.6,37.0,0.35,1.65,91.78,2.6,4.68,1.05,72445.0,2.24,0.0,0.2,30
NMDC Ltd,Jun 2026,Manufacturing,Bull,8.94,1.47,9.71,2.13,7.28,3.03,23.4,27.6,36.0,0.35,1.65,112.18,-10.72,12.46,1.05,72445.0,2.25,0.45,-0.2,31
NMDC Ltd,Mar 2024,Manufacturing,Bull,-2.19,0.04,9.71,2.13,7.28,3.03,23.4,27.6,32.0,0.35,1.65,100.1,20.28,-14.7,1.05,72445.0,1.61,-28.44,-0.79,27
NMDC Ltd,Mar 2025,Manufacturing,Bear,8.02,0.44,9.71,2.13,7.28,3.03,23.4,27.6,29.0,0.35,1.65,31.55,29.39,-24.99,1.05,72445.0,1.68,4.35,-0.3,30
NMDC Ltd,Mar 2026,Manufacturing,Bear,-6.06,-0.53,9.71,2.13,7.28,3.03,23.4,27.6,23.0,0.35,1.65,51.84,68.32,3.0,1.05,72445.0,2.31,37.5,0.9,32
NMDC Ltd,Sep 2023,Manufacturing,Bull,40.88,14.81,9.71,2.13,7.28,3.03,23.4,27.6,30.0,0.35,1.65,62.63,-40.93,-48.08,1.05,72445.0,1.17,-49.35,0.82,27
NMDC Ltd,Sep 2024,Manufacturing,Bull,-1.99,4.95,9.71,2.13,7.28,3.03,23.4,27.6,28.0,0.35,1.65,47.79,-24.19,-14.54,1.05,72445.0,1.38,17.95,0.82,25
NMDC Ltd,Sep 2025,Manufacturing,Bear,13.93,2.63,9.71,2.13,7.28,3.03,23.4,27.6,31.0,0.35,1.65,249.12,-8.95,14.96,1.05,72445.0,1.93,39.86,-0.05,32
NTPC Green Energy Ltd,Dec 2023,Other,Bull,17.33,7.39,121.0,3.86,90.75,0.0,2.79,3.56,89.0,0.35,1.65,2.27,4.82,1.82,1.05,73259.0,0.12,8.7,0.92,27
NTPC Green Energy Ltd,Dec 2024,Other,Bear,4.55,3.75,121.0,3.86,90.75,0.0,2.79,3.56,84.0,0.35,1.65,2.06,4.82,1.82,1.05,73259.0,0.08,-33.33,0.59,33
NTPC Green Energy Ltd,Dec 2025,Other,Bull,-3.67,-10.1,121.0,3.86,90.75,0.0,2.79,3.56,82.0,0.35,1.65,2.33,4.82,1.82,1.05,73259.0,0.02,-75.0,0.67,26
NTPC Green Energy Ltd,Jun 2024,Other,Bull,12.07,4.29,121.0,3.86,90.75,0.0,2.79,3.56,89.0,0.35,1.65,2.8,4.82,1.82,1.05,73259.0,0.24,44.0,0.91,26
NTPC Green Energy Ltd,Jun 2025,Other,Bull,5.43,2.32,121.0,3.86,90.75,0.0,2.79,3.56,89.0,0.35,1.65,3.13,52.47,292.86,1.05,73259.0,0.26,8.33,0.92,34
NTPC Green Energy Ltd,Jun 2026,Other,Bull,-2.76,-1.43,121.0,3.86,90.75,0.0,2.79,3.56,89.0,0.35,1.65,3.07,119.21,362.12,1.05,73259.0,0.36,38.46,0.92,26
NTPC Green Energy Ltd,Mar 2024,Other,Bull,47.74,59.33,121.0,3.86,90.75,0.0,2.79,3.56,86.0,0.35,1.65,2.41,-22.21,376.47,1.05,73259.0,0.14,-61.11,0.9,26
NTPC Green Energy Ltd,Mar 2025,Other,Bear,-21.16,5.17,121.0,3.86,90.75,0.0,2.79,3.56,90.0,0.35,1.65,3.16,7.61,67.63,1.05,73259.0,0.28,100.0,0.86,34
NTPC Green Energy Ltd,Mar 2026,Other,Bear,-3.04,-8.95,121.0,3.86,90.75,0.0,2.79,3.56,85.0,0.35,1.65,3.01,34.26,-10.45,1.05,73259.0,0.23,-17.86,0.83,29
NTPC Green Energy Ltd,Sep 2024,Other,Bull,-14.1,18.48,121.0,3.86,90.75,0.0,2.79,3.56,83.0,0.35,1.65,2.15,-54.47,-87.87,1.05,73259.0,0.05,-78.26,0.59,28
NTPC Green Energy Ltd,Sep 2025,Other,Bear,-9.62,-8.78,121.0,3.86,90.75,0.0,2.79,3.56,86.0,0.35,1.65,2.56,20.47,6.17,1.05,73259.0,0.1,10.0,0.84,30
Nuvama Wealth Management Ltd,Dec 2023,Banking,Bull,56.17,17.74,29.6,7.69,22.2,1.6,27.4,17.5,53.0,0.45,1.65,2.6,8.74,9.96,1.05,32042.0,10.01,8.7,0.96,28
Nuvama Wealth Management Ltd,Dec 2024,Banking,Bear,7.12,0.13,29.6,7.69,22.2,1.6,27.4,17.5,56.0,0.45,1.65,2.59,8.74,9.96,1.05,32042.0,14.05,40.36,0.97,31
Nuvama Wealth Management Ltd,Dec 2025,Banking,Bull,15.16,0.88,29.6,7.69,22.2,1.6,27.4,17.5,55.0,0.45,1.65,2.51,8.74,9.96,1.05,32042.0,13.96,-0.64,0.76,26
Nuvama Wealth Management Ltd,Jun 2023,Banking,Bull,23.5,5.85,29.6,7.69,22.2,1.6,27.4,17.5,45.0,0.45,1.65,2.44,8.74,9.96,1.05,32042.0,7.02,-49.71,0.78,27
Nuvama Wealth Management Ltd,Jun 2024,Banking,Bull,7.07,13.19,29.6,7.69,22.2,1.6,27.4,17.5,52.0,0.45,1.65,2.69,12.84,25.57,1.05,32042.0,12.49,77.92,0.96,27
Nuvama Wealth Management Ltd,Jun 2025,Banking,Bull,40.3,-6.36,29.6,7.69,22.2,1.6,27.4,17.5,54.0,0.45,1.65,2.55,8.61,4.76,1.05,32042.0,14.66,17.37,0.94,23
Nuvama Wealth Management Ltd,Jun 2026,Banking,Bull,60.13,4.26,29.6,7.69,22.2,1.6,27.4,17.5,53.0,0.45,1.65,2.45,24.64,20.47,1.05,32042.0,16.75,14.26,0.96,32
Nuvama Wealth Management Ltd,Mar 2024,Banking,Bull,29.21,3.54,29.6,7.69,22.2,1.6,27.4,17.5,50.0,0.45,1.65,2.54,43.36,47.15,1.05,32042.0,10.24,-38.87,0.96,26
Nuvama Wealth Management Ltd,Mar 2025,Banking,Bear,-13.08,6.31,29.6,7.69,22.2,1.6,27.4,17.5,51.0,0.45,1.65,2.67,18.02,15.38,1.05,32042.0,14.2,38.67,0.96,26
Nuvama Wealth Management Ltd,Mar 2026,Banking,Bear,-20.39,8.89,29.6,7.69,22.2,1.6,27.4,17.5,50.0,0.45,1.65,2.44,13.0,1.89,1.05,32042.0,14.79,4.15,0.95,28
Nuvama Wealth Management Ltd,Sep 2023,Banking,Bull,-7.74,32.38,29.6,7.69,22.2,1.6,27.4,17.5,49.0,0.45,1.65,2.45,-46.58,-52.61,1.05,32042.0,8.28,-44.02,0.9,27
Nuvama Wealth Management Ltd,Sep 2024,Banking,Bull,37.95,4.54,29.6,7.69,22.2,1.6,27.4,17.5,54.0,0.45,1.65,2.82,13.35,41.99,1.05,32042.0,14.43,74.28,0.89,29
Nuvama Wealth Management Ltd,Sep 2025,Banking,Bear,-23.68,-1.24,29.6,7.69,22.2,1.6,27.4,17.5,52.0,0.45,1.65,2.5,1.34,-0.39,1.05,32042.0,14.09,-2.36,0.94,23
Nuvoco Vistas Corporation Ltd,Dec 2023,Manufacturing,Bull,2.22,-7.65,28.4,1.26,21.3,0.0,4.17,6.99,17.0,0.35,1.65,3.08,4.53,4.31,1.05,11792.0,0.87,8.7,0.08,20
Nuvoco Vistas Corporation Ltd,Dec 2024,Manufacturing,Bear,-2.9,-11.05,28.4,1.26,21.3,0.0,4.17,6.99,11.0,0.35,1.65,2.05,4.53,4.31,1.05,11792.0,-1.72,-100.0,0.0,21
Nuvoco Vistas Corporation Ltd,Dec 2025,Manufacturing,Bull,-15.89,-9.62,28.4,1.26,21.3,0.0,4.17,6.99,14.0,0.35,1.65,3.88,4.53,4.31,1.05,11792.0,1.37,150.0,0.82,28
Nuvoco Vistas Corporation Ltd,Jun 2023,Manufacturing,Bull,0.41,9.62,28.4,1.26,21.3,0.0,4.17,6.99,14.0,0.35,1.65,2.91,4.53,4.31,1.05,11792.0,0.4,-70.8,0.32,24
Nuvoco Vistas Corporation Ltd,Jun 2024,Manufacturing,Bull,13.33,6.22,28.4,1.26,21.3,0.0,4.17,6.99,13.0,0.35,1.65,2.7,8.88,-90.32,1.05,11792.0,0.08,-80.0,-0.68,24
Nuvoco Vistas Corporation Ltd,Jun 2025,Manufacturing,Bull,12.8,-4.7,28.4,1.26,21.3,0.0,4.17,6.99,18.0,0.35,1.65,4.44,19.26,-318.03,1.05,11792.0,3.73,150.0,0.92,20
Nuvoco Vistas Corporation Ltd,Jun 2026,Manufacturing,Bull,4.43,-1.89,28.4,1.26,21.3,0.0,4.17,6.99,18.0,0.35,1.65,8.11,15.85,226.53,1.05,11792.0,4.47,19.84,0.7,29
Nuvoco Vistas Corporation Ltd,Mar 2024,Manufacturing,Bull,-18.82,15.02,28.4,1.26,21.3,0.0,4.17,6.99,17.0,0.35,1.65,3.93,4.53,614.29,1.05,11792.0,2.81,-37.14,0.82,25
Nuvoco Vistas Corporation Ltd,Mar 2025,Manufacturing,Bear,-12.89,-2.06,28.4,1.26,21.3,0.0,4.17,6.99,18.0,0.35,1.65,4.88,15.4,724.9,1.05,11792.0,4.63,64.77,0.87,25
Nuvoco Vistas Corporation Ltd,Mar 2026,Manufacturing,Bear,-19.73,-4.97,28.4,1.26,21.3,0.0,4.17,6.99,18.0,0.35,1.65,7.26,15.11,6.02,1.05,11792.0,3.94,-14.9,0.72,24
Nuvoco Vistas Corporation Ltd,Sep 2023,Manufacturing,Bull,5.89,7.39,28.4,1.26,21.3,0.0,4.17,6.99,13.0,0.35,1.65,2.36,-17.77,-98.75,1.05,11792.0,0.04,-98.98,-0.46,25
Nuvoco Vistas Corporation Ltd,Sep 2024,Manufacturing,Bull,-3.24,9.36,28.4,1.26,21.3,0.0,4.17,6.99,10.0,0.35,1.65,1.66,-22.64,-185.0,1.05,11792.0,-2.38,-100.0,0.13,29
Nuvoco Vistas Corporation Ltd,Sep 2025,Manufacturing,Bear,17.22,-1.92,28.4,1.26,21.3,0.0,4.17,6.99,15.0,0.35,1.65,3.6,-19.2,-78.31,1.05,11792.0,1.02,142.86,0.82,29
FSN E-Commerce Ventures Ltd,Dec 2023,Other,Bull,15.01,-1.54,371.0,36.79,278.25,0.0,15.3,17.2,6.0,0.35,1.65,4.5,4.82,1.82,1.05,98675.0,0.06,8.7,-0.03,33
FSN E-Commerce Ventures Ltd,Dec 2024,Other,Bear,-17.02,-2.22,371.0,36.79,278.25,0.0,15.3,17.2,6.0,0.35,1.65,4.41,4.82,1.82,1.05,98675.0,0.09,50.0,0.81,35
FSN E-Commerce Ventures Ltd,Dec 2025,Other,Bull,9.9,-4.97,371.0,36.79,278.25,0.0,15.3,17.2,8.0,0.35,1.65,7.93,4.82,1.82,1.05,98675.0,0.22,144.44,0.25,26
FSN E-Commerce Ventures Ltd,Jun 2023,Other,Bull,17.19,13.67,371.0,36.79,278.25,0.0,15.3,17.2,5.0,0.35,1.65,3.84,4.82,1.82,1.05,98675.0,0.01,-95.45,0.05,28
FSN E-Commerce Ventures Ltd,Jun 2024,Other,Bull,7.23,6.31,371.0,36.79,278.25,0.0,15.3,17.2,6.0,0.35,1.65,4.57,-2.4,-17.65,1.05,98675.0,0.03,4.0,-0.13,31
FSN E-Commerce Ventures Ltd,Jun 2025,Other,Bull,15.88,9.13,371.0,36.79,278.25,0.0,15.3,17.2,7.0,0.35,1.65,4.7,-4.94,-7.69,1.05,98675.0,0.08,10.0,0.88,35
FSN E-Commerce Ventures Ltd,Jun 2026,Other,Bull,29.54,2.63,371.0,36.79,278.25,0.0,15.3,17.2,8.0,0.35,1.65,8.74,-3.17,17.65,1.05,98675.0,0.28,150.0,0.88,34
FSN E-Commerce Ventures Ltd,Mar 2024,Other,Bull,-5.79,0.77,371.0,36.79,278.25,0.0,15.3,17.2,6.0,0.35,1.65,4.43,17.3,80.0,1.05,98675.0,0.02,-92.86,0.81,34
FSN E-Commerce Ventures Ltd,Mar 2025,Other,Bear,8.74,-1.31,371.0,36.79,278.25,0.0,15.3,17.2,6.0,0.35,1.65,4.43,18.1,35.71,1.05,98675.0,0.07,10.0,0.92,29
FSN E-Commerce Ventures Ltd,Mar 2026,Other,Bear,-11.57,0.4,371.0,36.79,278.25,0.0,15.3,17.2,8.0,0.35,1.65,8.58,22.88,229.17,1.05,98675.0,0.27,150.0,0.82,32
FSN E-Commerce Ventures Ltd,Sep 2023,Other,Bull,3.44,14.76,371.0,36.79,278.25,0.0,15.3,17.2,5.0,0.35,1.65,3.86,-45.83,-90.0,1.05,98675.0,0.02,-92.59,-0.34,31
FSN E-Commerce Ventures Ltd,Sep 2024,Other,Bull,11.17,-0.89,371.0,36.79,278.25,0.0,15.3,17.2,6.0,0.35,1.65,4.33,12.41,44.44,1.05,98675.0,0.04,4.0,0.91,33
FSN E-Commerce Ventures Ltd,Sep 2025,Other,Bear,12.23,-6.38,371.0,36.79,278.25,0.0,15.3,17.2,7.0,0.35,1.65,5.13,13.77,73.68,1.05,98675.0,0.12,16.0,0.71,26
Oberoi Realty Ltd,Dec 2023,Other,Bull,25.56,0.24,23.9,3.53,17.92,0.46,14.6,17.3,48.0,0.35,1.65,10.18,4.82,1.82,1.05,63307.0,9.91,8.7,0.64,28
Oberoi Realty Ltd,Dec 2024,Other,Bear,22.57,1.26,23.9,3.53,17.92,0.46,14.6,17.3,61.0,0.35,1.65,11.41,4.82,1.82,1.05,63307.0,17.01,71.64,0.81,32
Oberoi Realty Ltd,Dec 2025,Other,Bull,4.82,-4.39,23.9,3.53,17.92,0.46,14.6,17.3,57.0,0.35,1.65,12.79,4.82,1.82,1.05,63307.0,17.12,0.65,0.15,28
Oberoi Realty Ltd,Jun 2023,Other,Bull,17.02,7.78,23.9,3.53,17.92,0.46,14.6,17.3,52.0,0.35,1.65,7.65,4.82,1.82,1.05,63307.0,8.85,-48.31,-0.4,32
Oberoi Realty Ltd,Jun 2024,Other,Bull,17.72,2.73,23.9,3.53,17.92,0.46,14.6,17.3,58.0,0.35,1.65,13.81,33.3,62.5,1.05,63307.0,16.08,81.69,0.77,32
Oberoi Realty Ltd,Jun 2025,Other,Bull,21.22,-2.71,23.9,3.53,17.92,0.46,14.6,17.3,53.0,0.35,1.65,6.93,-29.98,-31.88,1.05,63307.0,11.59,-27.92,-0.74,30
Oberoi Realty Ltd,Jun 2026,Other,Bull,20.13,-3.16,23.9,3.53,17.92,0.46,14.6,17.3,56.0,0.35,1.65,14.12,-12.86,-12.68,1.05,63307.0,14.95,28.99,0.88,33
Oberoi Realty Ltd,Mar 2024,Other,Bull,2.04,21.34,23.9,3.53,17.92,0.46,14.6,17.3,60.0,0.35,1.65,15.78,44.51,144.72,1.05,63307.0,21.67,44.95,0.92,31
Oberoi Realty Ltd,Mar 2025,Other,Bear,-27.95,16.5,23.9,3.53,17.92,0.46,14.6,17.3,54.0,0.35,1.65,7.72,-18.15,-25.98,1.05,63307.0,11.91,-45.04,0.1,33
Oberoi Realty Ltd,Mar 2026,Other,Bear,-16.21,0.35,23.9,3.53,17.92,0.46,14.6,17.3,54.0,0.35,1.65,35.15,77.13,66.98,1.05,63307.0,19.34,62.38,0.87,26
Oberoi Realty Ltd,Sep 2023,Other,Bull,15.61,13.36,23.9,3.53,17.92,0.46,14.6,17.3,52.0,0.35,1.65,11.39,-6.46,-15.99,1.05,63307.0,12.56,-35.06,-0.46,24
Oberoi Realty Ltd,Sep 2024,Other,Bull,6.73,10.79,23.9,3.53,17.92,0.46,14.6,17.3,62.0,0.35,1.65,15.65,0.38,-25.25,1.05,63307.0,16.21,29.06,0.91,25
Oberoi Realty Ltd,Sep 2025,Other,Bear,-17.22,-5.12,23.9,3.53,17.92,0.46,14.6,17.3,57.0,0.35,1.65,14.37,54.7,75.52,1.05,63307.0,20.91,28.99,0.82,31
Oracle Financial Services Software Ltd,Dec 2023,IT,Bull,3.07,2.3,30.0,13.08,22.5,3.4,32.6,45.3,48.0,0.35,1.65,96.44,5.5,7.6,1.05,102436.0,85.51,8.7,0.75,29
Oracle Financial Services Software Ltd,Dec 2024,IT,Bear,11.77,8.21,30.0,13.08,22.5,3.4,32.6,45.3,42.0,0.35,1.65,28.88,5.5,7.6,1.05,102436.0,62.35,-27.08,-0.18,29
Oracle Financial Services Software Ltd,Dec 2025,IT,Bull,-10.52,-14.95,30.0,13.08,22.5,3.4,32.6,45.3,42.0,0.35,1.65,117.14,5.5,7.6,1.05,102436.0,70.06,12.37,0.64,29
Oracle Financial Services Software Ltd,Jun 2023,IT,Bull,25.44,4.24,30.0,13.08,22.5,3.4,32.6,45.3,42.0,0.35,1.65,28.88,5.5,7.6,1.05,102436.0,57.92,-17.33,0.54,33
Oracle Financial Services Software Ltd,Jun 2024,IT,Bull,13.9,12.51,30.0,13.08,22.5,3.4,32.6,45.3,49.0,0.35,1.65,169.4,-4.55,-16.73,1.05,102436.0,71.12,22.79,0.8,28
Oracle Financial Services Software Ltd,Jun 2025,IT,Bull,22.26,4.99,30.0,13.08,22.5,3.4,32.6,45.3,46.0,0.35,1.65,28.88,7.99,18.67,1.05,102436.0,73.87,3.87,0.71,27
Oracle Financial Services Software Ltd,Jun 2026,IT,Bull,61.04,3.4,30.0,13.08,22.5,3.4,32.6,45.3,60.0,0.35,1.65,268.88,58.95,132.13,1.05,102436.0,162.57,120.08,0.62,25
Oracle Financial Services Software Ltd,Mar 2024,IT,Bull,102.22,22.24,30.0,13.08,22.5,3.4,32.6,45.3,45.0,0.35,1.65,52.43,12.31,11.78,1.05,102436.0,64.62,-60.25,-0.4,33
Oracle Financial Services Software Ltd,Mar 2025,IT,Bear,-37.84,10.85,30.0,13.08,22.5,3.4,32.6,45.3,45.0,0.35,1.65,28.88,-1.44,4.38,1.05,102436.0,74.13,14.72,0.57,30
Oracle Financial Services Software Ltd,Mar 2026,IT,Bear,-12.44,3.47,30.0,13.08,22.5,3.4,32.6,45.3,51.0,0.35,1.65,28.88,11.5,31.15,1.05,102436.0,96.71,30.46,0.81,35
Oracle Financial Services Software Ltd,Sep 2023,IT,Bull,7.69,7.63,30.0,13.08,22.5,3.4,32.6,45.3,39.0,0.35,1.65,69.75,-53.79,-70.55,1.05,102436.0,48.2,-50.16,-0.62,26
Oracle Financial Services Software Ltd,Sep 2024,IT,Bull,12.4,8.97,30.0,13.08,22.5,3.4,32.6,45.3,45.0,0.35,1.65,93.88,1.95,3.21,1.05,102436.0,66.6,38.17,0.9,29
Oracle Financial Services Software Ltd,Sep 2025,IT,Bear,-6.19,-3.85,30.0,13.08,22.5,3.4,32.6,45.3,42.0,0.35,1.65,94.38,4.25,-15.22,1.05,102436.0,62.82,-5.68,-0.18,28
Oil India Ltd,Dec 2023,Other,Bull,28.02,7.23,9.54,1.37,7.15,2.35,12.2,11.5,36.0,0.35,1.65,14.59,4.82,1.82,1.05,79671.0,14.43,8.7,0.44,29
Oil India Ltd,Dec 2024,Other,Bear,-23.79,-1.33,9.54,1.37,7.15,2.35,12.2,11.5,30.0,0.35,1.65,8.36,4.82,1.82,1.05,79671.0,8.23,-42.97,-0.79,25
Oil India Ltd,Dec 2025,Other,Bull,4.01,-5.59,9.54,1.37,7.15,2.35,12.2,11.5,27.0,0.35,1.65,7.17,4.82,1.82,1.05,79671.0,7.35,-10.69,-0.34,27
Oil India Ltd,Jun 2023,Other,Bull,-5.59,-0.84,9.54,1.37,7.15,2.35,12.2,11.5,37.0,0.35,1.65,10.64,4.82,1.82,1.05,79671.0,8.77,19.32,0.57,34
Oil India Ltd,Jun 2024,Other,Bull,22.34,-13.29,9.54,1.37,7.15,2.35,12.2,11.5,39.0,0.35,1.65,12.98,-15.54,-22.7,1.05,79671.0,11.59,32.16,0.88,28
Oil India Ltd,Jun 2025,Other,Bull,12.66,-0.39,9.54,1.37,7.15,2.35,12.2,11.5,30.0,0.35,1.65,11.81,-4.89,40.49,1.05,79671.0,11.66,0.6,0.91,33
Oil India Ltd,Jun 2026,Other,Bull,-11.92,1.73,9.54,1.37,7.15,2.35,12.2,11.5,46.0,0.35,1.65,19.18,50.1,180.43,1.05,79671.0,22.32,91.42,0.92,30
Oil India Ltd,Mar 2024,Other,Bull,60.94,10.48,9.54,1.37,7.15,2.35,12.2,11.5,36.0,0.35,1.65,13.94,47.34,66.76,1.05,79671.0,13.16,-41.04,0.81,29
Oil India Ltd,Mar 2025,Other,Bear,-9.93,13.08,9.54,1.37,7.15,2.35,12.2,11.5,29.0,0.35,1.65,10.61,8.47,-25.74,1.05,79671.0,8.05,-38.83,0.05,35
Oil India Ltd,Mar 2026,Other,Bear,12.9,-19.39,9.54,1.37,7.15,2.35,12.2,11.5,35.0,0.35,1.65,8.61,17.2,18.42,1.05,79671.0,12.91,60.37,0.82,27
Oil India Ltd,Sep 2023,Other,Bull,24.42,4.28,9.54,1.37,7.15,2.35,12.2,11.5,46.0,0.35,1.65,12.43,-40.04,-84.11,1.05,79671.0,2.59,-79.94,0.36,28
Oil India Ltd,Sep 2024,Other,Bull,22.43,-3.83,9.54,1.37,7.15,2.35,12.2,11.5,35.0,0.35,1.65,9.06,-20.77,-11.32,1.05,79671.0,12.4,150.0,0.25,25
Oil India Ltd,Sep 2025,Other,Bear,-4.4,-6.75,9.54,1.37,7.15,2.35,12.2,11.5,27.0,0.35,1.65,7.55,-4.7,9.82,1.05,79671.0,8.78,-29.19,-0.56,29
Ola Electric Mobility Ltd,Dec 2023,Manufacturing,Bull,7.5,3.47,38.3,5.07,28.72,0.0,-43.2,-19.6,-23.0,0.35,1.65,-7.0,4.53,4.31,1.05,17838.0,-1.92,-8.7,0.73,27
Ola Electric Mobility Ltd,Dec 2024,Manufacturing,Bear,-16.46,-1.64,38.3,5.07,28.72,0.0,-43.2,-19.6,-44.0,0.35,1.65,-4.95,4.53,4.31,1.05,17838.0,-1.28,33.33,0.92,21
Ola Electric Mobility Ltd,Dec 2025,Manufacturing,Bull,-35.11,-23.43,38.3,5.07,28.72,0.0,-43.2,-19.6,-58.0,0.35,1.65,-3.39,4.53,4.31,1.05,17838.0,-1.1,14.06,0.67,21
Ola Electric Mobility Ltd,Jun 2023,Manufacturing,Bull,3.03,4.49,38.3,5.07,28.72,0.0,-43.2,-19.6,-18.0,0.35,1.65,-6.06,4.53,4.31,1.05,17838.0,-1.37,-24.55,0.57,25
Ola Electric Mobility Ltd,Jun 2024,Manufacturing,Bull,9.79,-16.16,38.3,5.07,28.72,0.0,-43.2,-19.6,-12.0,0.35,1.65,-3.06,26.85,-7.71,1.05,17838.0,-1.45,-5.84,0.03,29
Ola Electric Mobility Ltd,Jun 2025,Manufacturing,Bull,-18.12,42.82,38.3,5.07,28.72,0.0,-43.2,-19.6,-29.0,0.35,1.65,-2.52,-20.77,-24.11,1.05,17838.0,-0.97,33.1,0.36,27
Ola Electric Mobility Ltd,Jun 2026,Manufacturing,Bull,69.02,-0.61,38.3,5.07,28.72,0.0,-43.2,-19.6,-36.0,0.35,1.65,-2.26,-3.19,-31.01,1.05,17838.0,-0.73,24.74,0.9,31
Ola Electric Mobility Ltd,Mar 2024,Manufacturing,Bull,10.78,11.62,38.3,5.07,28.72,0.0,-43.2,-19.6,-20.0,0.35,1.65,-5.11,28.56,55.81,1.05,17838.0,-2.13,-100.0,0.82,29
Ola Electric Mobility Ltd,Mar 2025,Manufacturing,Bear,-38.47,-9.81,38.3,5.07,28.72,0.0,-43.2,-19.6,-114.0,0.35,1.65,-5.7,-55.39,150.72,1.05,17838.0,-1.97,7.51,0.74,29
Ola Electric Mobility Ltd,Mar 2026,Manufacturing,Bear,-39.23,28.2,38.3,5.07,28.72,0.0,-43.2,-19.6,-106.0,0.35,1.65,-3.65,-55.39,16.82,1.05,17838.0,-1.13,42.64,0.62,24
Ola Electric Mobility Ltd,Sep 2023,Manufacturing,Bull,27.29,14.77,38.3,5.07,28.72,0.0,-43.2,-19.6,-50.0,0.35,1.65,-9.12,91.87,55.95,1.05,17838.0,-2.68,-100.0,0.81,25
Ola Electric Mobility Ltd,Sep 2024,Manufacturing,Bull,9.23,36.09,38.3,5.07,28.72,0.0,-43.2,-19.6,-31.0,0.35,1.65,-4.51,-24.03,18.99,1.05,17838.0,-1.12,58.21,0.9,24
Ola Electric Mobility Ltd,Sep 2025,Manufacturing,Bear,35.53,-11.59,38.3,5.07,28.72,0.0,-43.2,-19.6,-29.0,0.35,1.65,-1.86,12.93,-51.95,1.05,17838.0,-0.95,15.18,0.81,27
Olectra Greentech Ltd,Dec 2023,Manufacturing,Bull,11.98,44.71,56.0,8.07,42.0,0.05,15.6,21.0,14.0,0.35,1.65,3.77,4.53,4.31,1.05,9928.0,3.29,8.7,0.79,20
Olectra Greentech Ltd,Dec 2024,Manufacturing,Bear,-17.32,-13.04,56.0,8.07,42.0,0.05,15.6,21.0,15.0,0.35,1.65,7.18,4.53,4.31,1.05,9928.0,5.64,71.43,0.78,20
Olectra Greentech Ltd,Dec 2025,Manufacturing,Bull,-23.04,-11.36,56.0,8.07,42.0,0.05,15.6,21.0,14.0,0.35,1.65,4.65,4.53,4.31,1.05,9928.0,5.65,0.18,0.71,27
Olectra Greentech Ltd,Jun 2023,Manufacturing,Bull,49.83,-2.18,56.0,8.07,42.0,0.05,15.6,21.0,19.0,0.35,1.65,5.71,4.53,4.31,1.05,9928.0,2.2,-61.06,-0.79,29
Olectra Greentech Ltd,Jun 2024,Manufacturing,Bull,-7.09,1.05,56.0,8.07,42.0,0.05,15.6,21.0,14.0,0.35,1.65,4.4,-8.19,-11.11,1.05,9928.0,2.92,32.73,0.77,29
Olectra Greentech Ltd,Jun 2025,Manufacturing,Bull,-1.05,13.08,56.0,8.07,42.0,0.05,15.6,21.0,14.0,0.35,1.65,4.0,-32.62,-44.68,1.05,9928.0,3.17,8.56,-0.76,23
Olectra Greentech Ltd,Jun 2026,Manufacturing,Bull,46.18,-0.59,56.0,8.07,42.0,0.05,15.6,21.0,12.0,0.35,1.65,2.83,-13.25,-42.55,1.05,9928.0,3.16,-0.32,0.2,26
Olectra Greentech Ltd,Mar 2024,Manufacturing,Bull,37.5,2.78,56.0,8.07,42.0,0.05,15.6,21.0,12.0,0.35,1.65,2.62,33.8,-16.67,1.05,9928.0,1.67,-47.15,-0.3,28
Olectra Greentech Ltd,Mar 2025,Manufacturing,Bear,-21.41,-5.32,56.0,8.07,42.0,0.05,15.6,21.0,12.0,0.35,1.65,2.7,42.99,-12.5,1.05,9928.0,2.56,53.29,0.86,22
Olectra Greentech Ltd,Mar 2026,Manufacturing,Bear,-19.52,4.71,56.0,8.07,42.0,0.05,15.6,21.0,15.0,0.35,1.65,6.67,85.88,119.23,1.05,9928.0,6.76,150.0,0.62,22
Olectra Greentech Ltd,Sep 2023,Manufacturing,Bull,21.58,8.69,56.0,8.07,42.0,0.05,15.6,21.0,13.0,0.35,1.65,4.1,-46.7,-29.63,1.05,9928.0,2.2,-67.46,-0.18,22
Olectra Greentech Ltd,Sep 2024,Manufacturing,Bull,-10.04,11.29,56.0,8.07,42.0,0.05,15.6,21.0,16.0,0.35,1.65,7.36,81.31,220.0,1.05,9928.0,5.79,150.0,0.8,22
Olectra Greentech Ltd,Sep 2025,Manufacturing,Bear,27.89,-13.33,56.0,8.07,42.0,0.05,15.6,21.0,14.0,0.35,1.65,6.36,46.33,133.33,1.05,9928.0,6.04,4.32,0.91,21
OneSource Specialty Pharma Ltd,Dec 2023,Pharma,Bull,11.09,3.58,51.2,3.13,38.4,0.0,-1.09,0.57,-19.0,0.35,1.65,-0.38,8.41,5.51,1.05,18258.0,0.0,8.7,0.69,26
OneSource Specialty Pharma Ltd,Dec 2024,Pharma,Bear,-2.86,1.32,51.2,3.13,38.4,0.0,-1.09,0.57,36.0,0.35,1.65,3.09,8.41,5.51,1.05,18258.0,-6.02,-8.7,0.84,25
OneSource Specialty Pharma Ltd,Dec 2025,Pharma,Bull,1.29,10.13,51.2,3.13,38.4,0.0,-1.09,0.57,6.0,0.35,1.65,0.45,8.41,5.51,1.05,18258.0,-7.74,-28.57,-0.44,29
OneSource Specialty Pharma Ltd,Jun 2024,Pharma,Bull,16.87,3.47,51.2,3.13,38.4,0.0,-1.09,0.57,22.0,0.35,1.65,1.52,8.41,5.51,1.05,18258.0,0.0,8.7,0.78,23
OneSource Specialty Pharma Ltd,Jun 2025,Pharma,Bull,34.9,2.11,51.2,3.13,38.4,0.0,-1.09,0.57,27.0,0.35,1.65,3.26,123.91,-100.0,1.05,18258.0,-0.02,-0.32,-0.3,24
OneSource Specialty Pharma Ltd,Jun 2026,Pharma,Bull,14.72,-1.67,51.2,3.13,38.4,0.0,-1.09,0.57,27.0,0.35,1.65,3.97,14.25,-136.23,1.05,18258.0,2.18,150.0,0.91,27
OneSource Specialty Pharma Ltd,Mar 2024,Pharma,Bull,-17.62,-17.65,51.2,3.13,38.4,0.0,-1.09,0.57,-3.8,0.35,1.65,-0.15,-55.39,-55.06,1.05,18258.0,0.0,8.7,0.05,30
OneSource Specialty Pharma Ltd,Mar 2025,Pharma,Bear,2.47,27.36,51.2,3.13,38.4,0.0,-1.09,0.57,43.0,0.35,1.65,5.55,45.89,-596.89,1.05,18258.0,8.61,8.7,-0.68,30
OneSource Specialty Pharma Ltd,Mar 2026,Pharma,Bear,-17.59,-12.12,51.2,3.13,38.4,0.0,-1.09,0.57,21.0,0.35,1.65,4.0,30.89,724.9,1.05,18258.0,0.4,-95.35,0.57,31
OneSource Specialty Pharma Ltd,Sep 2023,Pharma,Bull,-118.38,-106.68,51.2,3.13,38.4,0.0,-1.09,0.57,-114.0,0.35,1.65,-1.56,-55.39,-556.0,1.05,18258.0,0.0,8.7,-0.44,24
OneSource Specialty Pharma Ltd,Sep 2024,Pharma,Bull,98.97,33.68,51.2,3.13,38.4,0.0,-1.09,0.57,23.0,0.35,1.65,1.71,123.91,5.0,1.05,18258.0,0.0,8.7,0.69,21
OneSource Specialty Pharma Ltd,Sep 2025,Pharma,Bear,-13.18,-9.61,51.2,3.13,38.4,0.0,-1.09,0.57,28.0,0.35,1.65,3.12,-11.74,-89.8,1.05,18258.0,0.92,8.7,0.0,24
Paradeep Phosphates Ltd,Dec 2023,Chemicals,Bull,-5.89,-8.52,14.9,2.39,11.18,0.96,16.2,15.4,11.0,0.35,1.65,3.44,4.4,0.0,1.05,16197.0,1.34,8.7,0.65,27
Paradeep Phosphates Ltd,Dec 2024,Chemicals,Bear,22.98,-12.44,14.9,2.39,11.18,0.96,16.2,15.4,9.0,0.35,1.65,4.25,4.4,0.0,1.05,16197.0,2.57,91.79,0.78,24
Paradeep Phosphates Ltd,Dec 2025,Chemicals,Bull,-16.08,-8.35,14.9,2.39,11.18,0.96,16.2,15.4,8.0,0.35,1.65,3.72,4.4,0.0,1.05,16197.0,1.75,-31.91,0.54,31
Paradeep Phosphates Ltd,Jun 2023,Chemicals,Bull,24.29,14.6,14.9,2.39,11.18,0.96,16.2,15.4,-1.3,0.35,1.65,-0.42,4.4,0.0,1.05,16197.0,-1.47,-100.0,-0.56,22
Paradeep Phosphates Ltd,Jun 2024,Chemicals,Bull,19.54,-0.02,14.9,2.39,11.18,0.96,16.2,15.4,6.0,0.35,1.65,1.6,-8.4,-95.41,1.05,16197.0,0.07,104.76,0.84,30
Paradeep Phosphates Ltd,Jun 2025,Chemicals,Bull,44.73,-14.26,14.9,2.39,11.18,0.96,16.2,15.4,13.0,0.35,1.65,5.58,-9.74,51.67,1.05,16197.0,3.88,150.0,0.88,28
Paradeep Phosphates Ltd,Jun 2026,Chemicals,Bull,17.35,13.11,14.9,2.39,11.18,0.96,16.2,15.4,12.0,0.35,1.65,5.45,6.52,115.93,1.05,16197.0,3.78,-2.58,0.9,26
Paradeep Phosphates Ltd,Mar 2024,Chemicals,Bull,-6.41,2.41,14.9,2.39,11.18,0.96,16.2,15.4,7.0,0.35,1.65,1.56,-26.56,-118.33,1.05,16197.0,0.26,-93.12,-0.56,26
Paradeep Phosphates Ltd,Mar 2025,Chemicals,Bear,-10.69,9.35,14.9,2.39,11.18,0.96,16.2,15.4,9.0,0.35,1.65,3.22,76.44,724.9,1.05,16197.0,2.11,150.0,0.64,23
Paradeep Phosphates Ltd,Mar 2026,Chemicals,Bear,-34.96,4.81,14.9,2.39,11.18,0.96,16.2,15.4,9.0,0.35,1.65,2.83,4.4,-50.79,1.05,16197.0,1.5,-28.91,-0.3,25
Paradeep Phosphates Ltd,Sep 2023,Chemicals,Bull,15.61,15.32,14.9,2.39,11.18,0.96,16.2,15.4,7.0,0.35,1.65,2.67,-39.86,-77.35,1.05,16197.0,1.1,-26.67,0.1,23
Paradeep Phosphates Ltd,Sep 2024,Chemicals,Bull,-1.87,0.01,14.9,2.39,11.18,0.96,16.2,15.4,11.0,0.35,1.65,4.83,105.93,724.9,1.05,16197.0,3.13,150.0,0.87,21
Paradeep Phosphates Ltd,Sep 2025,Chemicals,Bear,23.77,-7.01,14.9,2.39,11.18,0.96,16.2,15.4,10.0,0.35,1.65,4.69,63.85,98.84,1.05,16197.0,4.19,33.87,0.93,27
Patanjali Foods Ltd,Dec 2018,Other,Bull,1.71,-0.42,17.1,2.84,12.82,1.47,16.0,12.1,0.6,0.35,1.65,0.51,4.82,1.82,1.05,37104.0,-0.95,-8.7,0.71,23
Patanjali Foods Ltd,Dec 2024,Other,Bear,5.28,-12.53,17.1,2.84,12.82,1.47,16.0,12.1,6.0,0.35,1.65,27.9,4.82,1.82,1.05,37104.0,3.42,150.0,0.57,33
Patanjali Foods Ltd,Dec 2025,Other,Bull,-5.82,-3.19,17.1,2.84,12.82,1.47,16.0,12.1,4.1,0.35,1.65,12.4,4.82,1.82,1.05,37104.0,5.46,59.65,0.78,28
Patanjali Foods Ltd,Jun 2019,Other,Bull,0.24,2.43,17.1,2.84,12.82,1.47,16.0,12.1,1.2,0.35,1.65,0.84,4.82,1.82,1.05,37104.0,-0.04,-100.0,-0.4,32
Patanjali Foods Ltd,Jun 2024,Other,Bull,14.72,1.96,17.1,2.84,12.82,1.47,16.0,12.1,6.0,0.35,1.65,21.58,106.59,-596.89,1.05,37104.0,2.42,150.0,0.62,32
Patanjali Foods Ltd,Jun 2025,Other,Bull,-8.39,0.13,17.1,2.84,12.82,1.47,16.0,12.1,3.7,0.35,1.65,13.38,-2.57,-51.48,1.05,37104.0,1.66,-31.4,-0.3,33
Patanjali Foods Ltd,Jun 2026,Other,Bull,-12.23,-0.89,17.1,2.84,12.82,1.47,16.0,12.1,4.8,0.35,1.65,13.24,8.14,-43.34,1.05,37104.0,3.09,86.14,0.92,23
Patanjali Foods Ltd,Mar 2019,Other,Bull,0.96,-2.84,17.1,2.84,12.82,1.47,16.0,12.1,0.7,0.35,1.65,0.61,1.06,-12.0,1.05,37104.0,0.02,-99.35,0.53,26
Patanjali Foods Ltd,Mar 2025,Other,Bear,-0.07,-7.63,17.1,2.84,12.82,1.47,16.0,12.1,5.0,0.35,1.65,20.64,35.04,36.5,1.05,37104.0,3.3,150.0,0.91,26
Patanjali Foods Ltd,Mar 2026,Other,Bear,-16.79,-7.46,17.1,2.84,12.82,1.47,16.0,12.1,4.0,0.35,1.65,12.36,27.26,191.11,1.05,37104.0,4.82,46.06,0.71,31
Patanjali Foods Ltd,Sep 2019,Other,Bull,-26.47,-19.07,17.1,2.84,12.82,1.47,16.0,12.1,3.1,0.35,1.65,2.16,-55.39,-88.1,1.05,37104.0,0.58,-87.97,0.13,33
Patanjali Foods Ltd,Sep 2024,Other,Bull,-0.94,-1.93,17.1,2.84,12.82,1.47,16.0,12.1,6.0,0.35,1.65,23.1,123.91,-596.89,1.05,37104.0,2.84,150.0,0.57,26
Patanjali Foods Ltd,Sep 2025,Other,Bear,6.15,-9.74,17.1,2.84,12.82,1.47,16.0,12.1,6.0,0.35,1.65,15.77,0.88,44.01,1.05,37104.0,4.75,67.25,0.91,27
One 97 Communications Ltd,Dec 2023,Banking,Bull,-27.51,-9.64,143.0,7.23,107.25,0.0,4.64,4.96,-6.0,0.45,1.65,-9.12,8.74,9.96,1.05,115971.0,-3.46,-8.7,0.67,27
One 97 Communications Ltd,Dec 2024,Banking,Bear,39.17,14.04,143.0,7.23,107.25,0.0,4.64,4.96,-12.0,0.45,1.65,-9.12,8.74,9.96,1.05,115971.0,-3.26,5.78,0.68,35
One 97 Communications Ltd,Dec 2025,Banking,Bull,13.09,-6.02,143.0,7.23,107.25,0.0,4.64,4.96,7.0,0.45,1.65,38.75,8.74,9.96,1.05,115971.0,3.52,150.0,0.77,33
One 97 Communications Ltd,Jun 2023,Banking,Bull,35.81,-2.05,143.0,7.23,107.25,0.0,4.64,4.96,-13.0,0.45,1.65,-9.12,8.74,9.96,1.05,115971.0,-5.63,-100.0,0.54,32
One 97 Communications Ltd,Jun 2024,Banking,Bull,-1.06,16.07,143.0,7.23,107.25,0.0,4.64,4.96,-53.0,0.45,1.65,-9.12,-47.3,278.38,1.05,115971.0,-13.19,-100.0,0.71,36
One 97 Communications Ltd,Jun 2025,Banking,Bull,15.34,3.85,143.0,7.23,107.25,0.0,4.64,4.96,3.8,0.45,1.65,18.0,4.92,-159.13,1.05,115971.0,1.93,114.63,0.62,30
One 97 Communications Ltd,Jun 2026,Banking,Bull,14.48,4.47,143.0,7.23,107.25,0.0,4.64,4.96,8.0,0.45,1.65,29.0,11.58,-2.22,1.05,115971.0,3.44,78.24,0.9,33
One 97 Communications Ltd,Mar 2024,Banking,Bull,-37.68,23.83,143.0,7.23,107.25,0.0,4.64,4.96,-21.0,0.45,1.65,-9.12,-3.2,53.63,1.05,115971.0,-8.65,-100.0,0.82,34
One 97 Communications Ltd,Mar 2025,Banking,Bear,-20.67,2.92,143.0,7.23,107.25,0.0,4.64,4.96,-4.6,0.45,1.65,-9.12,27.3,-35.12,1.05,115971.0,-8.47,2.08,-0.3,36
One 97 Communications Ltd,Mar 2026,Banking,Bear,-25.76,-5.07,143.0,7.23,107.25,0.0,4.64,4.96,6.0,0.45,1.65,26.4,18.04,48.78,1.05,115971.0,2.87,133.88,0.87,36
One 97 Communications Ltd,Sep 2023,Banking,Bull,1.04,-34.06,143.0,7.23,107.25,0.0,4.64,4.96,-9.0,0.45,1.65,-9.12,2.9,-232.73,1.05,115971.0,-4.58,-100.0,-0.57,32
One 97 Communications Ltd,Sep 2024,Banking,Bull,67.12,25.56,143.0,7.23,107.25,0.0,4.64,4.96,-24.0,0.45,1.65,-9.12,-26.82,-269.09,1.05,115971.0,14.58,150.0,0.92,31
One 97 Communications Ltd,Sep 2025,Banking,Bear,20.81,-1.71,143.0,7.23,107.25,0.0,4.64,4.96,7.0,0.45,1.65,28.0,7.79,-103.85,1.05,115971.0,0.33,-97.74,-0.08,32
PCBL Chemical Ltd,Dec 2023,Chemicals,Bull,39.71,-3.12,49.2,3.25,36.9,1.81,5.56,7.75,17.0,0.35,1.65,8.72,4.4,0.0,1.05,13026.0,3.92,8.7,0.8,29
PCBL Chemical Ltd,Dec 2024,Chemicals,Bear,-21.22,-20.09,49.2,3.25,36.9,1.81,5.56,7.75,16.0,0.35,1.65,2.69,4.4,0.0,1.05,13026.0,2.47,-36.99,-0.56,29
PCBL Chemical Ltd,Dec 2025,Chemicals,Bull,-19.95,1.12,49.2,3.25,36.9,1.81,5.56,7.75,12.0,0.35,1.65,2.03,4.4,0.0,1.05,13026.0,0.05,-97.98,-0.53,25
PCBL Chemical Ltd,Jun 2023,Chemicals,Bull,40.12,9.34,49.2,3.25,36.9,1.81,5.56,7.75,16.0,0.35,1.65,11.11,4.4,0.0,1.05,13026.0,2.89,150.0,0.74,27
PCBL Chemical Ltd,Jun 2024,Chemicals,Bull,-6.93,19.17,49.2,3.25,36.9,1.81,5.56,7.75,17.0,0.35,1.65,2.96,29.39,-20.27,1.05,13026.0,3.13,8.3,0.54,23
PCBL Chemical Ltd,Jun 2025,Chemicals,Bull,-1.18,-2.14,49.2,3.25,36.9,1.81,5.56,7.75,15.0,0.35,1.65,2.85,5.17,1.08,1.05,13026.0,2.49,-20.45,-0.13,28
PCBL Chemical Ltd,Jun 2026,Chemicals,Bull,24.66,2.11,49.2,3.25,36.9,1.81,5.56,7.75,16.0,0.35,1.65,4.26,33.97,724.9,1.05,13026.0,3.94,58.23,0.92,22
PCBL Chemical Ltd,Mar 2024,Chemicals,Bull,6.55,-2.46,49.2,3.25,36.9,1.81,5.56,7.75,16.0,0.35,1.65,2.87,43.1,1.83,1.05,13026.0,2.95,-25.13,-0.08,30
PCBL Chemical Ltd,Mar 2025,Chemicals,Bear,-6.25,3.23,49.2,3.25,36.9,1.81,5.56,7.75,14.0,0.35,1.65,2.89,-2.66,-15.25,1.05,13026.0,2.65,-10.17,-0.27,22
PCBL Chemical Ltd,Mar 2026,Chemicals,Bear,-18.33,5.81,49.2,3.25,36.9,1.81,5.56,7.75,12.0,0.35,1.65,2.51,-2.27,-57.45,1.05,13026.0,1.02,-61.51,-0.3,27
PCBL Chemical Ltd,Sep 2023,Chemicals,Bull,2.12,24.15,49.2,3.25,36.9,1.81,5.56,7.75,16.0,0.35,1.65,11.33,-39.87,-20.65,1.05,13026.0,3.25,150.0,0.88,21
PCBL Chemical Ltd,Sep 2024,Chemicals,Bull,124.4,21.86,49.2,3.25,36.9,1.81,5.56,7.75,17.0,0.35,1.65,3.06,12.13,10.81,1.05,13026.0,3.27,0.62,0.71,22
PCBL Chemical Ltd,Sep 2025,Chemicals,Bear,-9.9,-9.12,49.2,3.25,36.9,1.81,5.56,7.75,12.0,0.35,1.65,2.49,3.69,-38.0,1.05,13026.0,1.63,-50.15,0.1,26
Persistent Systems Ltd,Dec 2023,IT,Bull,29.0,-3.71,43.7,11.1,32.78,0.73,27.2,34.4,18.0,0.35,1.65,36.83,5.5,7.6,1.05,87015.0,18.59,8.7,0.68,35
Persistent Systems Ltd,Dec 2024,IT,Bear,17.67,-3.36,43.7,11.1,32.78,0.73,27.2,34.4,18.0,0.35,1.65,33.62,5.5,7.6,1.05,87015.0,24.12,29.75,0.84,31
Persistent Systems Ltd,Dec 2025,IT,Bull,26.57,-6.58,43.7,11.1,32.78,0.73,27.2,34.4,19.0,0.35,1.65,38.58,5.5,7.6,1.05,87015.0,27.86,15.51,0.92,26
Persistent Systems Ltd,Jun 2023,IT,Bull,10.53,19.44,43.7,11.1,32.78,0.73,27.2,34.4,16.0,0.35,1.65,28.77,5.5,7.6,1.05,87015.0,14.86,-46.66,0.53,29
Persistent Systems Ltd,Jun 2024,IT,Bull,6.13,10.35,43.7,11.1,32.78,0.73,27.2,34.4,17.0,0.35,1.65,32.5,9.57,6.99,1.05,87015.0,19.89,33.85,0.79,33
Persistent Systems Ltd,Jun 2025,IT,Bull,15.93,3.41,43.7,11.1,32.78,0.73,27.2,34.4,18.0,0.35,1.65,36.0,8.88,13.94,1.05,87015.0,27.17,36.6,0.36,28
Persistent Systems Ltd,Jun 2026,IT,Bull,-14.31,5.48,43.7,11.1,32.78,0.73,27.2,34.4,16.0,0.35,1.65,24.03,13.9,10.02,1.05,87015.0,30.62,12.7,0.86,30
Persistent Systems Ltd,Mar 2024,IT,Bull,9.3,8.37,43.7,11.1,32.78,0.73,27.2,34.4,18.0,0.35,1.65,45.4,11.63,37.55,1.05,87015.0,20.47,-33.15,0.8,27
Persistent Systems Ltd,Mar 2025,IT,Bear,-14.06,4.05,43.7,11.1,32.78,0.73,27.2,34.4,18.0,0.35,1.65,32.44,18.45,29.41,1.05,87015.0,25.59,25.01,0.36,29
Persistent Systems Ltd,Mar 2026,IT,Bear,-22.09,2.32,43.7,11.1,32.78,0.73,27.2,34.4,19.0,0.35,1.65,40.42,21.66,24.47,1.05,87015.0,33.55,31.11,0.81,29
Persistent Systems Ltd,Sep 2023,IT,Bull,19.79,15.34,43.7,11.1,32.78,0.73,27.2,34.4,17.0,0.35,1.65,33.75,-43.95,-45.55,1.05,87015.0,17.11,-49.0,-0.46,29
Persistent Systems Ltd,Sep 2024,IT,Bull,21.49,14.73,43.7,11.1,32.78,0.73,27.2,34.4,17.0,0.35,1.65,26.72,11.81,3.17,1.05,87015.0,21.02,22.85,0.9,34
Persistent Systems Ltd,Sep 2025,IT,Bear,-19.92,2.96,43.7,11.1,32.78,0.73,27.2,34.4,19.0,0.35,1.65,37.94,10.46,18.94,1.05,87015.0,30.15,43.43,0.75,33
Petronet LNG Ltd,Dec 2023,Other,Bull,-3.6,4.85,10.2,1.93,7.65,3.48,18.3,22.6,12.0,0.35,1.65,24.36,4.82,1.82,1.05,43080.0,8.09,8.7,0.71,26
Petronet LNG Ltd,Dec 2024,Other,Bear,2.68,-4.62,10.2,1.93,7.65,3.48,18.3,22.6,10.0,0.35,1.65,19.18,4.82,1.82,1.05,43080.0,6.01,-25.71,-0.53,27
Petronet LNG Ltd,Dec 2025,Other,Bull,6.16,-0.28,10.2,1.93,7.65,3.48,18.3,22.6,11.0,0.35,1.65,21.39,4.82,1.82,1.05,43080.0,5.8,-3.49,-0.36,28
Petronet LNG Ltd,Jun 2023,Other,Bull,-4.75,9.87,10.2,1.93,7.65,3.48,18.3,22.6,10.0,0.35,1.65,15.76,4.82,1.82,1.05,43080.0,5.46,-5.86,0.46,30
Petronet LNG Ltd,Jun 2024,Other,Bull,24.43,-9.72,10.2,1.93,7.65,3.48,18.3,22.6,12.0,0.35,1.65,23.31,-9.03,-8.9,1.05,43080.0,7.37,34.98,0.62,26
Petronet LNG Ltd,Jun 2025,Other,Bull,1.55,1.53,10.2,1.93,7.65,3.48,18.3,22.6,10.0,0.35,1.65,19.64,-2.84,-6.65,1.05,43080.0,5.61,-23.88,-0.4,32
Petronet LNG Ltd,Jun 2026,Other,Bull,10.14,3.62,10.2,1.93,7.65,3.48,18.3,22.6,28.0,0.35,1.65,30.1,-50.21,30.69,1.05,43080.0,7.58,35.12,0.88,31
Petronet LNG Ltd,Mar 2024,Other,Bull,16.67,5.44,10.2,1.93,7.65,3.48,18.3,22.6,8.0,0.35,1.65,15.55,18.33,-6.72,1.05,43080.0,5.1,-32.72,-0.76,31
Petronet LNG Ltd,Mar 2025,Other,Bear,-15.54,-5.88,10.2,1.93,7.65,3.48,18.3,22.6,12.0,0.35,1.65,24.79,-8.19,-0.9,1.05,43080.0,7.3,43.14,0.91,29
Petronet LNG Ltd,Mar 2026,Other,Bear,-13.76,5.43,10.2,1.93,7.65,3.48,18.3,22.6,20.0,0.35,1.65,30.02,-20.52,62.83,1.05,43080.0,9.14,25.21,0.78,30
Petronet LNG Ltd,Sep 2023,Other,Bull,8.89,8.19,10.2,1.93,7.65,3.48,18.3,22.6,10.0,0.35,1.65,16.2,123.91,-24.71,1.05,43080.0,5.7,-37.64,-0.62,25
Petronet LNG Ltd,Sep 2024,Other,Bull,3.23,9.22,10.2,1.93,7.65,3.48,18.3,22.6,9.0,0.35,1.65,18.49,-5.58,14.01,1.05,43080.0,5.8,1.75,0.32,26
Petronet LNG Ltd,Sep 2025,Other,Bear,-6.12,-2.72,10.2,1.93,7.65,3.48,18.3,22.6,10.0,0.35,1.65,18.31,-10.61,-24.2,1.05,43080.0,5.54,-4.48,-0.05,23
Prime Focus Ltd,Dec 2023,Other,Bull,15.07,7.84,136.0,11.56,102.0,0.0,15.7,11.3,3.1,0.35,1.65,0.22,4.82,1.82,1.05,24208.0,-1.85,-8.7,0.2,25
Prime Focus Ltd,Dec 2024,Other,Bear,-1.41,-20.98,136.0,11.56,102.0,0.0,15.7,11.3,29.0,0.35,1.65,1.79,4.82,1.82,1.05,24208.0,-2.01,-8.65,0.57,22
Prime Focus Ltd,Dec 2025,Other,Bull,35.87,-8.09,136.0,11.56,102.0,0.0,15.7,11.3,33.0,0.35,1.65,2.96,4.82,1.82,1.05,24208.0,0.91,145.27,0.92,28
Prime Focus Ltd,Jun 2023,Other,Bull,51.14,-8.4,136.0,11.56,102.0,0.0,15.7,11.3,13.0,0.35,1.65,0.98,4.82,1.82,1.05,24208.0,-2.27,-100.0,-0.46,32
Prime Focus Ltd,Jun 2024,Other,Bull,14.61,3.61,136.0,11.56,102.0,0.0,15.7,11.3,9.0,0.35,1.65,0.59,-3.33,100.0,1.05,24208.0,-3.98,-75.33,0.57,23
Prime Focus Ltd,Jun 2025,Other,Bull,50.02,18.93,136.0,11.56,102.0,0.0,15.7,11.3,24.0,0.35,1.65,2.14,12.54,-211.11,1.05,24208.0,2.0,150.0,0.88,22
Prime Focus Ltd,Jun 2026,Other,Bull,-34.48,10.51,136.0,11.56,102.0,0.0,15.7,11.3,24.0,0.35,1.65,2.39,4.97,-166.67,1.05,24208.0,-0.53,-100.0,-0.62,26
Prime Focus Ltd,Mar 2024,Other,Bull,-8.22,5.16,136.0,11.56,102.0,0.0,15.7,11.3,4.8,0.35,1.65,0.34,-27.85,11.11,1.05,24208.0,-2.01,-100.0,-0.46,32
Prime Focus Ltd,Mar 2025,Other,Bear,-34.92,26.79,136.0,11.56,102.0,0.0,15.7,11.3,24.0,0.35,1.65,1.74,20.42,59.49,1.05,24208.0,-7.7,-100.0,0.86,30
Prime Focus Ltd,Mar 2026,Other,Bear,43.62,-3.4,136.0,11.56,102.0,0.0,15.7,11.3,35.0,0.35,1.65,3.3,35.29,7.27,1.05,24208.0,1.06,113.77,0.57,27
Prime Focus Ltd,Sep 2023,Other,Bull,-24.52,16.09,136.0,11.56,102.0,0.0,15.7,11.3,-0.7,0.35,1.65,-0.04,-19.02,458.7,1.05,24208.0,-7.37,-100.0,0.9,32
Prime Focus Ltd,Sep 2024,Other,Bull,-2.41,8.41,136.0,11.56,102.0,0.0,15.7,11.3,24.0,0.35,1.65,1.65,2.75,-162.5,1.05,24208.0,1.11,115.06,0.84,28
Prime Focus Ltd,Sep 2025,Other,Bear,17.54,21.42,136.0,11.56,102.0,0.0,15.7,11.3,28.0,0.35,1.65,2.47,8.38,-101.59,1.05,24208.0,0.05,-95.5,-0.62,32
PG Electroplast Ltd,Dec 2023,Manufacturing,Bull,33.54,13.59,75.9,5.09,56.92,0.05,6.7,10.3,8.0,0.35,1.65,4.2,4.53,4.31,1.05,15628.0,0.74,8.7,0.84,31
PG Electroplast Ltd,Dec 2024,Manufacturing,Bear,55.15,-9.73,75.9,5.09,56.92,0.05,6.7,10.3,9.0,0.35,1.65,3.86,4.53,4.31,1.05,15628.0,1.4,89.19,0.9,23
PG Electroplast Ltd,Dec 2025,Manufacturing,Bull,12.62,6.68,75.9,5.09,56.92,0.05,6.7,10.3,8.0,0.35,1.65,4.68,4.53,4.31,1.05,15628.0,2.17,55.0,0.92,28
PG Electroplast Ltd,Jun 2023,Manufacturing,Bull,16.25,11.39,75.9,5.09,56.92,0.05,6.7,10.3,10.0,0.35,1.65,4.71,4.53,4.31,1.05,15628.0,1.49,-31.34,-0.68,30
PG Electroplast Ltd,Jun 2024,Manufacturing,Bull,98.31,25.36,75.9,5.09,56.92,0.05,6.7,10.3,10.0,0.35,1.65,7.28,123.91,342.11,1.05,15628.0,3.21,115.44,0.82,23
PG Electroplast Ltd,Jun 2025,Manufacturing,Bull,-16.3,7.81,75.9,5.09,56.92,0.05,6.7,10.3,8.0,0.35,1.65,3.56,55.37,67.5,1.05,15628.0,2.36,-26.48,0.88,31
PG Electroplast Ltd,Jun 2026,Manufacturing,Bull,10.92,-4.58,75.9,5.09,56.92,0.05,6.7,10.3,7.0,0.35,1.65,4.23,44.05,22.58,1.05,15628.0,2.67,13.14,0.78,30
PG Electroplast Ltd,Mar 2024,Manufacturing,Bull,-30.3,39.25,75.9,5.09,56.92,0.05,6.7,10.3,11.0,0.35,1.65,7.25,58.85,105.88,1.05,15628.0,2.67,0.0,0.89,30
PG Electroplast Ltd,Mar 2025,Manufacturing,Bear,-10.46,-7.14,75.9,5.09,56.92,0.05,6.7,10.3,11.0,0.35,1.65,6.42,44.59,72.62,1.05,15628.0,5.13,92.13,0.62,30
PG Electroplast Ltd,Mar 2026,Manufacturing,Bear,-18.84,-0.78,75.9,5.09,56.92,0.05,6.7,10.3,7.0,0.35,1.65,4.58,14.16,-2.99,1.05,15628.0,2.27,-55.75,-0.49,26
PG Electroplast Ltd,Sep 2023,Manufacturing,Bull,14.14,9.22,75.9,5.09,56.92,0.05,6.7,10.3,8.0,0.35,1.65,3.17,-55.39,-84.21,1.05,15628.0,0.48,-78.85,0.32,27
PG Electroplast Ltd,Sep 2024,Manufacturing,Bull,64.62,46.81,75.9,5.09,56.92,0.05,6.7,10.3,8.0,0.35,1.65,3.73,-37.7,-72.86,1.05,15628.0,0.74,54.17,0.87,28
PG Electroplast Ltd,Sep 2025,Manufacturing,Bear,-30.49,-2.69,75.9,5.09,56.92,0.05,6.7,10.3,4.6,0.35,1.65,1.76,-55.39,-97.93,1.05,15628.0,0.1,-86.49,-0.44,30
Phoenix Mills Ltd,Dec 2023,Other,Bull,23.41,-4.53,52.1,6.16,39.08,0.13,11.0,12.4,56.0,0.35,1.65,5.31,4.82,1.82,1.05,67601.0,7.82,8.7,0.03,34
Phoenix Mills Ltd,Dec 2024,Other,Bear,-6.8,-0.7,52.1,6.16,39.08,0.13,11.0,12.4,57.0,0.35,1.65,5.37,4.82,1.82,1.05,67601.0,7.41,-5.24,-0.36,28
Phoenix Mills Ltd,Dec 2025,Other,Bull,18.53,0.99,52.1,6.16,39.08,0.13,11.0,12.4,59.0,0.35,1.65,6.43,4.82,1.82,1.05,67601.0,7.71,4.05,0.51,26
Phoenix Mills Ltd,Jun 2023,Other,Bull,18.38,3.89,52.1,6.16,39.08,0.13,11.0,12.4,61.0,0.35,1.65,5.12,4.82,1.82,1.05,67601.0,6.73,-12.71,-0.03,33
Phoenix Mills Ltd,Jun 2024,Other,Bull,26.08,-0.8,52.1,6.16,39.08,0.13,11.0,12.4,59.0,0.35,1.65,5.16,-8.32,-8.7,1.05,67601.0,6.5,-3.42,0.32,26
Phoenix Mills Ltd,Jun 2025,Other,Bull,-2.46,4.73,52.1,6.16,39.08,0.13,11.0,12.4,59.0,0.35,1.65,5.94,-2.26,-9.07,1.05,67601.0,6.73,3.54,0.23,25
Phoenix Mills Ltd,Jun 2026,Other,Bull,28.4,-0.66,52.1,6.16,39.08,0.13,11.0,12.4,60.0,0.35,1.65,6.83,-4.1,7.65,1.05,67601.0,8.3,23.33,0.88,31
Phoenix Mills Ltd,Mar 2024,Other,Bull,23.46,21.02,52.1,6.16,39.08,0.13,11.0,12.4,48.0,0.35,1.65,6.27,61.04,34.71,1.05,67601.0,9.14,10.12,-0.05,26
Phoenix Mills Ltd,Mar 2025,Other,Bear,3.42,2.62,52.1,6.16,39.08,0.13,11.0,12.4,55.0,0.35,1.65,5.96,12.39,10.48,1.05,67601.0,7.52,-17.72,-0.53,29
Phoenix Mills Ltd,Mar 2026,Other,Bear,-19.57,1.1,52.1,6.16,39.08,0.13,11.0,12.4,61.0,0.35,1.65,7.73,29.38,51.09,1.05,67601.0,11.28,50.0,0.87,25
Phoenix Mills Ltd,Sep 2023,Other,Bull,14.66,3.09,52.1,6.16,39.08,0.13,11.0,12.4,58.0,0.35,1.65,5.27,-18.6,-22.59,1.05,67601.0,7.07,-37.32,0.82,30
Phoenix Mills Ltd,Sep 2024,Other,Bull,3.51,21.45,52.1,6.16,39.08,0.13,11.0,12.4,56.0,0.35,1.65,5.03,-29.71,-25.51,1.05,67601.0,6.1,-13.72,0.0,26
Phoenix Mills Ltd,Sep 2025,Other,Bear,0.76,2.51,52.1,6.16,39.08,0.13,11.0,12.4,60.0,0.35,1.65,7.25,9.74,10.34,1.05,67601.0,8.5,39.34,0.62,25
P I Industries Ltd,Dec 2023,Chemicals,Bull,2.97,-4.41,31.7,3.05,23.78,0.66,11.2,15.0,29.0,0.35,1.65,79.14,4.4,0.0,1.05,34273.0,29.57,8.7,0.46,26
P I Industries Ltd,Dec 2024,Chemicals,Bear,-22.1,2.45,31.7,3.05,23.78,0.66,11.2,15.0,27.0,0.35,1.65,64.0,4.4,0.0,1.05,34273.0,24.57,-16.91,0.36,31
P I Industries Ltd,Dec 2025,Chemicals,Bull,-9.65,8.17,31.7,3.05,23.78,0.66,11.2,15.0,22.0,0.35,1.65,50.33,4.4,0.0,1.05,34273.0,20.52,-16.48,0.8,30
P I Industries Ltd,Jun 2023,Chemicals,Bull,31.77,-4.29,31.7,3.05,23.78,0.66,11.2,15.0,24.0,0.35,1.65,117.0,4.4,0.0,1.05,34273.0,25.24,23.0,0.92,26
P I Industries Ltd,Jun 2024,Chemicals,Bull,-2.3,5.26,31.7,3.05,23.78,0.66,11.2,15.0,28.0,0.35,1.65,72.88,9.01,0.0,1.05,34273.0,29.58,17.19,0.71,30
P I Industries Ltd,Jun 2025,Chemicals,Bull,18.96,-1.32,31.7,3.05,23.78,0.66,11.2,15.0,27.0,0.35,1.65,129.75,-0.05,7.24,1.05,34273.0,26.36,-10.89,-0.4,33
P I Industries Ltd,Jun 2026,Chemicals,Bull,-10.19,-2.1,31.7,3.05,23.78,0.66,11.2,15.0,22.0,0.35,1.65,45.88,23.69,-21.54,1.05,34273.0,16.1,-38.92,-0.57,27
P I Industries Ltd,Mar 2024,Chemicals,Bull,11.36,-0.69,31.7,3.05,23.78,0.66,11.2,15.0,25.0,0.35,1.65,40.18,-8.85,-3.39,1.05,34273.0,24.35,51.24,0.88,29
P I Industries Ltd,Mar 2025,Chemicals,Bear,-6.95,7.62,31.7,3.05,23.78,0.66,11.2,15.0,25.0,0.35,1.65,57.0,-13.63,-26.5,1.05,34273.0,21.78,-10.55,0.46,24
P I Industries Ltd,Mar 2026,Chemicals,Bear,-15.4,-8.77,31.7,3.05,23.78,0.66,11.2,15.0,22.0,0.35,1.65,84.25,-17.63,-50.0,1.05,34273.0,13.2,-39.39,0.32,33
P I Industries Ltd,Sep 2023,Chemicals,Bull,-10.46,-8.5,31.7,3.05,23.78,0.66,11.2,15.0,26.0,0.35,1.65,68.88,24.38,96.72,1.05,34273.0,31.67,139.92,0.88,33
P I Industries Ltd,Sep 2024,Chemicals,Bull,22.27,-4.65,31.7,3.05,23.78,0.66,11.2,15.0,28.0,0.35,1.65,78.5,27.57,37.3,1.05,34273.0,33.5,5.78,0.88,25
P I Industries Ltd,Sep 2025,Chemicals,Bear,-15.22,-8.39,31.7,3.05,23.78,0.66,11.2,15.0,29.0,0.35,1.65,180.33,4.76,23.94,1.05,34273.0,26.98,-19.46,0.71,26
Pine Labs Ltd,Dec 2024,Banking,Bear,-1.61,2.21,180.0,3.94,135.0,0.0,2.46,4.15,13.0,0.45,1.65,3.5,8.74,9.96,1.05,23328.0,-0.67,-8.7,-0.32,28
Pine Labs Ltd,Dec 2025,Banking,Bull,-4.61,-2.49,180.0,3.94,135.0,0.0,2.46,4.15,18.0,0.45,1.65,5.5,8.74,9.96,1.05,23328.0,0.37,150.0,0.64,32
Pine Labs Ltd,Jun 2025,Banking,Bull,10.79,6.84,180.0,3.94,135.0,0.0,2.46,4.15,7.0,0.45,1.65,2.14,8.74,9.96,1.05,23328.0,0.11,-70.27,-0.68,22
Pine Labs Ltd,Jun 2026,Banking,Bull,0.14,1.5,180.0,3.94,135.0,0.0,2.46,4.15,13.0,0.45,1.65,7.31,8.74,9.96,1.05,23328.0,0.17,54.55,0.57,22
Pine Labs Ltd,Mar 2025,Banking,Bear,-6.59,-8.25,180.0,3.94,135.0,0.0,2.46,4.15,9.0,0.45,1.65,2.59,-0.5,-49.12,1.05,23328.0,-0.34,-100.0,-0.62,30
Pine Labs Ltd,Mar 2026,Banking,Bear,-33.57,-1.25,180.0,3.94,135.0,0.0,2.46,4.15,15.0,0.45,1.65,6.24,-5.78,40.48,1.05,23328.0,0.52,150.0,0.71,23
Pine Labs Ltd,Sep 2024,Banking,Bull,-107.12,-123.1,180.0,3.94,135.0,0.0,2.46,4.15,6.0,0.45,1.65,1.78,-10.39,-596.89,1.05,23328.0,-0.38,-100.0,-0.25,32
Pine Labs Ltd,Sep 2025,Banking,Bear,-19.76,-3.81,180.0,3.94,135.0,0.0,2.46,4.15,12.0,0.45,1.65,3.57,-11.8,-70.0,1.05,23328.0,0.13,134.21,0.88,31
Piramal Finance Ltd,Dec 2022,Banking,Bull,12.58,5.09,119.0,1.82,89.25,0.49,0.86,6.47,10.0,0.45,1.65,0.22,8.74,9.96,1.05,53374.0,1.32,8.7,0.2,25
Piramal Finance Ltd,Dec 2023,Banking,Bull,18.29,10.34,119.0,1.82,89.25,0.49,0.86,6.47,57.0,0.45,1.65,1.03,8.74,9.96,1.05,53374.0,-0.6,-100.0,-0.18,33
Piramal Finance Ltd,Dec 2024,Banking,Bear,2.24,4.01,119.0,1.82,89.25,0.49,0.86,6.47,51.0,0.45,1.65,1.06,8.74,9.96,1.05,53374.0,0.02,103.33,0.82,29
Piramal Finance Ltd,Dec 2025,Banking,Bull,24.19,12.92,119.0,1.82,89.25,0.49,0.86,6.47,66.0,0.45,1.65,1.18,8.74,9.96,1.05,53374.0,17.69,150.0,0.82,30
Piramal Finance Ltd,Jun 2022,Banking,Bear,-18.48,-15.19,119.0,1.82,89.25,0.49,0.86,6.47,78.0,0.45,1.65,1.47,-4.51,-86.9,1.05,53374.0,0.17,-99.04,0.32,34
Piramal Finance Ltd,Jun 2025,Banking,Bull,9.74,-10.36,119.0,1.82,89.25,0.49,0.86,6.47,65.0,0.45,1.65,1.15,56.25,-121.53,1.05,53374.0,0.11,-35.29,0.0,27
Piramal Finance Ltd,Jun 2026,Banking,Bull,21.36,10.28,119.0,1.82,89.25,0.49,0.86,6.47,62.0,0.45,1.65,1.2,19.22,724.9,1.05,53374.0,20.34,150.0,0.36,33
Piramal Finance Ltd,Mar 2023,Banking,Bear,-364.46,-408.11,119.0,1.82,89.25,0.49,0.86,6.47,41.0,0.45,1.65,0.79,-43.8,-596.89,1.05,53374.0,-4.2,-100.0,0.0,30
Piramal Finance Ltd,Mar 2024,Banking,Bull,-47.44,-55.04,119.0,1.82,89.25,0.49,0.86,6.47,-62.0,0.45,1.65,-1.06,2.69,-303.24,1.05,53374.0,-0.32,92.38,0.82,32
Piramal Finance Ltd,Mar 2025,Banking,Bear,3.11,-8.99,119.0,1.82,89.25,0.49,0.86,6.47,46.0,0.45,1.65,0.93,8.15,-63.04,1.05,53374.0,0.04,112.5,0.62,24
Piramal Finance Ltd,Mar 2026,Banking,Bear,11.52,7.4,119.0,1.82,89.25,0.49,0.86,6.47,42.0,0.45,1.65,0.86,1.66,8.89,1.05,53374.0,22.14,150.0,0.92,30
Piramal Finance Ltd,Sep 2024,Banking,Bull,2.34,-8.5,119.0,1.82,89.25,0.49,0.86,6.47,60.0,0.45,1.65,1.1,44.21,-101.81,1.05,53374.0,0.07,-99.68,-0.03,33
Piramal Finance Ltd,Sep 2025,Banking,Bear,0.12,-2.81,119.0,1.82,89.25,0.49,0.86,6.47,68.0,0.45,1.65,1.24,67.27,-143.48,1.05,53374.0,14.42,150.0,0.91,24
PNB Housing Finance Ltd,Dec 2023,Banking,Bull,5.18,-9.9,13.3,1.6,9.98,0.68,12.7,9.4,44.0,0.45,1.65,14.93,8.74,9.96,1.05,30746.0,13.03,8.7,0.1,22
PNB Housing Finance Ltd,Dec 2024,Banking,Bear,-9.68,-19.78,13.3,1.6,9.98,0.68,12.7,9.4,44.0,0.45,1.65,14.93,8.74,9.96,1.05,30746.0,18.6,42.75,0.9,24
PNB Housing Finance Ltd,Dec 2025,Banking,Bull,7.84,2.54,13.3,1.6,9.98,0.68,12.7,9.4,44.0,0.45,1.65,14.93,8.74,9.96,1.05,30746.0,19.97,7.37,0.2,29
PNB Housing Finance Ltd,Jun 2023,Banking,Bull,26.65,11.64,13.3,1.6,9.98,0.68,12.7,9.4,44.0,0.45,1.65,14.93,8.74,9.96,1.05,30746.0,13.38,-33.0,-0.68,23
PNB Housing Finance Ltd,Jun 2024,Banking,Bull,4.74,37.89,13.3,1.6,9.98,0.68,12.7,9.4,44.0,0.45,1.65,14.93,8.74,28.11,1.05,30746.0,16.66,24.51,0.82,22
PNB Housing Finance Ltd,Jun 2025,Banking,Bull,27.1,5.59,13.3,1.6,9.98,0.68,12.7,9.4,44.0,0.45,1.65,14.93,8.74,10.56,1.05,30746.0,20.51,23.11,0.84,26
PNB Housing Finance Ltd,Jun 2026,Banking,Bull,33.12,1.66,13.3,1.6,9.98,0.68,12.7,9.4,44.0,0.45,1.65,14.93,8.74,7.12,1.05,30746.0,21.39,4.29,0.87,22
PNB Housing Finance Ltd,Mar 2024,Banking,Bull,-19.79,13.06,13.3,1.6,9.98,0.68,12.7,9.4,44.0,0.45,1.65,14.93,8.74,26.51,1.05,30746.0,16.91,-20.94,0.92,25
PNB Housing Finance Ltd,Mar 2025,Banking,Bear,-2.93,-1.71,13.3,1.6,9.98,0.68,12.7,9.4,44.0,0.45,1.65,14.93,8.74,27.02,1.05,30746.0,21.17,25.19,0.84,31
PNB Housing Finance Ltd,Mar 2026,Banking,Bear,-23.47,-7.43,13.3,1.6,9.98,0.68,12.7,9.4,44.0,0.45,1.65,14.93,8.74,22.85,1.05,30746.0,25.17,18.89,0.82,23
PNB Housing Finance Ltd,Sep 2023,Banking,Bull,22.8,1.61,13.3,1.6,9.98,0.68,12.7,9.4,44.0,0.45,1.65,14.93,8.74,-31.24,1.05,30746.0,14.75,-41.4,0.6,22
PNB Housing Finance Ltd,Sep 2024,Banking,Bull,22.83,7.23,13.3,1.6,9.98,0.68,12.7,9.4,44.0,0.45,1.65,14.93,8.74,7.06,1.05,30746.0,18.08,22.58,0.9,28
PNB Housing Finance Ltd,Sep 2025,Banking,Bear,-21.38,0.48,13.3,1.6,9.98,0.68,12.7,9.4,44.0,0.45,1.65,14.93,8.74,5.82,1.05,30746.0,22.33,23.51,0.75,29
PB Fintech Ltd,Dec 2023,Banking,Bull,4.5,18.59,111.0,11.37,83.25,0.0,9.75,10.3,-3.1,0.45,1.65,-4.5,8.74,9.96,1.05,83160.0,0.84,8.7,0.62,28
PB Fintech Ltd,Dec 2024,Banking,Bear,21.87,17.09,111.0,11.37,83.25,0.0,9.75,10.3,2.1,0.45,1.65,3.11,8.74,9.96,1.05,83160.0,1.56,85.71,0.91,30
PB Fintech Ltd,Dec 2025,Banking,Bull,8.94,-9.34,111.0,11.37,83.25,0.0,9.75,10.3,9.0,0.45,1.65,17.67,8.74,9.96,1.05,83160.0,4.09,150.0,0.93,31
PB Fintech Ltd,Jun 2023,Banking,Bull,11.9,6.66,111.0,11.37,83.25,0.0,9.75,10.3,-12.0,0.45,1.65,-9.12,8.74,9.96,1.05,83160.0,-0.25,-100.0,0.46,30
PB Fintech Ltd,Jun 2024,Banking,Bull,19.2,7.22,111.0,11.37,83.25,0.0,9.75,10.3,-3.9,0.45,1.65,-6.5,15.96,62.16,1.05,83160.0,1.32,150.0,0.92,34
PB Fintech Ltd,Jun 2025,Banking,Bull,20.42,-3.36,111.0,11.37,83.25,0.0,9.75,10.3,2.5,0.45,1.65,3.78,4.33,18.06,1.05,83160.0,1.84,39.39,0.88,30
PB Fintech Ltd,Jun 2026,Banking,Bull,13.64,4.83,111.0,11.37,83.25,0.0,9.75,10.3,7.0,0.45,1.65,12.45,6.61,-13.76,1.05,83160.0,3.52,91.3,0.87,31
PB Fintech Ltd,Mar 2024,Banking,Bull,40.37,7.9,111.0,11.37,83.25,0.0,9.75,10.3,0.5,0.45,1.65,0.71,63.66,-596.89,1.05,83160.0,1.34,-61.93,0.2,34
PB Fintech Ltd,Mar 2025,Banking,Bear,-24.98,6.34,111.0,11.37,83.25,0.0,9.75,10.3,7.0,0.45,1.65,12.44,49.31,183.33,1.05,83160.0,3.7,150.0,0.88,30
PB Fintech Ltd,Mar 2026,Banking,Bear,-20.93,-8.32,111.0,11.37,83.25,0.0,9.75,10.3,10.0,0.45,1.65,21.2,52.89,207.06,1.05,83160.0,5.64,52.43,0.82,28
PB Fintech Ltd,Sep 2023,Banking,Bull,11.11,3.23,111.0,11.37,83.25,0.0,9.75,10.3,-11.0,0.45,1.65,-9.12,-55.39,-112.88,1.05,83160.0,-0.45,-100.0,0.54,26
PB Fintech Ltd,Sep 2024,Banking,Bull,6.78,22.34,111.0,11.37,83.25,0.0,9.75,10.3,-0.7,0.45,1.65,-0.89,7.06,-15.0,1.05,83160.0,1.11,150.0,0.62,25
PB Fintech Ltd,Sep 2025,Banking,Bear,-7.14,6.1,111.0,11.37,83.25,0.0,9.75,10.3,6.0,0.45,1.65,10.89,7.03,-20.59,1.05,83160.0,2.94,150.0,0.81,31
Polycab India Ltd,Dec 2023,Manufacturing,Bull,2.08,-4.06,43.4,10.33,32.55,0.57,23.0,33.2,13.0,0.35,1.65,17.81,4.53,4.31,1.05,124185.0,27.49,8.7,0.68,33
Polycab India Ltd,Dec 2024,Manufacturing,Bear,-0.74,7.22,43.4,10.33,32.55,0.57,23.0,33.2,14.0,0.35,1.65,14.4,4.53,4.31,1.05,124185.0,30.42,10.66,0.48,35
Polycab India Ltd,Dec 2025,Manufacturing,Bull,3.65,-7.29,43.4,10.33,32.55,0.57,23.0,33.2,13.0,0.35,1.65,14.0,4.53,4.31,1.05,124185.0,41.3,35.77,0.92,26
Polycab India Ltd,Jun 2023,Manufacturing,Bull,20.64,6.47,43.4,10.33,32.55,0.57,23.0,33.2,14.0,0.35,1.65,21.96,4.53,4.31,1.05,124185.0,26.67,-35.42,-0.57,32
Polycab India Ltd,Jun 2024,Manufacturing,Bull,31.3,1.18,43.4,10.33,32.55,0.57,23.0,33.2,12.0,0.35,1.65,14.22,8.25,-3.6,1.05,124185.0,26.34,-1.24,0.23,36
Polycab India Ltd,Jun 2025,Manufacturing,Bull,29.1,2.36,43.4,10.33,32.55,0.57,23.0,33.2,15.0,0.35,1.65,16.82,13.01,29.31,1.05,124185.0,39.34,49.35,0.9,29
Polycab India Ltd,Jun 2026,Manufacturing,Bull,44.52,-3.01,43.4,10.33,32.55,0.57,23.0,33.2,14.0,0.35,1.65,14.2,7.52,26.51,1.05,124185.0,52.07,32.36,0.91,29
Polycab India Ltd,Mar 2024,Manufacturing,Bull,-7.31,9.48,43.4,10.33,32.55,0.57,23.0,33.2,14.0,0.35,1.65,31.75,43.79,37.22,1.05,124185.0,36.34,-30.21,0.82,29
Polycab India Ltd,Mar 2025,Manufacturing,Bear,-29.88,-0.19,43.4,10.33,32.55,0.57,23.0,33.2,15.0,0.35,1.65,31.06,48.7,82.59,1.05,124185.0,48.31,32.94,0.87,33
Polycab India Ltd,Mar 2026,Manufacturing,Bear,-10.81,4.39,43.4,10.33,32.55,0.57,23.0,33.2,13.0,0.35,1.65,15.48,50.08,31.0,1.05,124185.0,51.33,6.25,0.36,27
Polycab India Ltd,Sep 2023,Manufacturing,Bull,51.67,10.52,43.4,10.33,32.55,0.57,23.0,33.2,14.0,0.35,1.65,22.56,-48.62,-46.05,1.05,124185.0,28.37,-44.73,0.05,31
Polycab India Ltd,Sep 2024,Manufacturing,Bull,3.73,16.72,43.4,10.33,32.55,0.57,23.0,33.2,11.0,0.35,1.65,14.04,-1.68,-19.53,1.05,124185.0,29.24,3.07,-0.44,32
Polycab India Ltd,Sep 2025,Manufacturing,Bear,9.33,-4.47,43.4,10.33,32.55,0.57,23.0,33.2,16.0,0.35,1.65,21.27,-7.29,-5.59,1.05,124185.0,45.54,55.75,0.82,31
Poly Medicure Ltd,Dec 2023,Pharma,Bull,4.64,9.31,55.1,5.68,41.32,0.2,9.02,12.5,27.0,0.35,1.65,30.0,8.41,5.51,1.05,17622.0,6.78,8.7,0.65,24
Poly Medicure Ltd,Dec 2024,Pharma,Bear,11.1,-6.59,55.1,5.68,41.32,0.2,9.02,12.5,27.0,0.35,1.65,38.0,8.41,5.51,1.05,17622.0,8.41,24.04,0.9,24
Poly Medicure Ltd,Dec 2025,Pharma,Bull,-9.09,5.07,55.1,5.68,41.32,0.2,9.02,12.5,23.0,0.35,1.65,18.5,8.41,5.51,1.05,17622.0,7.0,-16.77,0.05,21
Poly Medicure Ltd,Jun 2023,Pharma,Bull,22.45,4.51,55.1,5.68,41.32,0.2,9.02,12.5,27.0,0.35,1.65,43.5,8.41,5.51,1.05,17622.0,6.54,-6.57,0.67,28
Poly Medicure Ltd,Jun 2024,Pharma,Bull,22.52,30.08,55.1,5.68,41.32,0.2,9.02,12.5,27.0,0.35,1.65,34.67,13.24,13.85,1.05,17622.0,7.71,17.89,0.77,27
Poly Medicure Ltd,Jun 2025,Pharma,Bull,3.32,6.45,55.1,5.68,41.32,0.2,9.02,12.5,26.0,0.35,1.65,35.33,-4.95,9.41,1.05,17622.0,9.19,19.2,0.93,22
Poly Medicure Ltd,Jun 2026,Pharma,Bull,31.5,0.17,55.1,5.68,41.32,0.2,9.02,12.5,24.0,0.35,1.65,20.83,6.28,19.72,1.05,17622.0,8.49,-7.62,0.64,21
Poly Medicure Ltd,Mar 2024,Pharma,Bull,8.13,18.87,55.1,5.68,41.32,0.2,9.02,12.5,26.0,0.35,1.65,32.0,17.76,7.94,1.05,17622.0,7.12,-16.14,0.0,29
Poly Medicure Ltd,Mar 2025,Pharma,Bear,-16.22,-6.16,55.1,5.68,41.32,0.2,9.02,12.5,27.0,0.35,1.65,59.5,14.55,24.32,1.05,17622.0,9.06,27.25,0.86,30
Poly Medicure Ltd,Mar 2026,Pharma,Bear,-31.64,2.23,55.1,5.68,41.32,0.2,9.02,12.5,21.0,0.35,1.65,18.33,32.75,-30.11,1.05,17622.0,6.54,-27.81,0.0,28
Poly Medicure Ltd,Sep 2023,Pharma,Bull,19.8,5.05,55.1,5.68,41.32,0.2,9.02,12.5,25.0,0.35,1.65,42.0,-35.81,-27.06,1.05,17622.0,6.48,-0.92,0.6,21
Poly Medicure Ltd,Sep 2024,Pharma,Bull,16.81,8.58,55.1,5.68,41.32,0.2,9.02,12.5,27.0,0.35,1.65,38.33,11.11,27.94,1.05,17622.0,8.63,33.18,0.91,26
Poly Medicure Ltd,Sep 2025,Pharma,Bear,-14.0,-3.6,55.1,5.68,41.32,0.2,9.02,12.5,26.0,0.35,1.65,38.33,0.68,0.0,1.05,17622.0,9.06,4.98,0.54,21
Poonawalla Fincorp Ltd,Dec 2023,Banking,Bull,14.02,-8.79,49.8,3.5,37.35,0.0,5.86,7.51,44.0,0.45,1.65,14.93,8.74,9.96,1.05,39208.0,3.45,8.7,0.88,23
Poonawalla Fincorp Ltd,Dec 2024,Banking,Bear,-21.59,-5.93,49.8,3.5,37.35,0.0,5.86,7.51,44.0,0.45,1.65,14.93,8.74,9.96,1.05,39208.0,0.24,-93.04,-0.25,28
Poonawalla Fincorp Ltd,Dec 2025,Banking,Bull,-3.84,1.52,49.8,3.5,37.35,0.0,5.86,7.51,44.0,0.45,1.65,14.93,8.74,9.96,1.05,39208.0,1.85,150.0,0.92,30
Poonawalla Fincorp Ltd,Jun 2023,Banking,Bull,17.09,-10.96,49.8,3.5,37.35,0.0,5.86,7.51,44.0,0.45,1.65,14.93,8.74,9.96,1.05,39208.0,2.94,58.92,0.82,29
Poonawalla Fincorp Ltd,Jun 2024,Banking,Bull,-13.87,10.56,49.8,3.5,37.35,0.0,5.86,7.51,44.0,0.45,1.65,14.93,8.74,10.19,1.05,39208.0,3.76,27.89,0.9,24
Poonawalla Fincorp Ltd,Jun 2025,Banking,Bull,33.39,-6.08,49.8,3.5,37.35,0.0,5.86,7.51,44.0,0.45,1.65,14.93,8.74,231.58,1.05,39208.0,0.8,-78.72,0.88,24
Poonawalla Fincorp Ltd,Jun 2026,Banking,Bull,15.26,-3.7,49.8,3.5,37.35,0.0,5.86,7.51,44.0,0.45,1.65,14.93,8.74,105.33,1.05,39208.0,3.49,150.0,0.88,31
Poonawalla Fincorp Ltd,Mar 2024,Banking,Bull,6.75,-6.14,49.8,3.5,37.35,0.0,5.86,7.51,44.0,0.45,1.65,14.93,8.74,46.9,1.05,39208.0,4.28,22.64,0.8,23
Poonawalla Fincorp Ltd,Mar 2025,Banking,Bear,11.57,6.85,49.8,3.5,37.35,0.0,5.86,7.51,44.0,0.45,1.65,14.93,8.74,-78.77,1.05,39208.0,0.8,-81.31,-0.18,29
Poonawalla Fincorp Ltd,Mar 2026,Banking,Bear,-23.76,-5.19,49.8,3.5,37.35,0.0,5.86,7.51,44.0,0.45,1.65,14.93,8.74,304.76,1.05,39208.0,3.13,150.0,0.88,23
Poonawalla Fincorp Ltd,Sep 2023,Banking,Bull,11.58,11.96,49.8,3.5,37.35,0.0,5.86,7.51,44.0,0.45,1.65,14.93,8.74,179.22,1.05,39208.0,11.19,150.0,0.91,33
Poonawalla Fincorp Ltd,Sep 2024,Banking,Bull,-6.53,-1.78,49.8,3.5,37.35,0.0,5.86,7.51,44.0,0.45,1.65,14.93,8.74,-241.87,1.05,39208.0,-6.06,-100.0,0.36,32
Poonawalla Fincorp Ltd,Sep 2025,Banking,Bear,7.23,-5.52,49.8,3.5,37.35,0.0,5.86,7.51,44.0,0.45,1.65,14.93,8.74,19.35,1.05,39208.0,0.91,115.02,0.86,23
Piramal Pharma Ltd,Dec 2023,Pharma,Bull,36.06,-22.71,51.2,3.44,38.4,0.07,-3.83,2.52,14.0,0.35,1.65,2.53,8.41,5.51,1.05,28138.0,0.08,8.7,0.59,28
Piramal Pharma Ltd,Dec 2024,Pharma,Bear,16.36,-15.14,51.2,3.44,38.4,0.07,-3.83,2.52,15.0,0.35,1.65,3.28,8.41,5.51,1.05,28138.0,0.03,-62.5,-0.05,28
Piramal Pharma Ltd,Dec 2025,Pharma,Bull,-13.48,3.03,51.2,3.44,38.4,0.07,-3.83,2.52,9.0,0.35,1.65,2.2,8.41,5.51,1.05,28138.0,-1.02,-100.0,0.0,24
Piramal Pharma Ltd,Jun 2023,Pharma,Bull,28.58,1.09,51.2,3.44,38.4,0.07,-3.83,2.52,8.0,0.35,1.65,1.11,8.41,5.51,1.05,28138.0,-0.75,26.47,0.62,26
Piramal Pharma Ltd,Jun 2024,Pharma,Bull,21.05,25.28,51.2,3.44,38.4,0.07,-3.83,2.52,10.0,0.35,1.65,1.91,-0.41,-596.89,1.05,28138.0,-0.67,10.67,0.82,26
Piramal Pharma Ltd,Jun 2025,Pharma,Bull,-9.82,4.04,51.2,3.44,38.4,0.07,-3.83,2.52,6.0,0.35,1.65,1.24,-12.25,-596.89,1.05,28138.0,-0.61,8.96,-0.68,23
Piramal Pharma Ltd,Jun 2026,Pharma,Bull,17.95,6.81,51.2,3.44,38.4,0.07,-3.83,2.52,9.0,0.35,1.65,2.22,6.07,-49.26,1.05,28138.0,-0.52,14.75,0.54,25
Piramal Pharma Ltd,Mar 2024,Pharma,Bull,-6.97,5.59,51.2,3.44,38.4,0.07,-3.83,2.52,21.0,0.35,1.65,4.65,45.91,-202.02,1.05,28138.0,0.77,150.0,0.88,23
Piramal Pharma Ltd,Mar 2025,Pharma,Bear,-12.97,-4.02,51.2,3.44,38.4,0.07,-3.83,2.52,20.0,0.35,1.65,5.39,41.16,-273.03,1.05,28138.0,1.16,50.65,0.87,26
Piramal Pharma Ltd,Mar 2026,Pharma,Bear,-19.63,-6.3,51.2,3.44,38.4,0.07,-3.83,2.52,17.0,0.35,1.65,5.55,42.3,-89.02,1.05,28138.0,-0.07,-100.0,-0.18,31
Piramal Pharma Ltd,Sep 2023,Pharma,Bull,13.28,6.47,51.2,3.44,38.4,0.07,-3.83,2.52,14.0,0.35,1.65,2.42,-15.81,-107.25,1.05,28138.0,0.04,150.0,0.8,25
Piramal Pharma Ltd,Sep 2024,Pharma,Bull,44.76,-1.05,51.2,3.44,38.4,0.07,-3.83,2.52,15.0,0.35,1.65,3.17,-12.15,-77.23,1.05,28138.0,0.17,26.0,0.82,25
Piramal Pharma Ltd,Sep 2025,Pharma,Bear,-6.57,-12.16,51.2,3.44,38.4,0.07,-3.83,2.52,8.0,0.35,1.65,1.94,-25.78,-164.29,1.05,28138.0,-0.75,-100.0,0.6,32
Premier Energies Ltd,Dec 2023,Manufacturing,Bull,15.75,7.6,26.6,10.24,19.95,0.1,42.4,33.3,17.0,0.35,1.65,3.32,4.53,4.31,1.05,44224.0,1.64,8.7,0.77,28
Premier Energies Ltd,Dec 2024,Manufacturing,Bear,21.97,8.18,26.6,10.24,19.95,0.1,42.4,33.3,30.0,0.35,1.65,10.94,4.53,4.31,1.05,44224.0,5.66,150.0,0.93,31
Premier Energies Ltd,Dec 2025,Manufacturing,Bull,-17.27,-8.37,26.6,10.24,19.95,0.1,42.4,33.3,31.0,0.35,1.65,12.62,4.53,4.31,1.05,44224.0,8.65,52.83,0.83,31
Premier Energies Ltd,Jun 2023,Manufacturing,Bull,8.18,3.57,26.6,10.24,19.95,0.1,42.4,33.3,12.0,0.35,1.65,3.94,4.53,4.31,1.05,44224.0,1.19,-86.24,0.77,29
Premier Energies Ltd,Jun 2024,Manufacturing,Bull,92.14,32.41,26.6,10.24,19.95,0.1,42.4,33.3,22.0,0.35,1.65,7.96,123.91,360.47,1.05,44224.0,5.93,150.0,0.95,28
Premier Energies Ltd,Jun 2025,Manufacturing,Bull,16.6,5.72,26.6,10.24,19.95,0.1,42.4,33.3,30.0,0.35,1.65,14.81,6.3,20.78,1.05,44224.0,6.83,15.18,0.91,26
Premier Energies Ltd,Jun 2026,Manufacturing,Bull,12.17,-0.16,26.6,10.24,19.95,0.1,42.4,33.3,29.0,0.35,1.65,16.23,27.22,20.41,1.05,44224.0,10.2,49.34,0.93,28
Premier Energies Ltd,Mar 2024,Manufacturing,Bull,63.13,49.98,26.6,10.24,19.95,0.1,42.4,33.3,16.0,0.35,1.65,4.09,84.45,235.48,1.05,44224.0,3.95,-61.27,0.93,31
Premier Energies Ltd,Mar 2025,Manufacturing,Bear,-29.58,-2.3,26.6,10.24,19.95,0.1,42.4,33.3,33.0,0.35,1.65,12.28,-2.17,40.4,1.05,44224.0,6.16,55.95,0.83,26
Premier Energies Ltd,Mar 2026,Manufacturing,Bear,5.25,5.4,26.6,10.24,19.95,0.1,42.4,33.3,30.0,0.35,1.65,16.46,22.46,48.38,1.05,44224.0,10.08,63.64,0.94,23
Premier Energies Ltd,Sep 2023,Manufacturing,Bull,-33.04,-23.02,26.6,10.24,19.95,0.1,42.4,33.3,14.0,0.35,1.65,4.71,-55.39,-88.77,1.05,44224.0,2.01,-80.06,0.77,32
Premier Energies Ltd,Sep 2024,Manufacturing,Bull,28.93,19.33,26.6,10.24,19.95,0.1,42.4,33.3,25.0,0.35,1.65,9.07,35.49,98.08,1.05,44224.0,4.57,127.36,0.95,33
Premier Energies Ltd,Sep 2025,Manufacturing,Bear,-3.27,-7.39,26.6,10.24,19.95,0.1,42.4,33.3,31.0,0.35,1.65,17.53,13.33,26.98,1.05,44224.0,7.8,70.68,0.91,30
Prestige Estates Projects Ltd,Dec 2023,Other,Bull,90.73,3.34,56.6,3.96,42.45,0.13,7.53,10.4,30.0,0.35,1.65,1.83,4.82,1.82,1.05,64523.0,2.9,8.7,0.88,26
Prestige Estates Projects Ltd,Dec 2024,Other,Bear,-6.8,-7.86,56.6,3.96,42.45,0.13,7.53,10.4,35.0,0.35,1.65,1.69,4.82,1.82,1.05,64523.0,0.41,-85.86,0.1,24
Prestige Estates Projects Ltd,Dec 2025,Other,Bull,3.42,-11.36,56.6,3.96,42.45,0.13,7.53,10.4,22.0,0.35,1.65,2.24,4.82,1.82,1.05,64523.0,5.17,150.0,0.8,24
Prestige Estates Projects Ltd,Jun 2023,Other,Bull,39.51,15.54,56.6,3.96,42.45,0.13,7.53,10.4,31.0,0.35,1.65,2.19,4.82,1.82,1.05,64523.0,6.66,28.82,0.87,34
Prestige Estates Projects Ltd,Jun 2024,Other,Bull,49.37,2.28,56.6,3.96,42.45,0.13,7.53,10.4,42.0,0.35,1.65,2.27,3.67,86.06,1.05,64523.0,5.8,-12.91,0.36,34
Prestige Estates Projects Ltd,Jun 2025,Other,Bull,45.72,-4.51,56.6,3.96,42.45,0.13,7.53,10.4,38.0,0.35,1.65,2.28,39.48,724.9,1.05,64523.0,6.79,17.07,0.92,26
Prestige Estates Projects Ltd,Jun 2026,Other,Bull,36.66,-0.24,56.6,3.96,42.45,0.13,7.53,10.4,32.0,0.35,1.65,2.03,-30.93,10.61,1.05,64523.0,5.48,-19.29,-0.68,29
Prestige Estates Projects Ltd,Mar 2024,Other,Bull,-1.57,24.71,56.6,3.96,42.45,0.13,7.53,10.4,38.0,0.35,1.65,1.95,28.73,-25.79,1.05,64523.0,3.49,-36.31,0.0,24
Prestige Estates Projects Ltd,Mar 2025,Other,Bear,-28.37,16.72,56.6,3.96,42.45,0.13,7.53,10.4,35.0,0.35,1.65,1.85,-17.94,-85.99,1.05,64523.0,0.58,-83.38,-0.68,25
Prestige Estates Projects Ltd,Mar 2026,Other,Bear,-29.77,3.36,56.6,3.96,42.45,0.13,7.53,10.4,25.0,0.35,1.65,2.35,76.59,-6.41,1.05,64523.0,5.81,150.0,0.81,24
Prestige Estates Projects Ltd,Sep 2023,Other,Bull,5.05,27.65,56.6,3.96,42.45,0.13,7.53,10.4,26.0,0.35,1.65,2.22,-16.41,235.79,1.05,64523.0,21.23,150.0,0.74,31
Prestige Estates Projects Ltd,Sep 2024,Other,Bull,0.36,13.85,56.6,3.96,42.45,0.13,7.53,10.4,27.0,0.35,1.65,1.74,6.47,-0.42,1.05,64523.0,4.46,-78.99,0.46,27
Prestige Estates Projects Ltd,Sep 2025,Other,Bear,-7.65,-5.58,56.6,3.96,42.45,0.13,7.53,10.4,37.0,0.35,1.65,2.36,59.16,724.9,1.05,64523.0,9.99,123.99,0.88,34
PTC Industries Ltd,Dec 2023,Manufacturing,Bull,3.36,2.72,282.0,23.51,211.5,0.0,7.02,8.43,28.0,0.35,1.65,3.75,4.53,4.31,1.05,35427.0,5.95,8.7,0.25,31
PTC Industries Ltd,Dec 2024,Manufacturing,Bear,-3.87,-8.01,282.0,23.51,211.5,0.0,7.02,8.43,23.0,0.35,1.65,15.0,4.53,4.31,1.05,35427.0,9.5,59.66,0.87,32
PTC Industries Ltd,Dec 2025,Manufacturing,Bull,18.37,3.65,282.0,23.51,211.5,0.0,7.02,8.43,16.0,0.35,1.65,8.33,4.53,4.31,1.05,35427.0,12.24,28.84,0.92,29
PTC Industries Ltd,Jun 2023,Manufacturing,Bull,49.9,-2.28,282.0,23.51,211.5,0.0,7.02,8.43,28.0,0.35,1.65,5.0,4.53,4.31,1.05,35427.0,8.43,-31.13,-0.05,29
PTC Industries Ltd,Jun 2024,Manufacturing,Bull,76.97,1.4,282.0,23.51,211.5,0.0,7.02,8.43,21.0,0.35,1.65,3.33,-14.55,-37.5,1.05,35427.0,3.39,-59.79,-0.46,31
PTC Industries Ltd,Jun 2025,Manufacturing,Bull,8.69,3.39,282.0,23.51,211.5,0.0,7.02,8.43,9.0,0.35,1.65,4.5,44.78,-64.29,1.05,35427.0,3.44,1.47,-0.49,31
PTC Industries Ltd,Jun 2026,Manufacturing,Bull,14.1,7.41,282.0,23.51,211.5,0.0,7.02,8.43,25.0,0.35,1.65,12.25,23.08,61.11,1.05,35427.0,19.47,150.0,0.64,31
PTC Industries Ltd,Mar 2024,Manufacturing,Bull,11.12,99.29,282.0,23.51,211.5,0.0,7.02,8.43,30.0,0.35,1.65,7.33,0.0,36.36,1.05,35427.0,10.19,-47.66,0.25,30
PTC Industries Ltd,Mar 2025,Manufacturing,Bear,12.07,6.45,282.0,23.51,211.5,0.0,7.02,8.43,24.0,0.35,1.65,29.0,123.91,400.0,1.05,35427.0,16.4,60.94,0.88,30
PTC Industries Ltd,Mar 2026,Manufacturing,Bear,-18.35,10.81,282.0,23.51,211.5,0.0,7.02,8.43,32.0,0.35,1.65,36.5,123.91,724.9,1.05,35427.0,39.96,143.66,0.87,23
PTC Industries Ltd,Sep 2023,Manufacturing,Bull,30.19,17.39,282.0,23.51,211.5,0.0,7.02,8.43,27.0,0.35,1.65,4.0,-55.39,-72.41,1.05,35427.0,6.0,-84.98,0.03,31
PTC Industries Ltd,Sep 2024,Manufacturing,Bull,1.43,3.21,282.0,23.51,211.5,0.0,7.02,8.43,29.0,0.35,1.65,7.0,0.0,13.33,1.05,35427.0,11.56,92.67,0.88,30
PTC Industries Ltd,Sep 2025,Manufacturing,Bear,4.01,1.17,282.0,23.51,211.5,0.0,7.02,8.43,21.0,0.35,1.65,13.0,2.46,-28.0,1.05,35427.0,12.11,4.76,0.62,25
PVR Inox Ltd,Dec 2023,Other,Bull,-3.25,-8.03,38.3,1.65,28.72,0.0,4.92,6.79,31.0,0.35,1.65,2.4,4.82,1.82,1.05,12148.0,1.3,8.7,0.76,24
PVR Inox Ltd,Dec 2024,Other,Bear,-20.79,-3.8,38.3,1.65,28.72,0.0,4.92,6.79,31.0,0.35,1.65,2.6,4.82,1.82,1.05,12148.0,3.66,150.0,0.91,30
PVR Inox Ltd,Dec 2025,Other,Bull,-7.63,-10.46,38.3,1.65,28.72,0.0,4.92,6.79,34.0,0.35,1.65,3.47,4.82,1.82,1.05,12148.0,9.75,150.0,0.57,27
PVR Inox Ltd,Jun 2023,Other,Bull,-9.29,3.63,38.3,1.65,28.72,0.0,4.92,6.79,27.0,0.35,1.65,1.81,4.82,1.82,1.05,12148.0,-8.33,-100.0,-0.05,24
PVR Inox Ltd,Jun 2024,Other,Bull,3.04,10.34,38.3,1.65,28.72,0.0,4.92,6.79,21.0,0.35,1.65,1.24,-22.96,-596.89,1.05,12148.0,-18.21,-100.0,-0.49,23
PVR Inox Ltd,Jun 2025,Other,Bull,0.78,6.17,38.3,1.65,28.72,0.0,4.92,6.79,28.0,0.35,1.65,2.12,-15.55,-250.0,1.05,12148.0,-5.5,69.8,0.74,29
PVR Inox Ltd,Jun 2026,Other,Bull,1.76,2.42,38.3,1.65,28.72,0.0,4.92,6.79,33.0,0.35,1.65,3.22,-12.32,-41.05,1.05,12148.0,5.75,150.0,0.34,26
PVR Inox Ltd,Mar 2024,Other,Bull,-20.12,8.18,38.3,1.65,28.72,0.0,4.92,6.79,22.0,0.35,1.65,1.39,-3.75,58.54,1.05,12148.0,-13.2,-100.0,0.9,27
PVR Inox Ltd,Mar 2025,Other,Bear,-30.72,-3.69,38.3,1.65,28.72,0.0,4.92,6.79,24.0,0.35,1.65,1.47,3.27,-30.17,1.05,12148.0,-12.73,3.56,-0.53,21
PVR Inox Ltd,Mar 2026,Other,Bear,-9.68,-6.57,38.3,1.65,28.72,0.0,4.92,6.79,29.0,0.35,1.65,2.61,6.69,-444.44,1.05,12148.0,19.01,150.0,0.74,23
PVR Inox Ltd,Sep 2023,Other,Bull,24.52,7.63,38.3,1.65,28.72,0.0,4.92,6.79,35.0,0.35,1.65,3.54,23.3,196.43,1.05,12148.0,16.95,-10.84,0.78,25
PVR Inox Ltd,Sep 2024,Other,Bull,11.07,1.35,38.3,1.65,28.72,0.0,4.92,6.79,30.0,0.35,1.65,2.33,29.14,-90.77,1.05,12148.0,-1.2,-100.0,0.1,20
PVR Inox Ltd,Sep 2025,Other,Bear,11.44,-1.86,38.3,1.65,28.72,0.0,4.92,6.79,34.0,0.35,1.65,3.26,48.21,-184.8,1.05,12148.0,10.76,150.0,-0.05,26
Physicswallah Ltd,Dec 2024,Other,Bear,-8.32,-4.75,631.92,8.61,473.94,0.0,-0.48,4.02,23.0,0.35,1.65,9.68,4.82,1.82,1.05,39481.0,15.11,8.7,0.66,24
Physicswallah Ltd,Dec 2025,Other,Bull,-14.45,-4.23,631.92,8.61,473.94,0.0,-0.48,4.02,22.0,0.35,1.65,11.24,4.82,1.82,1.05,39481.0,0.35,-97.68,-0.3,28
Physicswallah Ltd,Jun 2025,Other,Bull,10.21,2.52,631.92,8.61,473.94,0.0,-0.48,4.02,-9.0,0.35,1.65,-2.3,4.82,1.82,1.05,39481.0,-0.55,-100.0,-0.3,32
Physicswallah Ltd,Jun 2026,Other,Bull,39.47,-0.43,631.92,8.61,473.94,0.0,-0.48,4.02,-5.0,0.35,1.65,-2.19,4.82,1.82,1.05,39481.0,-0.27,50.91,0.82,23
Physicswallah Ltd,Mar 2025,Other,Bear,-85.6,-86.42,631.92,8.61,473.94,0.0,-0.48,4.02,-38.0,0.35,1.65,-8.18,-24.69,-475.32,1.05,39481.0,-1.34,-100.0,-0.2,29
Physicswallah Ltd,Mar 2026,Other,Bear,-34.18,-6.2,631.92,8.61,473.94,0.0,-0.48,4.02,3.1,0.35,1.65,1.26,-15.06,-167.65,1.05,39481.0,-0.26,80.6,0.62,24
Physicswallah Ltd,Sep 2024,Other,Bull,-19.06,-26.07,631.92,8.61,473.94,0.0,-0.48,4.02,16.0,0.35,1.65,10.31,-1.77,-132.28,1.05,39481.0,7.42,150.0,0.74,32
Physicswallah Ltd,Sep 2025,Other,Bear,-33.32,-14.93,631.92,8.61,473.94,0.0,-0.48,4.02,17.0,0.35,1.65,7.24,-0.28,-179.55,1.05,39481.0,0.33,-95.55,0.62,32
Radico Khaitan Ltd,Dec 2023,Other,Bull,38.14,6.33,82.4,17.61,61.8,0.21,20.3,24.2,12.0,0.35,1.65,7.94,4.82,1.82,1.05,58525.0,5.62,8.7,0.57,26
Radico Khaitan Ltd,Dec 2024,Other,Bear,25.38,-7.83,82.4,17.61,61.8,0.21,20.3,24.2,14.0,0.35,1.65,9.15,4.82,1.82,1.05,58525.0,7.14,27.05,0.91,26
Radico Khaitan Ltd,Dec 2025,Other,Bull,13.18,13.53,82.4,17.61,61.8,0.21,20.3,24.2,17.0,0.35,1.65,16.69,4.82,1.82,1.05,58525.0,11.57,62.04,0.86,33
Radico Khaitan Ltd,Jun 2023,Other,Bull,2.6,-5.96,82.4,17.61,61.8,0.21,20.3,24.2,13.0,0.35,1.65,10.0,4.82,1.82,1.05,58525.0,5.11,-55.83,0.82,32
Radico Khaitan Ltd,Jun 2024,Other,Bull,3.13,22.15,82.4,17.61,61.8,0.21,20.3,24.2,13.0,0.35,1.65,9.19,-2.07,0.0,1.05,58525.0,5.64,10.37,0.25,30
Radico Khaitan Ltd,Jun 2025,Other,Bull,12.46,0.69,82.4,17.61,61.8,0.21,20.3,24.2,15.0,0.35,1.65,14.5,16.38,37.89,1.05,58525.0,9.75,72.87,0.77,29
Radico Khaitan Ltd,Jun 2026,Other,Bull,47.0,-1.88,82.4,17.61,61.8,0.21,20.3,24.2,21.0,0.35,1.65,29.08,8.86,48.39,1.05,58525.0,17.14,75.79,0.74,31
Radico Khaitan Ltd,Mar 2024,Other,Bull,2.47,6.48,82.4,17.61,61.8,0.21,20.3,24.2,11.0,0.35,1.65,7.06,13.1,-20.59,1.05,58525.0,4.03,-76.49,0.32,32
Radico Khaitan Ltd,Mar 2025,Other,Bear,-5.93,0.69,82.4,17.61,61.8,0.21,20.3,24.2,14.0,0.35,1.65,8.09,14.69,22.67,1.05,58525.0,6.88,70.72,0.92,33
Radico Khaitan Ltd,Mar 2026,Other,Bear,-19.2,1.21,82.4,17.61,61.8,0.21,20.3,24.2,19.0,0.35,1.65,18.93,-0.13,36.64,1.05,58525.0,13.4,94.77,0.78,34
Radico Khaitan Ltd,Sep 2023,Other,Bull,-5.58,14.49,82.4,17.61,61.8,0.21,20.3,24.2,13.0,0.35,1.65,10.08,-45.07,-71.74,1.05,58525.0,4.85,-63.81,0.2,32
Radico Khaitan Ltd,Sep 2024,Other,Bull,15.11,9.75,82.4,17.61,61.8,0.21,20.3,24.2,14.0,0.35,1.65,9.53,3.43,50.0,1.05,58525.0,6.03,24.33,0.91,30
Radico Khaitan Ltd,Sep 2025,Other,Bear,12.57,-1.92,82.4,17.61,61.8,0.21,20.3,24.2,16.0,0.35,1.65,14.88,14.57,52.17,1.05,58525.0,10.42,72.8,0.87,30
Railtel Corporation of India Ltd,Dec 2020,Other,Bull,24.59,9.6,44.5,4.84,33.38,1.25,12.0,16.2,30.0,0.35,1.65,7.03,4.82,1.82,1.05,8341.0,2.17,8.7,0.78,24
Railtel Corporation of India Ltd,Dec 2021,Other,Bear,-8.53,10.84,44.5,4.84,33.38,1.25,12.0,16.2,17.0,0.35,1.65,71.0,4.82,1.82,1.05,8341.0,2.06,-5.07,0.71,27
Railtel Corporation of India Ltd,Dec 2022,Other,Bull,20.37,-13.76,44.5,4.84,33.38,1.25,12.0,16.2,16.0,0.35,1.65,37.0,4.82,1.82,1.05,8341.0,1.0,-51.46,-0.18,20
Railtel Corporation of India Ltd,Jun 2021,Other,Bull,9.78,2.45,44.5,4.84,33.38,1.25,12.0,16.2,19.0,0.35,1.65,60.0,4.82,1.82,1.05,8341.0,0.66,-34.0,0.57,28
Railtel Corporation of India Ltd,Jun 2022,Other,Bear,5.93,7.61,44.5,4.84,33.38,1.25,12.0,16.2,18.0,0.35,1.65,67.0,-8.27,-62.86,1.05,8341.0,0.81,22.73,0.57,22
Railtel Corporation of India Ltd,Jun 2023,Other,Bull,24.7,32.34,44.5,4.84,33.38,1.25,12.0,16.2,16.0,0.35,1.65,74.0,11.96,-42.42,1.05,8341.0,1.2,48.15,0.88,22
Railtel Corporation of India Ltd,Mar 2021,Other,Bull,5.32,13.78,44.5,4.84,33.38,1.25,12.0,16.2,17.0,0.35,1.65,36.5,-5.29,-15.62,1.05,8341.0,0.85,-29.17,-0.79,23
Railtel Corporation of India Ltd,Mar 2022,Other,Bear,-27.09,-4.21,44.5,4.84,33.38,1.25,12.0,16.2,21.0,0.35,1.65,48.0,51.79,157.14,1.05,8341.0,1.69,98.82,0.62,26
Railtel Corporation of India Ltd,Mar 2023,Other,Bear,-19.6,9.59,44.5,4.84,33.38,1.25,12.0,16.2,14.0,0.35,1.65,49.0,86.74,192.31,1.05,8341.0,2.37,40.24,0.84,20
Railtel Corporation of India Ltd,Sep 2020,Other,Bull,1.4,-0.21,44.5,4.84,33.38,1.25,12.0,16.2,26.0,0.35,1.65,72.0,-39.53,-23.68,1.05,8341.0,0.91,-61.6,-0.56,28
Railtel Corporation of India Ltd,Sep 2021,Other,Bull,-7.37,-4.07,44.5,4.84,33.38,1.25,12.0,16.2,31.0,0.35,1.65,110.0,-16.74,151.85,1.05,8341.0,2.1,130.77,0.92,24
Railtel Corporation of India Ltd,Sep 2022,Other,Bull,14.21,-3.79,44.5,4.84,33.38,1.25,12.0,16.2,23.0,0.35,1.65,100.0,-7.94,1.85,1.05,8341.0,1.72,-18.1,0.53,26
Railtel Corporation of India Ltd,Sep 2023,Other,Bull,74.12,17.6,44.5,4.84,33.38,1.25,12.0,16.2,19.0,0.35,1.65,115.0,-14.91,-10.53,1.05,8341.0,2.12,23.26,0.91,25
Rainbow Childrens Medicare Ltd,Dec 2023,Pharma,Bull,14.03,-1.92,51.2,8.92,38.4,0.24,15.9,17.4,35.0,0.35,1.65,8.43,8.41,5.51,1.05,14675.0,6.12,8.7,0.03,25
Rainbow Childrens Medicare Ltd,Dec 2024,Pharma,Bear,3.04,-12.88,51.2,8.92,38.4,0.24,15.9,17.4,34.0,0.35,1.65,7.44,8.41,5.51,1.05,14675.0,6.76,10.46,0.86,22
Rainbow Childrens Medicare Ltd,Dec 2025,Pharma,Bull,-1.76,-3.56,51.2,8.92,38.4,0.24,15.9,17.4,33.0,0.35,1.65,7.35,8.41,5.51,1.05,14675.0,7.14,5.62,0.57,29
Rainbow Childrens Medicare Ltd,Jun 2023,Pharma,Bull,30.33,-2.16,51.2,8.92,38.4,0.24,15.9,17.4,31.0,0.35,1.65,5.87,8.41,5.51,1.05,14675.0,4.04,-43.42,-0.57,29
Rainbow Childrens Medicare Ltd,Jun 2024,Pharma,Bull,-7.85,10.07,51.2,8.92,38.4,0.24,15.9,17.4,28.0,0.35,1.65,5.22,-1.79,-36.51,1.05,14675.0,3.89,-3.71,-0.2,30
Rainbow Childrens Medicare Ltd,Jun 2025,Pharma,Bull,14.14,-6.15,51.2,8.92,38.4,0.24,15.9,17.4,29.0,0.35,1.65,5.78,-11.31,-21.74,1.05,14675.0,5.27,35.48,0.93,29
Rainbow Childrens Medicare Ltd,Jun 2026,Pharma,Bull,20.34,-2.41,51.2,8.92,38.4,0.24,15.9,17.4,29.0,0.35,1.65,6.43,5.62,-14.86,1.05,14675.0,5.96,13.09,-0.3,25
Rainbow Childrens Medicare Ltd,Mar 2024,Pharma,Bull,6.33,-1.74,51.2,8.92,38.4,0.24,15.9,17.4,31.0,0.35,1.65,6.24,18.82,21.43,1.05,14675.0,5.02,-15.77,0.92,21
Rainbow Childrens Medicare Ltd,Mar 2025,Pharma,Bear,-9.84,2.48,51.2,8.92,38.4,0.24,15.9,17.4,31.0,0.35,1.65,6.39,12.12,42.5,1.05,14675.0,5.55,10.56,0.88,29
Rainbow Childrens Medicare Ltd,Mar 2026,Pharma,Bear,-11.58,2.16,51.2,8.92,38.4,0.24,15.9,17.4,31.0,0.35,1.65,7.25,30.31,44.44,1.05,14675.0,7.59,36.76,0.82,24
Rainbow Childrens Medicare Ltd,Sep 2023,Pharma,Bull,7.53,10.15,51.2,8.92,38.4,0.24,15.9,17.4,35.0,0.35,1.65,9.08,-29.15,0.0,1.05,14675.0,6.2,-18.31,-0.53,21
Rainbow Childrens Medicare Ltd,Sep 2024,Pharma,Bull,11.71,1.93,51.2,8.92,38.4,0.24,15.9,17.4,35.0,0.35,1.65,8.17,22.29,54.9,1.05,14675.0,7.77,25.32,0.62,30
Rainbow Childrens Medicare Ltd,Sep 2025,Pharma,Bear,-13.76,4.11,51.2,8.92,38.4,0.24,15.9,17.4,33.0,0.35,1.65,7.84,20.27,33.33,1.05,14675.0,7.41,-4.63,0.91,27
The Ramco Cements Ltd,Dec 2023,Manufacturing,Bull,11.28,-2.94,107.0,2.53,80.25,0.29,0.38,6.13,19.0,0.35,1.65,3.89,4.53,4.31,1.05,20478.0,3.58,8.7,0.2,23
The Ramco Cements Ltd,Dec 2024,Manufacturing,Bear,10.0,-6.84,107.0,2.53,80.25,0.29,0.38,6.13,14.0,0.35,1.65,2.47,4.53,4.31,1.05,20478.0,7.72,115.64,0.79,30
The Ramco Cements Ltd,Dec 2025,Manufacturing,Bull,6.44,-3.42,107.0,2.53,80.25,0.29,0.38,6.13,13.0,0.35,1.65,2.59,4.53,4.31,1.05,20478.0,16.32,111.4,0.86,27
The Ramco Cements Ltd,Jun 2023,Manufacturing,Bull,22.41,6.17,107.0,2.53,80.25,0.29,0.38,6.13,15.0,0.35,1.65,3.69,4.53,4.31,1.05,20478.0,3.15,-80.7,0.54,22
The Ramco Cements Ltd,Jun 2024,Manufacturing,Bull,-1.12,5.62,107.0,2.53,80.25,0.29,0.38,6.13,15.0,0.35,1.65,2.83,-0.81,-54.88,1.05,20478.0,1.57,-50.16,0.32,21
The Ramco Cements Ltd,Jun 2025,Manufacturing,Bull,19.31,-5.19,107.0,2.53,80.25,0.29,0.38,6.13,19.0,0.35,1.65,3.79,4.59,-53.3,1.05,20478.0,3.6,129.3,0.77,27
The Ramco Cements Ltd,Jun 2026,Manufacturing,Bull,-1.44,-2.92,107.0,2.53,80.25,0.29,0.38,6.13,13.0,0.35,1.65,3.19,7.93,-91.97,1.05,20478.0,1.32,-63.33,-0.18,26
The Ramco Cements Ltd,Mar 2024,Manufacturing,Bull,-20.09,13.88,107.0,2.53,80.25,0.29,0.38,6.13,16.0,0.35,1.65,4.03,19.18,74.32,1.05,20478.0,5.46,150.0,0.62,27
The Ramco Cements Ltd,Mar 2025,Manufacturing,Bear,-7.17,5.96,107.0,2.53,80.25,0.29,0.38,6.13,13.0,0.35,1.65,2.82,14.47,-29.73,1.05,20478.0,1.16,-78.75,-0.53,21
The Ramco Cements Ltd,Mar 2026,Manufacturing,Bear,-13.06,-3.89,107.0,2.53,80.25,0.29,0.38,6.13,14.0,0.35,1.65,3.91,25.84,77.65,1.05,20478.0,6.38,150.0,0.88,30
The Ramco Cements Ltd,Sep 2023,Manufacturing,Bull,-3.0,4.05,107.0,2.53,80.25,0.29,0.38,6.13,17.0,0.35,1.65,3.47,2.99,132.26,1.05,20478.0,3.05,-52.19,-0.05,25
The Ramco Cements Ltd,Sep 2024,Manufacturing,Bull,1.46,16.39,107.0,2.53,80.25,0.29,0.38,6.13,15.0,0.35,1.65,2.62,-23.67,-79.84,1.05,20478.0,1.09,-64.26,-0.34,22
The Ramco Cements Ltd,Sep 2025,Manufacturing,Bear,-8.36,6.89,107.0,2.53,80.25,0.29,0.38,6.13,17.0,0.35,1.65,3.5,-6.59,200.0,1.05,20478.0,3.27,150.0,0.89,29
RBL Bank Ltd,Dec 2023,Banking,Bull,9.27,-13.81,71.2,1.52,53.4,0.24,5.43,5.81,44.0,0.45,1.65,14.93,8.74,9.96,1.05,63984.0,4.06,8.7,-0.36,26
RBL Bank Ltd,Dec 2024,Banking,Bear,-22.24,-13.47,71.2,1.52,53.4,0.24,5.43,5.81,44.0,0.45,1.65,14.93,8.74,9.96,1.05,63984.0,0.78,-80.79,0.8,28
RBL Bank Ltd,Dec 2025,Banking,Bull,14.75,-0.94,71.2,1.52,53.4,0.24,5.43,5.81,44.0,0.45,1.65,14.93,8.74,9.96,1.05,63984.0,3.69,150.0,0.82,30
RBL Bank Ltd,Jun 2023,Banking,Bull,25.83,5.56,71.2,1.52,53.4,0.24,5.43,5.81,44.0,0.45,1.65,14.93,8.74,9.96,1.05,63984.0,5.33,44.44,0.79,25
RBL Bank Ltd,Jun 2024,Banking,Bull,6.17,3.43,71.2,1.52,53.4,0.24,5.43,5.81,44.0,0.45,1.65,14.93,8.74,43.27,1.05,63984.0,5.79,8.63,0.89,33
RBL Bank Ltd,Jun 2025,Banking,Bull,40.99,5.53,71.2,1.52,53.4,0.24,5.43,5.81,44.0,0.45,1.65,14.93,8.74,355.32,1.05,63984.0,3.52,-39.21,0.91,30
RBL Bank Ltd,Jun 2026,Banking,Bull,22.34,0.13,71.2,1.52,53.4,0.24,5.43,5.81,44.0,0.45,1.65,14.93,8.74,2.63,1.05,63984.0,1.51,-57.1,-0.49,33
RBL Bank Ltd,Mar 2024,Banking,Bull,-15.57,3.18,71.2,1.52,53.4,0.24,5.43,5.81,44.0,0.45,1.65,14.93,8.74,14.11,1.05,63984.0,6.02,150.0,0.86,30
RBL Bank Ltd,Mar 2025,Banking,Bear,9.97,5.07,71.2,1.52,53.4,0.24,5.43,5.81,44.0,0.45,1.65,14.93,8.74,-75.21,1.05,63984.0,1.43,-76.25,-0.49,28
RBL Bank Ltd,Mar 2026,Banking,Bear,-8.1,8.21,71.2,1.52,53.4,0.24,5.43,5.81,44.0,0.45,1.65,14.93,8.74,14.02,1.05,63984.0,3.95,150.0,0.81,30
RBL Bank Ltd,Sep 2023,Banking,Bull,38.16,15.78,71.2,1.52,53.4,0.24,5.43,5.81,44.0,0.45,1.65,14.93,8.74,41.45,1.05,63984.0,5.51,39.49,0.25,24
RBL Bank Ltd,Sep 2024,Banking,Bull,-22.29,9.38,71.2,1.52,53.4,0.24,5.43,5.81,44.0,0.45,1.65,14.93,8.74,-36.26,1.05,63984.0,3.81,-30.85,0.53,29
RBL Bank Ltd,Sep 2025,Banking,Bear,7.01,-3.92,71.2,1.52,53.4,0.24,5.43,5.81,44.0,0.45,1.65,14.93,8.74,120.69,1.05,63984.0,3.14,-17.59,0.77,30
Redington Ltd,Dec 2023,Other,Bull,11.86,-8.6,17.1,3.03,12.82,1.52,16.9,18.4,2.2,0.35,1.65,6.08,4.82,1.82,1.05,30778.0,4.36,8.7,0.71,26
Redington Ltd,Dec 2024,Other,Bear,7.7,5.53,17.1,3.03,12.82,1.52,16.9,18.4,2.3,0.35,1.65,7.17,4.82,1.82,1.05,30778.0,5.12,17.43,0.81,22
Redington Ltd,Dec 2025,Other,Bull,-2.38,-7.13,17.1,3.03,12.82,1.52,16.9,18.4,2.0,0.35,1.65,7.92,4.82,1.82,1.05,30778.0,5.57,8.79,0.78,24
Redington Ltd,Jun 2023,Other,Bull,10.12,0.19,17.1,3.03,12.82,1.52,16.9,18.4,2.0,0.35,1.65,4.76,4.82,1.82,1.05,30778.0,3.18,-42.91,0.6,31
Redington Ltd,Jun 2024,Other,Bull,2.03,-5.81,17.1,3.03,12.82,1.52,16.9,18.4,1.7,0.35,1.65,4.58,-9.46,-37.64,1.05,30778.0,3.15,-0.94,-0.53,31
Redington Ltd,Jun 2025,Other,Bull,41.64,1.65,17.1,3.03,12.82,1.52,16.9,18.4,1.5,0.35,1.65,4.35,-2.86,-42.18,1.05,30778.0,3.52,11.75,0.2,24
Redington Ltd,Jun 2026,Other,Bull,36.42,9.98,17.1,3.03,12.82,1.52,16.9,18.4,2.0,0.35,1.65,7.96,12.94,9.69,1.05,30778.0,6.22,76.7,0.36,25
Redington Ltd,Mar 2024,Other,Bull,19.11,0.57,17.1,3.03,12.82,1.52,16.9,18.4,2.0,0.35,1.65,4.33,5.88,27.06,1.05,30778.0,4.16,-33.12,0.92,27
Redington Ltd,Mar 2025,Other,Bear,21.64,5.75,17.1,3.03,12.82,1.52,16.9,18.4,2.3,0.35,1.65,7.28,24.24,323.04,1.05,30778.0,8.51,104.57,0.81,30
Redington Ltd,Mar 2026,Other,Bear,-27.28,6.71,17.1,3.03,12.82,1.52,16.9,18.4,1.9,0.35,1.65,8.53,27.98,23.61,1.05,30778.0,5.01,-41.13,0.92,27
Redington Ltd,Sep 2023,Other,Bull,-16.09,12.98,17.1,3.03,12.82,1.52,16.9,18.4,2.2,0.35,1.65,4.54,-36.37,-31.13,1.05,30778.0,3.88,-22.55,0.32,28
Redington Ltd,Sep 2024,Other,Bull,-14.7,10.18,17.1,3.03,12.82,1.52,16.9,18.4,1.8,0.35,1.65,5.45,10.98,-12.65,1.05,30778.0,3.75,-3.35,-0.7,24
Redington Ltd,Sep 2025,Other,Bear,-12.12,-5.16,17.1,3.03,12.82,1.52,16.9,18.4,2.0,0.35,1.65,5.08,9.97,-61.87,1.05,30778.0,4.96,32.27,0.93,30
RHI Magnesita India Ltd,Dec 2023,Manufacturing,Bull,9.72,-6.79,41.4,2.19,31.05,0.67,2.83,6.46,13.0,0.35,1.65,7.31,4.53,4.31,1.05,7760.0,1.91,8.7,0.54,19
RHI Magnesita India Ltd,Dec 2024,Manufacturing,Bear,-19.27,-20.43,41.4,2.19,31.05,0.67,2.83,6.46,12.0,0.35,1.65,9.62,4.53,4.31,1.05,7760.0,2.3,20.42,0.79,22
RHI Magnesita India Ltd,Dec 2025,Manufacturing,Bull,2.87,-3.13,41.4,2.19,31.05,0.67,2.83,6.46,13.0,0.35,1.65,13.0,4.53,4.31,1.05,7760.0,2.98,29.57,0.71,29
RHI Magnesita India Ltd,Jun 2023,Manufacturing,Bull,2.97,8.84,41.4,2.19,31.05,0.67,2.83,6.46,14.0,0.35,1.65,5.12,4.53,4.31,1.05,7760.0,2.26,-24.16,0.57,21
RHI Magnesita India Ltd,Jun 2024,Manufacturing,Bull,10.73,-8.03,41.4,2.19,31.05,0.67,2.83,6.46,18.0,0.35,1.65,14.0,-4.77,87.18,1.05,7760.0,3.53,56.19,0.93,23
RHI Magnesita India Ltd,Jun 2025,Manufacturing,Bull,-10.8,-2.02,41.4,2.19,31.05,0.67,2.83,6.46,11.0,0.35,1.65,12.75,-5.04,-27.08,1.05,7760.0,1.71,-51.56,0.15,26
RHI Magnesita India Ltd,Jun 2026,Manufacturing,Bull,0.99,-1.31,41.4,2.19,31.05,0.67,2.83,6.46,14.0,0.35,1.65,13.8,-7.14,4.84,1.05,7760.0,3.13,83.04,0.77,28
RHI Magnesita India Ltd,Mar 2024,Manufacturing,Bull,-31.13,8.0,41.4,2.19,31.05,0.67,2.83,6.46,16.0,0.35,1.65,11.38,1.62,-596.89,1.05,7760.0,-12.49,-100.0,-0.05,20
RHI Magnesita India Ltd,Mar 2025,Manufacturing,Bear,1.91,9.38,41.4,2.19,31.05,0.67,2.83,6.46,10.0,0.35,1.65,10.33,4.44,-50.68,1.05,7760.0,1.75,114.01,0.91,26
RHI Magnesita India Ltd,Mar 2026,Manufacturing,Bear,-25.67,-5.28,41.4,2.19,31.05,0.67,2.83,6.46,9.0,0.35,1.65,10.88,-2.92,-596.89,1.05,7760.0,-25.09,-100.0,-0.74,28
RHI Magnesita India Ltd,Sep 2023,Manufacturing,Bull,19.12,10.4,41.4,2.19,31.05,0.67,2.83,6.46,15.0,0.35,1.65,16.44,-2.66,10.77,1.05,7760.0,3.45,113.75,0.88,23
RHI Magnesita India Ltd,Sep 2024,Manufacturing,Bull,-5.26,7.56,41.4,2.19,31.05,0.67,2.83,6.46,12.0,0.35,1.65,10.7,-8.06,-117.83,1.05,7760.0,2.22,-35.65,0.03,24
RHI Magnesita India Ltd,Sep 2025,Manufacturing,Bear,-4.39,-9.41,41.4,2.19,31.05,0.67,2.83,6.46,11.0,0.35,1.65,12.11,12.75,5.56,1.05,7760.0,1.86,-16.22,-0.2,20
Rites Ltd,Dec 2023,Manufacturing,Bull,3.63,8.39,24.1,3.75,18.08,3.8,15.4,22.0,25.0,0.35,1.65,84.5,4.53,4.31,1.05,10052.0,2.5,8.7,0.38,23
Rites Ltd,Dec 2024,Manufacturing,Bear,-12.17,-19.89,24.1,3.75,18.08,3.8,15.4,22.0,20.0,0.35,1.65,117.0,4.53,4.31,1.05,10052.0,2.08,-16.8,-0.53,23
Rites Ltd,Dec 2025,Manufacturing,Bull,-2.78,-1.68,24.1,3.75,18.08,3.8,15.4,22.0,23.0,0.35,1.65,142.0,4.53,4.31,1.05,10052.0,2.12,1.92,0.54,22
Rites Ltd,Jun 2023,Manufacturing,Bull,4.06,16.13,24.1,3.75,18.08,3.8,15.4,22.0,30.0,0.35,1.65,161.0,4.53,4.31,1.05,10052.0,2.25,6.13,-0.46,21
Rites Ltd,Jun 2024,Manufacturing,Bull,0.38,6.11,24.1,3.75,18.08,3.8,15.4,22.0,22.0,0.35,1.65,106.0,-28.84,-30.23,1.05,10052.0,1.64,-27.11,-0.49,27
Rites Ltd,Jun 2025,Manufacturing,Bull,21.64,6.73,24.1,3.75,18.08,3.8,15.4,22.0,23.0,0.35,1.65,114.0,-14.93,-16.51,1.05,10052.0,1.67,1.83,-0.57,27
Rites Ltd,Jun 2026,Manufacturing,Bull,7.97,-2.13,24.1,3.75,18.08,3.8,15.4,22.0,22.0,0.35,1.65,115.0,-12.64,-14.78,1.05,10052.0,1.81,8.38,0.03,26
Rites Ltd,Mar 2024,Manufacturing,Bull,32.69,6.2,24.1,3.75,18.08,3.8,15.4,22.0,27.0,0.35,1.65,10.08,18.2,14.17,1.05,10052.0,2.62,44.75,0.88,20
Rites Ltd,Mar 2025,Manufacturing,Bear,-23.77,16.73,24.1,3.75,18.08,3.8,15.4,22.0,31.0,0.35,1.65,186.0,23.87,56.67,1.05,10052.0,2.76,5.34,0.92,26
Rites Ltd,Mar 2026,Manufacturing,Bear,-27.19,-2.44,24.1,3.75,18.08,3.8,15.4,22.0,22.0,0.35,1.65,168.0,56.73,52.75,1.05,10052.0,2.7,-2.17,0.87,30
Rites Ltd,Sep 2023,Manufacturing,Bull,35.24,14.34,24.1,3.75,18.08,3.8,15.4,22.0,24.0,0.35,1.65,138.0,9.4,12.24,1.05,10052.0,2.1,-22.22,-0.34,21
Rites Ltd,Sep 2024,Manufacturing,Bull,0.95,9.55,24.1,3.75,18.08,3.8,15.4,22.0,20.0,0.35,1.65,53.0,-15.86,-40.15,1.05,10052.0,1.52,-27.62,-0.18,24
Rites Ltd,Sep 2025,Manufacturing,Bear,-10.51,-9.5,24.1,3.75,18.08,3.8,15.4,22.0,24.0,0.35,1.65,130.0,-8.8,-22.7,1.05,10052.0,2.04,34.21,-0.05,29
Ramkrishna Forgings Ltd,Dec 2023,Manufacturing,Bull,13.4,4.46,113.0,3.93,84.75,0.14,2.51,5.6,22.0,0.35,1.65,5.64,4.53,4.31,1.05,12956.0,4.8,8.7,0.15,29
Ramkrishna Forgings Ltd,Dec 2024,Manufacturing,Bear,-11.57,-16.22,113.0,3.93,84.75,0.14,2.51,5.6,12.0,0.35,1.65,3.0,4.53,4.31,1.05,12956.0,1.16,-75.83,-0.7,25
Ramkrishna Forgings Ltd,Dec 2025,Manufacturing,Bull,-2.99,8.36,113.0,3.93,84.75,0.14,2.51,5.6,15.0,0.35,1.65,3.18,4.53,4.31,1.05,12956.0,0.75,-35.34,0.82,21
Ramkrishna Forgings Ltd,Jun 2023,Manufacturing,Bull,57.53,19.82,113.0,3.93,84.75,0.14,2.51,5.6,22.0,0.35,1.65,5.33,4.53,4.31,1.05,12956.0,4.91,150.0,0.93,29
Ramkrishna Forgings Ltd,Jun 2024,Manufacturing,Bull,24.8,8.21,113.0,3.93,84.75,0.14,2.51,5.6,18.0,0.35,1.65,4.69,-3.71,-36.78,1.05,12956.0,3.03,-38.29,-0.46,26
Ramkrishna Forgings Ltd,Jun 2025,Manufacturing,Bull,-12.85,-0.4,113.0,3.93,84.75,0.14,2.51,5.6,14.0,0.35,1.65,2.9,-5.49,-42.86,1.05,12956.0,0.65,-78.55,0.2,30
Ramkrishna Forgings Ltd,Jun 2026,Manufacturing,Bull,12.72,-0.5,113.0,3.93,84.75,0.14,2.51,5.6,18.0,0.35,1.65,3.82,10.74,235.71,1.05,12956.0,2.57,150.0,0.88,20
Ramkrishna Forgings Ltd,Mar 2024,Manufacturing,Bull,-2.87,4.2,113.0,3.93,84.75,0.14,2.51,5.6,19.0,0.35,1.65,5.53,9.19,-16.46,1.05,12956.0,3.66,42.41,0.88,23
Ramkrishna Forgings Ltd,Mar 2025,Manufacturing,Bear,-14.95,4.3,113.0,3.93,84.75,0.14,2.51,5.6,10.0,0.35,1.65,2.0,-1.25,263.64,1.05,12956.0,11.04,150.0,0.88,23
Ramkrishna Forgings Ltd,Mar 2026,Manufacturing,Bear,-9.65,3.18,113.0,3.93,84.75,0.14,2.51,5.6,17.0,0.35,1.65,3.56,19.9,366.67,1.05,12956.0,3.08,-72.1,0.92,26
Ramkrishna Forgings Ltd,Sep 2023,Manufacturing,Bull,46.69,7.01,113.0,3.93,84.75,0.14,2.51,5.6,22.0,0.35,1.65,5.26,-26.13,74.47,1.05,12956.0,5.0,62.34,0.82,20
Ramkrishna Forgings Ltd,Sep 2024,Manufacturing,Bull,10.62,1.45,113.0,3.93,84.75,0.14,2.51,5.6,16.0,0.35,1.65,4.23,8.21,112.12,1.05,12956.0,7.72,54.4,0.75,28
Ramkrishna Forgings Ltd,Sep 2025,Manufacturing,Bear,-19.67,-6.46,113.0,3.93,84.75,0.14,2.51,5.6,13.0,0.35,1.65,2.23,-4.12,-105.0,1.05,12956.0,-0.52,-100.0,0.36,28
Reliance Power Ltd,Dec 2023,Other,Bull,21.04,-3.6,631.92,0.7,473.94,0.0,-0.9,6.11,-19.0,0.35,1.65,-0.6,4.82,1.82,1.05,8925.0,-3.04,-8.7,0.57,28
Reliance Power Ltd,Dec 2024,Other,Bear,-16.62,-17.38,631.92,0.7,473.94,0.0,-0.9,6.11,27.0,0.35,1.65,0.9,4.82,1.82,1.05,8925.0,0.1,103.29,0.79,27
Reliance Power Ltd,Dec 2025,Other,Bull,-23.74,-10.61,631.92,0.7,473.94,0.0,-0.9,6.11,32.0,0.35,1.65,1.63,4.82,1.82,1.05,8925.0,0.06,-40.0,-0.18,24
Reliance Power Ltd,Jun 2023,Other,Bull,35.1,11.94,631.92,0.7,473.94,0.0,-0.9,6.11,32.0,0.35,1.65,1.0,4.82,1.82,1.05,8925.0,-0.79,-100.0,0.1,20
Reliance Power Ltd,Jun 2024,Other,Bull,0.1,-4.48,631.92,0.7,473.94,0.0,-0.9,6.11,33.0,0.35,1.65,1.18,2.47,-91.38,1.05,8925.0,-0.24,69.62,0.36,26
Reliance Power Ltd,Jun 2025,Other,Bull,67.4,5.8,631.92,0.7,473.94,0.0,-0.9,6.11,30.0,0.35,1.65,1.33,1.78,7.14,1.05,8925.0,0.11,145.83,0.88,21
Reliance Power Ltd,Jun 2026,Other,Bull,11.14,-1.19,631.92,0.7,473.94,0.0,-0.9,6.11,29.0,0.35,1.65,1.45,4.43,160.0,1.05,8925.0,0.16,45.45,0.88,25
Reliance Power Ltd,Mar 2024,Other,Bull,17.95,21.4,631.92,0.7,473.94,0.0,-0.9,6.11,9.0,0.35,1.65,0.36,3.9,34.46,1.05,8925.0,-0.99,-100.0,0.89,22
Reliance Power Ltd,Mar 2025,Other,Bear,-3.91,51.35,631.92,0.7,473.94,0.0,-0.9,6.11,30.0,0.35,1.65,1.48,-0.7,-228.57,1.05,8925.0,0.31,131.31,0.57,20
Reliance Power Ltd,Mar 2026,Other,Bear,-41.36,-1.88,631.92,0.7,473.94,0.0,-0.9,6.11,31.0,0.35,1.65,1.22,0.05,-596.89,1.05,8925.0,-1.19,-100.0,0.03,26
Reliance Power Ltd,Sep 2023,Other,Bull,28.33,5.83,631.92,0.7,473.94,0.0,-0.9,6.11,35.0,0.35,1.65,1.01,4.19,-466.15,1.05,8925.0,-0.64,46.22,0.88,29
Reliance Power Ltd,Sep 2024,Other,Bull,67.85,39.03,631.92,0.7,473.94,0.0,-0.9,6.11,21.0,0.35,1.65,0.67,-11.87,-596.89,1.05,8925.0,7.16,150.0,0.88,27
Reliance Power Ltd,Sep 2025,Other,Bear,-36.29,-15.93,631.92,0.7,473.94,0.0,-0.9,6.11,31.0,0.35,1.65,1.56,-0.2,-30.95,1.05,8925.0,0.21,-97.07,0.82,27
R R Kabel Ltd,Dec 2023,Manufacturing,Bull,11.72,4.22,44.8,10.63,33.6,0.39,21.3,28.1,7.0,0.35,1.65,9.42,4.53,4.31,1.05,27421.0,6.29,8.7,0.08,28
R R Kabel Ltd,Dec 2024,Manufacturing,Bear,-16.86,-4.37,44.8,10.63,33.6,0.39,21.3,28.1,6.0,0.35,1.65,6.94,4.53,4.31,1.05,27421.0,6.06,-3.66,0.32,23
R R Kabel Ltd,Dec 2025,Manufacturing,Bull,14.81,-23.81,44.8,10.63,33.6,0.39,21.3,28.1,8.0,0.35,1.65,10.74,4.53,4.31,1.05,27421.0,10.46,72.61,0.82,30
R R Kabel Ltd,Jun 2023,Manufacturing,Bull,11.2,1.93,44.8,10.63,33.6,0.39,21.3,28.1,7.0,0.35,1.65,8.07,4.53,4.31,1.05,27421.0,7.77,-25.72,0.54,25
R R Kabel Ltd,Jun 2024,Manufacturing,Bull,11.57,1.26,44.8,10.63,33.6,0.39,21.3,28.1,5.0,0.35,1.65,7.92,10.65,-9.86,1.05,27421.0,5.71,-26.51,-0.44,27
R R Kabel Ltd,Jun 2025,Manufacturing,Bull,44.52,2.29,44.8,10.63,33.6,0.39,21.3,28.1,7.0,0.35,1.65,9.47,15.54,30.43,1.05,27421.0,7.93,38.88,0.8,30
R R Kabel Ltd,Jun 2026,Manufacturing,Bull,80.1,5.7,44.8,10.63,33.6,0.39,21.3,28.1,9.0,0.35,1.65,10.88,24.92,73.73,1.05,27421.0,18.14,128.75,0.86,27
R R Kabel Ltd,Mar 2024,Manufacturing,Bull,-2.51,3.15,44.8,10.63,33.6,0.39,21.3,28.1,7.0,0.35,1.65,8.85,9.83,6.76,1.05,27421.0,6.98,-61.52,-0.85,28
R R Kabel Ltd,Mar 2025,Manufacturing,Bear,-33.39,3.28,44.8,10.63,33.6,0.39,21.3,28.1,9.0,0.35,1.65,12.93,22.68,101.56,1.05,27421.0,11.42,63.61,0.91,25
R R Kabel Ltd,Mar 2026,Manufacturing,Bear,-11.97,10.97,44.8,10.63,33.6,0.39,21.3,28.1,9.0,0.35,1.65,10.48,43.95,86.67,1.05,27421.0,14.84,29.95,0.9,31
R R Kabel Ltd,Sep 2023,Manufacturing,Bull,16.85,6.26,44.8,10.63,33.6,0.39,21.3,28.1,8.0,0.35,1.65,8.64,-49.18,-63.9,1.05,27421.0,6.57,-55.73,0.13,22
R R Kabel Ltd,Sep 2024,Manufacturing,Bull,-1.37,-6.53,44.8,10.63,33.6,0.39,21.3,28.1,4.7,0.35,1.65,5.38,3.19,-36.71,1.05,27421.0,4.38,-33.33,0.03,29
R R Kabel Ltd,Sep 2025,Manufacturing,Bear,-8.62,5.25,44.8,10.63,33.6,0.39,21.3,28.1,8.0,0.35,1.65,11.0,-2.43,-10.08,1.05,27421.0,10.28,134.7,0.92,23
Rail Vikas Nigam Ltd,Dec 2023,Manufacturing,Bull,5.25,-11.02,47.5,4.35,35.62,0.83,9.02,10.8,5.0,0.35,1.65,1.79,4.53,4.31,1.05,42722.0,1.72,8.7,0.03,29
Rail Vikas Nigam Ltd,Dec 2024,Manufacturing,Bear,-19.44,-5.34,47.5,4.35,35.62,0.83,9.02,10.8,5.0,0.35,1.65,1.65,4.53,4.31,1.05,42722.0,1.49,-13.37,-0.08,29
Rail Vikas Nigam Ltd,Dec 2025,Manufacturing,Bull,3.73,-4.09,47.5,4.35,35.62,0.83,9.02,10.8,4.7,0.35,1.65,2.1,4.53,4.31,1.05,42722.0,1.55,4.03,0.54,32
Rail Vikas Nigam Ltd,Jun 2023,Manufacturing,Bull,65.68,37.14,47.5,4.35,35.62,0.83,9.02,10.8,6.0,0.35,1.65,2.39,4.53,4.31,1.05,42722.0,1.64,5.81,0.51,25
Rail Vikas Nigam Ltd,Jun 2024,Manufacturing,Bull,59.16,-2.69,47.5,4.35,35.62,0.83,9.02,10.8,4.5,0.35,1.65,1.33,-13.12,-37.6,1.05,42722.0,1.07,-34.76,0.13,33
Rail Vikas Nigam Ltd,Jun 2025,Manufacturing,Bull,13.6,4.96,47.5,4.35,35.62,0.83,9.02,10.8,1.4,0.35,1.65,0.49,-14.41,-57.05,1.05,42722.0,0.65,-39.25,0.2,29
Rail Vikas Nigam Ltd,Jun 2026,Manufacturing,Bull,-10.2,-5.96,47.5,4.35,35.62,0.83,9.02,10.8,4.3,0.35,1.65,1.89,-7.75,-50.62,1.05,42722.0,0.76,16.92,0.62,23
Rail Vikas Nigam Ltd,Mar 2024,Manufacturing,Bull,38.96,41.58,47.5,4.35,35.62,0.83,9.02,10.8,7.0,0.35,1.65,3.04,20.5,39.36,1.05,42722.0,2.3,150.0,0.7,23
Rail Vikas Nigam Ltd,Mar 2025,Manufacturing,Bear,-17.81,8.17,47.5,4.35,35.62,0.83,9.02,10.8,7.0,0.35,1.65,3.7,57.76,103.12,1.05,42722.0,2.18,-5.22,0.88,27
Rail Vikas Nigam Ltd,Mar 2026,Manufacturing,Bear,-30.72,-17.58,47.5,4.35,35.62,0.83,9.02,10.8,4.0,0.35,1.65,2.74,71.3,35.82,1.05,42722.0,0.9,-58.72,0.91,26
Rail Vikas Nigam Ltd,Sep 2023,Manufacturing,Bull,39.37,14.08,47.5,4.35,35.62,0.83,9.02,10.8,6.0,0.35,1.65,2.24,13.72,146.25,1.05,42722.0,1.89,110.0,0.82,29
Rail Vikas Nigam Ltd,Sep 2024,Manufacturing,Bull,28.56,11.95,47.5,4.35,35.62,0.83,9.02,10.8,5.0,0.35,1.65,1.82,-27.69,-39.96,1.05,42722.0,1.38,-26.98,0.05,31
Rail Vikas Nigam Ltd,Sep 2025,Manufacturing,Bear,-13.8,-4.24,47.5,4.35,35.62,0.83,9.02,10.8,4.2,0.35,1.65,2.17,-20.29,-49.23,1.05,42722.0,1.1,-20.29,-0.4,33
Sagility Ltd,Dec 2023,IT,Bull,14.32,5.2,20.6,2.19,15.45,0.33,10.6,13.4,21.0,0.35,1.65,5.53,5.5,7.6,1.05,21160.0,0.37,8.7,-0.36,29
Sagility Ltd,Dec 2024,IT,Bear,72.07,26.94,20.6,2.19,15.45,0.33,10.6,13.4,27.0,0.35,1.65,13.07,5.5,7.6,1.05,21160.0,0.46,24.32,0.87,29
Sagility Ltd,Dec 2025,IT,Bull,19.62,-13.49,20.6,2.19,15.45,0.33,10.6,13.4,26.0,0.35,1.65,20.44,5.5,7.6,1.05,21160.0,0.57,23.91,0.92,23
Sagility Ltd,Jun 2023,IT,Bull,10.4,5.85,20.6,2.19,15.45,0.33,10.6,13.4,24.0,0.35,1.65,5.62,5.5,7.6,1.05,21160.0,0.22,-61.4,-0.49,25
Sagility Ltd,Jun 2024,IT,Bull,2.04,-7.84,20.6,2.19,15.45,0.33,10.6,13.4,16.0,0.35,1.65,5.24,-2.94,-69.01,1.05,21160.0,0.05,-77.27,0.62,28
Sagility Ltd,Jun 2025,IT,Bull,-5.37,-3.05,20.6,2.19,15.45,0.33,10.6,13.4,22.0,0.35,1.65,12.81,5.92,-31.34,1.05,21160.0,0.32,54.0,0.92,22
Sagility Ltd,Jun 2026,IT,Bull,-5.54,9.29,20.6,2.19,15.45,0.33,10.6,13.4,22.0,0.35,1.65,19.91,-0.41,-19.03,1.05,21160.0,0.46,43.75,0.88,27
Sagility Ltd,Mar 2024,IT,Bull,22.51,20.46,20.6,2.19,15.45,0.33,10.6,13.4,24.0,0.35,1.65,7.14,14.96,90.48,1.05,21160.0,0.19,-58.7,0.25,30
Sagility Ltd,Mar 2025,IT,Bear,-10.45,-13.42,20.6,2.19,15.45,0.33,10.6,13.4,24.0,0.35,1.65,12.43,28.21,724.9,1.05,21160.0,0.39,105.26,0.77,22
Sagility Ltd,Mar 2026,IT,Bear,-23.2,-3.64,20.6,2.19,15.45,0.33,10.6,13.4,24.0,0.35,1.65,22.05,31.51,73.15,1.05,21160.0,0.55,41.03,0.77,23
Sagility Ltd,Sep 2023,IT,Bull,-23.02,-17.56,20.6,2.19,15.45,0.33,10.6,13.4,21.0,0.35,1.65,4.88,-44.27,-83.87,1.05,21160.0,0.18,-67.27,-0.03,21
Sagility Ltd,Sep 2024,IT,Bull,15.52,34.64,20.6,2.19,15.45,0.33,10.6,13.4,23.0,0.35,1.65,10.03,3.27,46.25,1.05,21160.0,0.25,38.89,0.92,24
Sagility Ltd,Sep 2025,IT,Bear,3.64,0.0,20.6,2.19,15.45,0.33,10.6,13.4,25.0,0.35,1.65,16.6,5.74,37.16,1.05,21160.0,0.54,116.0,0.91,27
Steel Authority of India Ltd,Dec 2023,Manufacturing,Bull,34.84,5.35,15.3,1.23,11.48,1.31,6.57,7.92,9.0,0.35,1.65,3.49,4.53,4.31,1.05,73936.0,1.02,8.7,0.32,26
Steel Authority of India Ltd,Dec 2024,Manufacturing,Bear,-19.78,-2.46,15.3,1.23,11.48,1.31,6.57,7.92,8.0,0.35,1.65,2.99,4.53,4.31,1.05,73936.0,0.34,-66.67,0.05,35
Steel Authority of India Ltd,Dec 2025,Manufacturing,Bull,8.95,0.77,15.3,1.23,11.48,1.31,6.57,7.92,8.0,0.35,1.65,4.19,4.53,4.31,1.05,73936.0,0.91,150.0,0.86,28
Steel Authority of India Ltd,Jun 2023,Manufacturing,Bull,2.03,16.2,15.3,1.23,11.48,1.31,6.57,7.92,7.0,0.35,1.65,2.69,4.53,4.31,1.05,73936.0,0.51,-43.96,0.66,35
Steel Authority of India Ltd,Jun 2024,Manufacturing,Bull,5.61,3.06,15.3,1.23,11.48,1.31,6.57,7.92,9.0,0.35,1.65,3.21,2.78,-80.61,1.05,73936.0,0.2,-60.78,0.05,28
Steel Authority of India Ltd,Jun 2025,Manufacturing,Bull,12.93,9.37,15.3,1.23,11.48,1.31,6.57,7.92,11.0,0.35,1.65,4.65,5.85,424.65,1.05,73936.0,1.8,150.0,0.93,33
Steel Authority of India Ltd,Jun 2026,Manufacturing,Bull,11.34,15.21,15.3,1.23,11.48,1.31,6.57,7.92,16.0,0.35,1.65,8.42,-4.11,339.57,1.05,73936.0,3.98,121.11,0.9,26
Steel Authority of India Ltd,Mar 2024,Manufacturing,Bull,8.5,-7.67,15.3,1.23,11.48,1.31,6.57,7.92,12.0,0.35,1.65,5.43,14.78,431.13,1.05,73936.0,2.73,-31.41,0.89,34
Steel Authority of India Ltd,Mar 2025,Manufacturing,Bear,1.99,5.42,15.3,1.23,11.48,1.31,6.57,7.92,12.0,0.35,1.65,5.25,22.16,724.9,1.05,73936.0,3.03,10.99,0.78,34
Steel Authority of India Ltd,Mar 2026,Manufacturing,Bear,2.0,-4.32,15.3,1.23,11.48,1.31,6.57,7.92,14.0,0.35,1.65,8.29,18.87,146.31,1.05,73936.0,4.44,46.53,0.72,26
Steel Authority of India Ltd,Sep 2023,Manufacturing,Bull,7.81,26.07,15.3,1.23,11.48,1.31,6.57,7.92,13.0,0.35,1.65,6.4,13.21,-20.56,1.05,73936.0,3.16,-28.83,0.36,26
Steel Authority of India Ltd,Sep 2024,Manufacturing,Bull,-4.43,10.63,15.3,1.23,11.48,1.31,6.57,7.92,12.0,0.35,1.65,3.84,-11.75,-20.34,1.05,73936.0,2.17,-31.33,-0.27,26
Steel Authority of India Ltd,Sep 2025,Manufacturing,Bear,2.12,-6.38,15.3,1.23,11.48,1.31,6.57,7.92,9.0,0.35,1.65,5.22,-8.91,-66.51,1.05,73936.0,1.01,-53.46,0.1,27
Sai Life Sciences Ltd,Dec 2023,Pharma,Bull,15.6,4.19,91.6,13.55,68.7,0.0,15.4,19.6,25.0,0.35,1.65,4.17,8.41,5.51,1.05,33664.0,0.0,8.7,-0.32,25
Sai Life Sciences Ltd,Dec 2024,Pharma,Bear,-1.76,0.11,91.6,13.55,68.7,0.0,15.4,19.6,27.0,0.35,1.65,5.22,8.41,5.51,1.05,33664.0,2.59,8.7,0.46,25
Sai Life Sciences Ltd,Dec 2025,Pharma,Bull,2.4,5.64,91.6,13.55,68.7,0.0,15.4,19.6,34.0,0.35,1.65,18.8,8.41,5.51,1.05,33664.0,4.75,83.4,0.62,26
Sai Life Sciences Ltd,Jun 2024,Pharma,Bull,11.22,8.21,91.6,13.55,68.7,0.0,15.4,19.6,9.0,0.35,1.65,1.24,8.41,5.51,1.05,33664.0,0.0,8.7,0.23,33
Sai Life Sciences Ltd,Jun 2025,Pharma,Bull,2.21,-3.05,91.6,13.55,68.7,0.0,15.4,19.6,24.0,0.35,1.65,10.08,29.17,50.0,1.05,33664.0,2.9,8.7,0.91,24
Sai Life Sciences Ltd,Jun 2026,Pharma,Bull,26.36,4.84,91.6,13.55,68.7,0.0,15.4,19.6,27.0,0.35,1.65,18.5,25.91,35.19,1.05,33664.0,3.45,18.97,0.79,24
Sai Life Sciences Ltd,Mar 2024,Pharma,Bull,-4.03,-1.31,91.6,13.55,68.7,0.0,15.4,19.6,28.0,0.35,1.65,5.95,-21.04,-44.0,1.05,33664.0,0.0,8.7,-0.68,29
Sai Life Sciences Ltd,Mar 2025,Pharma,Bear,0.38,1.93,91.6,13.55,68.7,0.0,15.4,19.6,27.0,0.35,1.65,14.36,107.14,-596.89,1.05,33664.0,4.24,8.7,-0.4,23
Sai Life Sciences Ltd,Mar 2026,Pharma,Bear,7.97,11.66,91.6,13.55,68.7,0.0,15.4,19.6,29.0,0.35,1.65,22.12,21.37,73.33,1.05,33664.0,4.92,16.04,0.93,31
Sai Life Sciences Ltd,Sep 2024,Pharma,Bull,-8.56,-5.91,91.6,13.55,68.7,0.0,15.4,19.6,26.0,0.35,1.65,4.86,-28.52,-42.47,1.05,33664.0,0.0,8.7,0.62,29
Sai Life Sciences Ltd,Sep 2025,Pharma,Bear,10.37,3.34,91.6,13.55,68.7,0.0,15.4,19.6,27.0,0.35,1.65,16.22,22.32,50.0,1.05,33664.0,4.0,8.7,0.91,24
Sammaan Capital Ltd,Dec 2023,Banking,Bull,18.41,-13.13,24.2,0.9,18.15,0.0,-3.18,4.92,44.0,0.45,1.65,14.93,8.74,9.96,1.05,17110.0,4.1,8.7,-0.38,31
Sammaan Capital Ltd,Dec 2024,Banking,Bear,-6.81,-12.1,24.2,0.9,18.15,0.0,-3.18,4.92,44.0,0.45,1.65,14.93,8.74,9.96,1.05,17110.0,4.08,-0.49,0.48,28
Sammaan Capital Ltd,Dec 2025,Banking,Bull,-14.12,-13.44,24.2,0.9,18.15,0.0,-3.18,4.92,44.0,0.45,1.65,14.93,8.74,9.96,1.05,17110.0,3.79,-7.11,0.75,29
Sammaan Capital Ltd,Jun 2023,Banking,Bull,24.27,16.03,24.2,0.9,18.15,0.0,-3.18,4.92,44.0,0.45,1.65,14.93,8.74,9.96,1.05,17110.0,4.16,9.76,0.76,23
Sammaan Capital Ltd,Jun 2024,Banking,Bull,-7.39,9.83,24.2,0.9,18.15,0.0,-3.18,4.92,44.0,0.45,1.65,14.93,8.74,7.92,1.05,17110.0,4.42,6.25,0.46,28
Sammaan Capital Ltd,Jun 2025,Banking,Bull,27.2,14.93,24.2,0.9,18.15,0.0,-3.18,4.92,44.0,0.45,1.65,14.93,8.74,10.6,1.05,17110.0,4.04,-8.6,0.8,30
Sammaan Capital Ltd,Jun 2026,Banking,Bull,18.38,-4.91,24.2,0.9,18.15,0.0,-3.18,4.92,44.0,0.45,1.65,14.93,8.74,-22.61,1.05,17110.0,2.09,-48.27,0.15,24
Sammaan Capital Ltd,Mar 2024,Banking,Bull,-12.59,7.39,24.2,0.9,18.15,0.0,-3.18,4.92,44.0,0.45,1.65,14.93,8.74,8.5,1.05,17110.0,4.32,106.7,0.92,25
Sammaan Capital Ltd,Mar 2025,Banking,Bear,-29.99,1.66,24.2,0.9,18.15,0.0,-3.18,4.92,44.0,0.45,1.65,14.93,8.74,-0.92,1.05,17110.0,3.91,-9.49,0.8,29
Sammaan Capital Ltd,Mar 2026,Banking,Bear,3.68,22.25,24.2,0.9,18.15,0.0,-3.18,4.92,44.0,0.45,1.65,14.93,8.74,-596.89,1.05,17110.0,-69.92,-100.0,0.1,28
Sammaan Capital Ltd,Sep 2023,Banking,Bull,46.96,22.74,24.2,0.9,18.15,0.0,-3.18,4.92,44.0,0.45,1.65,14.93,8.74,22.63,1.05,17110.0,4.14,105.92,0.92,27
Sammaan Capital Ltd,Sep 2024,Banking,Bull,-2.62,10.01,24.2,0.9,18.15,0.0,-3.18,4.92,44.0,0.45,1.65,14.93,8.74,-596.89,1.05,17110.0,-38.12,-100.0,-0.44,29
Sammaan Capital Ltd,Sep 2025,Banking,Bear,14.56,-19.05,24.2,0.9,18.15,0.0,-3.18,4.92,44.0,0.45,1.65,14.93,8.74,-4.94,1.05,17110.0,3.72,109.76,0.93,22
Sapphire Foods India Ltd,Dec 2023,Other,Bull,-0.06,3.36,631.92,5.22,473.94,0.0,-1.03,3.98,18.0,0.35,1.65,4.69,4.82,1.82,1.05,7255.0,0.32,8.7,0.86,29
Sapphire Foods India Ltd,Dec 2024,Other,Bear,-8.09,7.49,631.92,5.22,473.94,0.0,-1.03,3.98,18.0,0.35,1.65,4.79,4.82,1.82,1.05,7255.0,0.37,15.62,0.93,27
Sapphire Foods India Ltd,Dec 2025,Other,Bull,-13.28,-0.64,631.92,5.22,473.94,0.0,-1.03,3.98,16.0,0.35,1.65,4.19,4.82,1.82,1.05,7255.0,-0.15,-100.0,-0.74,19
Sapphire Foods India Ltd,Jun 2023,Other,Bull,14.04,6.09,631.92,5.22,473.94,0.0,-1.03,3.98,19.0,0.35,1.65,5.26,4.82,1.82,1.05,7255.0,0.78,150.0,0.84,25
Sapphire Foods India Ltd,Jun 2024,Other,Bull,-2.03,5.01,631.92,5.22,473.94,0.0,-1.03,3.98,17.0,0.35,1.65,4.59,7.81,-20.0,1.05,7255.0,0.27,-65.38,-0.62,28
Sapphire Foods India Ltd,Jun 2025,Other,Bull,12.01,4.61,631.92,5.22,473.94,0.0,-1.03,3.98,15.0,0.35,1.65,3.77,2.64,-115.38,1.05,7255.0,-0.06,-100.0,0.6,28
Sapphire Foods India Ltd,Jun 2026,Other,Bull,16.35,-1.36,631.92,5.22,473.94,0.0,-1.03,3.98,16.0,0.35,1.65,4.38,9.46,-380.0,1.05,7255.0,0.44,150.0,0.93,21
Sapphire Foods India Ltd,Mar 2024,Other,Bull,11.33,9.41,631.92,5.22,473.94,0.0,-1.03,3.98,16.0,0.35,1.65,3.68,-3.36,-92.0,1.05,7255.0,0.08,-81.82,-0.08,22
Sapphire Foods India Ltd,Mar 2025,Other,Bear,-14.81,4.64,631.92,5.22,473.94,0.0,-1.03,3.98,15.0,0.35,1.65,3.53,-0.97,-75.0,1.05,7255.0,0.06,-25.0,0.72,19
Sapphire Foods India Ltd,Mar 2026,Other,Bear,-42.74,-5.67,631.92,5.22,473.94,0.0,-1.03,3.98,16.0,0.35,1.65,4.0,1.93,550.0,1.05,7255.0,-0.39,-100.0,0.87,25
Sapphire Foods India Ltd,Sep 2023,Other,Bull,6.02,3.77,631.92,5.22,473.94,0.0,-1.03,3.98,18.0,0.35,1.65,4.79,-27.83,7.14,1.05,7255.0,0.48,150.0,0.9,27
Sapphire Foods India Ltd,Sep 2024,Other,Bull,13.66,2.23,631.92,5.22,473.94,0.0,-1.03,3.98,16.0,0.35,1.65,4.15,10.13,-400.0,1.05,7255.0,-0.1,-100.0,0.36,19
Sapphire Foods India Ltd,Sep 2025,Other,Bear,-10.18,-6.82,631.92,5.22,473.94,0.0,-1.03,3.98,14.0,0.35,1.65,3.29,4.36,-596.89,1.05,7255.0,-0.4,-100.0,0.53,27
Sarda Energy & Minerals Ltd,Dec 2023,Manufacturing,Bull,14.05,-1.71,16.5,2.51,12.38,0.38,15.1,16.9,20.0,0.35,1.65,6.06,4.53,4.31,1.05,18470.0,3.32,8.7,0.93,30
Sarda Energy & Minerals Ltd,Dec 2024,Manufacturing,Bear,6.96,-11.51,16.5,2.51,12.38,0.38,15.1,16.9,28.0,0.35,1.65,5.77,4.53,4.31,1.05,18470.0,5.6,68.67,0.91,26
Sarda Energy & Minerals Ltd,Dec 2025,Manufacturing,Bull,-5.48,11.9,16.5,2.51,12.38,0.38,15.1,16.9,24.0,0.35,1.65,4.86,4.53,4.31,1.05,18470.0,5.4,-3.57,0.88,26
Sarda Energy & Minerals Ltd,Jun 2023,Manufacturing,Bull,31.07,19.94,16.5,2.51,12.38,0.38,15.1,16.9,20.0,0.35,1.65,6.14,4.53,4.31,1.05,18470.0,4.85,-10.19,0.85,28
Sarda Energy & Minerals Ltd,Jun 2024,Manufacturing,Bull,12.33,13.81,16.5,2.51,12.38,0.38,15.1,16.9,28.0,0.35,1.65,7.25,0.11,73.68,1.05,18470.0,5.64,16.29,0.95,23
Sarda Energy & Minerals Ltd,Jun 2025,Manufacturing,Bull,-16.04,1.74,16.5,2.51,12.38,0.38,15.1,16.9,38.0,0.35,1.65,9.95,23.81,118.5,1.05,18470.0,12.33,118.62,0.96,29
Sarda Energy & Minerals Ltd,Jun 2026,Manufacturing,Bull,-5.56,-2.48,16.5,2.51,12.38,0.38,15.1,16.9,41.0,0.35,1.65,11.26,26.02,151.58,1.05,18470.0,13.0,5.43,0.9,30
Sarda Energy & Minerals Ltd,Mar 2024,Manufacturing,Bull,-20.4,-11.49,16.5,2.51,12.38,0.38,15.1,16.9,17.0,0.35,1.65,5.43,-15.49,-48.84,1.05,18470.0,2.68,-79.38,0.05,30
Sarda Energy & Minerals Ltd,Mar 2025,Manufacturing,Bear,6.54,-1.29,16.5,2.51,12.38,0.38,15.1,16.9,22.0,0.35,1.65,3.87,33.8,-49.49,1.05,18470.0,3.07,14.55,0.78,25
Sarda Energy & Minerals Ltd,Mar 2026,Manufacturing,Bear,0.18,-4.45,16.5,2.51,12.38,0.38,15.1,16.9,28.0,0.35,1.65,6.44,-23.21,-64.53,1.05,18470.0,4.48,45.93,0.91,22
Sarda Energy & Minerals Ltd,Sep 2023,Manufacturing,Bull,50.07,17.82,16.5,2.51,12.38,0.38,15.1,16.9,24.0,0.35,1.65,6.91,-37.75,-68.83,1.05,18470.0,3.99,-10.94,0.15,30
Sarda Energy & Minerals Ltd,Sep 2024,Manufacturing,Bull,91.64,13.12,16.5,2.51,12.38,0.38,15.1,16.9,29.0,0.35,1.65,6.74,30.37,130.68,1.05,18470.0,5.55,39.1,0.95,23
Sarda Energy & Minerals Ltd,Sep 2025,Manufacturing,Bear,23.69,-0.22,16.5,2.51,12.38,0.38,15.1,16.9,34.0,0.35,1.65,8.0,23.33,228.0,1.05,18470.0,9.17,65.23,0.89,22
Saregama India Ltd,Dec 2023,Other,Bull,1.01,-5.09,42.7,5.76,32.03,0.89,12.7,17.3,32.0,0.35,1.65,66.0,4.82,1.82,1.05,9747.0,2.71,8.7,-0.15,19
Saregama India Ltd,Dec 2024,Other,Bear,-31.39,-9.0,42.7,5.76,32.03,0.89,12.7,17.3,17.0,0.35,1.65,7.03,4.82,1.82,1.05,9747.0,3.23,19.19,0.82,23
Saregama India Ltd,Dec 2025,Other,Bull,-24.98,1.98,42.7,5.76,32.03,0.89,12.7,17.3,35.0,0.35,1.65,92.0,4.82,1.82,1.05,9747.0,2.66,-17.65,-0.27,21
Saregama India Ltd,Jun 2023,Other,Bull,24.89,6.23,42.7,5.76,32.03,0.89,12.7,17.3,31.0,0.35,1.65,50.0,4.82,1.82,1.05,9747.0,2.26,-15.04,-0.03,24
Saregama India Ltd,Jun 2024,Other,Bull,54.55,1.95,42.7,5.76,32.03,0.89,12.7,17.3,25.0,0.35,1.65,7.03,0.49,-28.85,1.05,9747.0,1.91,-15.49,0.6,27
Saregama India Ltd,Jun 2025,Other,Bull,-3.45,1.44,42.7,5.76,32.03,0.89,12.7,17.3,27.0,0.35,1.65,55.0,-55.39,-40.32,1.05,9747.0,1.9,-0.52,0.13,19
Saregama India Ltd,Jun 2026,Other,Bull,50.43,-5.85,42.7,5.76,32.03,0.89,12.7,17.3,35.0,0.35,1.65,46.0,1.54,1.96,1.05,9747.0,2.67,40.53,0.82,25
Saregama India Ltd,Mar 2024,Other,Bull,-5.13,29.7,42.7,5.76,32.03,0.89,12.7,17.3,27.0,0.35,1.65,7.03,61.35,25.58,1.05,9747.0,2.79,4.49,0.91,24
Saregama India Ltd,Mar 2025,Other,Bear,7.39,-3.29,42.7,5.76,32.03,0.89,12.7,17.3,33.0,0.35,1.65,16.0,17.56,62.16,1.05,9747.0,3.12,11.83,0.36,23
Saregama India Ltd,Mar 2026,Other,Bear,-8.97,9.65,42.7,5.76,32.03,0.89,12.7,17.3,42.0,0.35,1.65,60.5,38.65,100.0,1.05,9747.0,3.91,25.32,0.88,19
Saregama India Ltd,Sep 2023,Other,Bull,-7.08,9.68,42.7,5.76,32.03,0.89,12.7,17.3,35.0,0.35,1.65,7.03,-34.85,-7.69,1.05,9747.0,2.49,-36.32,0.62,19
Saregama India Ltd,Sep 2024,Other,Bull,14.03,6.4,42.7,5.76,32.03,0.89,12.7,17.3,25.0,0.35,1.65,7.03,-7.98,-16.67,1.05,9747.0,2.33,-6.43,-0.85,22
Saregama India Ltd,Sep 2025,Other,Bear,-5.16,-5.05,42.7,5.76,32.03,0.89,12.7,17.3,30.0,0.35,1.65,69.0,-4.56,-26.67,1.05,9747.0,2.27,-2.58,-0.46,26
SBFC Finance Ltd,Dec 2023,Banking,Bull,7.97,4.44,31.5,3.34,23.62,0.0,11.6,11.6,44.0,0.45,1.65,14.93,8.74,9.96,1.05,10889.0,0.6,8.7,0.69,29
SBFC Finance Ltd,Dec 2024,Banking,Bear,-2.29,-10.32,31.5,3.34,23.62,0.0,11.6,11.6,44.0,0.45,1.65,14.93,8.74,9.96,1.05,10889.0,0.82,36.67,0.78,21
SBFC Finance Ltd,Jun 2023,Banking,Bull,5.69,-6.18,31.5,3.34,23.62,0.0,11.6,11.6,44.0,0.45,1.65,14.93,8.74,9.96,1.05,10889.0,0.51,-37.8,-0.56,30
SBFC Finance Ltd,Jun 2024,Banking,Bull,-1.09,-0.4,31.5,3.34,23.62,0.0,11.6,11.6,44.0,0.45,1.65,14.93,8.74,9.96,1.05,10889.0,0.73,43.14,0.81,23
SBFC Finance Ltd,Mar 2024,Banking,Bull,-7.92,4.66,31.5,3.34,23.62,0.0,11.6,11.6,44.0,0.45,1.65,14.93,8.74,15.62,1.05,10889.0,0.69,-5.48,0.68,30
SBFC Finance Ltd,Mar 2025,Banking,Bear,-1.72,1.6,31.5,3.34,23.62,0.0,11.6,11.6,44.0,0.45,1.65,14.93,8.74,6.82,1.05,10889.0,0.87,26.09,0.88,20
SBFC Finance Ltd,Sep 2023,Banking,Bull,-9.71,2.96,31.5,3.34,23.62,0.0,11.6,11.6,44.0,0.45,1.65,14.93,8.74,12.77,1.05,10889.0,0.49,-43.68,-0.56,30
SBFC Finance Ltd,Sep 2024,Banking,Bull,12.61,10.06,31.5,3.34,23.62,0.0,11.6,11.6,44.0,0.45,1.65,14.93,8.74,6.33,1.05,10889.0,0.78,59.18,0.92,30
Schaeffler India Ltd,Dec 2023,Manufacturing,Bull,-2.4,2.77,49.3,10.05,36.98,0.89,20.2,27.3,17.0,0.35,1.65,268.88,4.53,4.31,1.05,61748.0,13.41,8.7,0.78,28
Schaeffler India Ltd,Dec 2024,Manufacturing,Bear,-13.36,-3.99,49.3,10.05,36.98,0.89,20.2,27.3,17.0,0.35,1.65,268.88,4.53,4.31,1.05,61748.0,15.18,13.2,0.71,32
Schaeffler India Ltd,Dec 2025,Manufacturing,Bull,-7.26,15.93,49.3,10.05,36.98,0.89,20.2,27.3,18.0,0.35,1.65,242.0,4.53,4.31,1.05,61748.0,20.62,35.84,-0.05,30
Schaeffler India Ltd,Jun 2023,Manufacturing,Bull,7.57,14.29,49.3,10.05,36.98,0.89,20.2,27.3,19.0,0.35,1.65,268.88,4.53,4.31,1.05,61748.0,15.18,-26.38,-0.13,28
Schaeffler India Ltd,Jun 2024,Manufacturing,Bull,60.38,-1.56,49.3,10.05,36.98,0.89,20.2,27.3,18.0,0.35,1.65,188.0,12.37,16.67,1.05,61748.0,15.7,3.43,0.66,34
Schaeffler India Ltd,Jun 2025,Manufacturing,Bull,25.42,0.81,49.3,10.05,36.98,0.89,20.2,27.3,18.0,0.35,1.65,268.88,10.16,21.1,1.05,61748.0,18.37,17.01,0.74,27
Schaeffler India Ltd,Jun 2026,Manufacturing,Bull,9.13,0.11,49.3,10.05,36.98,0.89,20.2,27.3,18.0,0.35,1.65,268.88,1.36,1.24,1.05,61748.0,20.84,13.45,0.54,27
Schaeffler India Ltd,Mar 2024,Manufacturing,Bull,-12.42,22.87,49.3,10.05,36.98,0.89,20.2,27.3,18.0,0.35,1.65,268.88,2.41,-7.17,1.05,61748.0,14.06,-32.53,0.57,30
Schaeffler India Ltd,Mar 2025,Manufacturing,Bear,-2.36,5.01,49.3,10.05,36.98,0.89,20.2,27.3,18.0,0.35,1.65,196.5,3.18,2.86,1.05,61748.0,16.1,14.51,-0.2,33
Schaeffler India Ltd,Mar 2026,Manufacturing,Bear,-0.67,0.65,49.3,10.05,36.98,0.89,20.2,27.3,18.0,0.35,1.65,268.88,9.9,10.1,1.05,61748.0,20.22,25.59,0.57,29
Schaeffler India Ltd,Sep 2023,Manufacturing,Bull,8.84,10.81,49.3,10.05,36.98,0.89,20.2,27.3,18.0,0.35,1.65,170.0,-32.85,-28.53,1.05,61748.0,14.89,-26.36,-0.4,28
Schaeffler India Ltd,Sep 2024,Manufacturing,Bull,-15.11,4.81,49.3,10.05,36.98,0.89,20.2,27.3,17.0,0.35,1.65,268.88,12.97,7.27,1.05,61748.0,15.13,1.61,0.89,26
Schaeffler India Ltd,Sep 2025,Manufacturing,Bear,6.23,-7.78,49.3,10.05,36.98,0.89,20.2,27.3,19.0,0.35,1.65,268.88,12.01,14.68,1.05,61748.0,18.51,22.34,0.88,30
Shipping Corporation of India Ltd,Dec 2023,Other,Bull,12.85,5.88,8.08,1.44,6.06,2.67,15.0,13.9,31.0,0.35,1.65,10.42,4.82,1.82,1.05,13070.0,2.88,8.7,0.64,26
Shipping Corporation of India Ltd,Dec 2024,Other,Bear,-19.72,-13.55,8.08,1.44,6.06,2.67,15.0,13.9,27.0,0.35,1.65,5.58,4.82,1.82,1.05,13070.0,1.62,-43.75,0.62,26
Shipping Corporation of India Ltd,Dec 2025,Other,Bull,4.93,-6.08,8.08,1.44,6.06,2.67,15.0,13.9,42.0,0.35,1.65,14.12,4.82,1.82,1.05,13070.0,8.69,150.0,0.79,23
Shipping Corporation of India Ltd,Jun 2023,Other,Bull,13.32,33.91,8.08,1.44,6.06,2.67,15.0,13.9,30.0,0.35,1.65,10.37,4.82,1.82,1.05,13070.0,3.68,-57.65,0.62,24
Shipping Corporation of India Ltd,Jun 2024,Other,Bull,16.01,-9.0,8.08,1.44,6.06,2.67,15.0,13.9,34.0,0.35,1.65,12.75,12.9,117.16,1.05,13070.0,6.26,70.11,0.87,24
Shipping Corporation of India Ltd,Jun 2025,Other,Bull,31.5,3.98,8.08,1.44,6.06,2.67,15.0,13.9,37.0,0.35,1.65,15.77,0.0,365.79,1.05,13070.0,7.6,21.41,0.86,22
Shipping Corporation of India Ltd,Jun 2026,Other,Bull,31.94,4.42,8.08,1.44,6.06,2.67,15.0,13.9,45.0,0.35,1.65,22.62,14.58,52.84,1.05,13070.0,13.3,75.0,0.77,23
Shipping Corporation of India Ltd,Mar 2024,Other,Bull,27.39,20.84,8.08,1.44,6.06,2.67,15.0,13.9,29.0,0.35,1.65,10.18,17.75,78.49,1.05,13070.0,6.6,-50.38,0.88,21
Shipping Corporation of India Ltd,Mar 2025,Other,Bear,-21.85,31.45,8.08,1.44,6.06,2.67,15.0,13.9,28.0,0.35,1.65,9.36,-12.48,-36.43,1.05,13070.0,3.97,-39.85,-0.46,24
Shipping Corporation of India Ltd,Mar 2026,Other,Bear,-2.99,-10.37,8.08,1.44,6.06,2.67,15.0,13.9,40.0,0.35,1.65,12.83,14.97,14.41,1.05,13070.0,8.69,118.89,0.78,28
Shipping Corporation of India Ltd,Sep 2023,Other,Bull,43.83,14.51,8.08,1.44,6.06,2.67,15.0,13.9,22.0,0.35,1.65,4.21,-40.82,-89.34,1.05,13070.0,1.41,-83.77,0.05,20
Shipping Corporation of India Ltd,Sep 2024,Other,Bull,1.79,10.29,8.08,1.44,6.06,2.67,15.0,13.9,37.0,0.35,1.65,12.4,2.69,-5.21,1.05,13070.0,6.26,150.0,0.92,23
Shipping Corporation of India Ltd,Sep 2025,Other,Bear,1.95,-13.97,8.08,1.44,6.06,2.67,15.0,13.9,30.0,0.35,1.65,8.64,1.06,2.16,1.05,13070.0,4.06,-35.14,-0.3,24
Shyam Metalics & Energy Ltd,Dec 2023,Manufacturing,Bull,41.27,-5.81,26.7,2.6,20.02,0.42,9.7,13.0,12.0,0.35,1.65,10.18,4.53,4.31,1.05,30001.0,4.99,8.7,0.92,23
Shyam Metalics & Energy Ltd,Dec 2024,Manufacturing,Bear,-19.27,-15.77,26.7,2.6,20.02,0.42,9.7,13.0,12.0,0.35,1.65,11.12,4.53,4.31,1.05,30001.0,7.08,41.88,0.86,29
Shyam Metalics & Energy Ltd,Dec 2025,Manufacturing,Bull,-8.3,13.06,26.7,2.6,20.02,0.42,9.7,13.0,11.0,0.35,1.65,9.55,4.53,4.31,1.05,30001.0,7.07,-0.14,0.88,25
Shyam Metalics & Energy Ltd,Jun 2023,Manufacturing,Bull,32.81,-4.93,26.7,2.6,20.02,0.42,9.7,13.0,12.0,0.35,1.65,11.19,4.53,4.31,1.05,30001.0,8.0,13.15,0.91,25
Shyam Metalics & Energy Ltd,Jun 2024,Manufacturing,Bull,7.42,22.94,26.7,2.6,20.02,0.42,9.7,13.0,14.0,0.35,1.65,16.83,8.96,119.05,1.05,30001.0,9.89,23.63,0.94,28
Shyam Metalics & Energy Ltd,Jun 2025,Manufacturing,Bull,1.15,-5.0,26.7,2.6,20.02,0.42,9.7,13.0,13.0,0.35,1.65,14.5,17.65,47.72,1.05,30001.0,10.47,5.86,0.94,24
Shyam Metalics & Energy Ltd,Jun 2026,Manufacturing,Bull,19.2,11.44,26.7,2.6,20.02,0.42,9.7,13.0,14.0,0.35,1.65,9.81,23.39,77.27,1.05,30001.0,12.36,18.05,0.88,29
Shyam Metalics & Energy Ltd,Mar 2024,Manufacturing,Bull,-7.88,8.14,26.7,2.6,20.02,0.42,9.7,13.0,12.0,0.35,1.65,20.09,8.19,8.91,1.05,30001.0,7.76,-37.22,-0.08,25
Shyam Metalics & Energy Ltd,Mar 2025,Manufacturing,Bear,14.73,-10.72,26.7,2.6,20.02,0.42,9.7,13.0,12.0,0.35,1.65,11.7,14.59,-20.29,1.05,30001.0,7.84,1.03,0.78,31
Shyam Metalics & Energy Ltd,Mar 2026,Manufacturing,Bear,-8.4,12.14,26.7,2.6,20.02,0.42,9.7,13.0,14.0,0.35,1.65,14.25,18.58,7.22,1.05,30001.0,11.43,45.79,0.88,31
Shyam Metalics & Energy Ltd,Sep 2023,Manufacturing,Bull,21.77,8.52,26.7,2.6,20.02,0.42,9.7,13.0,10.0,0.35,1.65,8.77,-46.09,37.32,1.05,30001.0,18.98,66.05,0.93,28
Shyam Metalics & Energy Ltd,Sep 2024,Manufacturing,Bull,27.4,3.77,26.7,2.6,20.02,0.42,9.7,13.0,11.0,0.35,1.65,13.63,0.78,-1.82,1.05,30001.0,7.72,-59.33,0.66,23
Shyam Metalics & Energy Ltd,Sep 2025,Manufacturing,Bear,4.86,-5.47,26.7,2.6,20.02,0.42,9.7,13.0,12.0,0.35,1.65,10.78,7.92,18.18,1.05,30001.0,9.38,21.5,0.93,31
SignatureGlobal India Ltd,Dec 2023,Other,Bull,84.01,27.6,35.9,5.77,26.92,0.0,2.79,2.6,-2.5,0.35,1.65,-1.4,4.82,1.82,1.05,10704.0,0.15,8.7,0.69,25
SignatureGlobal India Ltd,Dec 2024,Other,Bear,-15.39,-9.46,35.9,5.77,26.92,0.0,2.79,2.6,1.6,0.35,1.65,0.93,4.82,1.82,1.05,10704.0,2.07,150.0,0.82,22
SignatureGlobal India Ltd,Dec 2025,Other,Bull,7.75,-5.73,35.9,5.77,26.92,0.0,2.79,2.6,-22.0,0.35,1.65,-3.71,4.82,1.82,1.05,10704.0,-3.23,-100.0,0.2,28
SignatureGlobal India Ltd,Jun 2023,Other,Bull,6.31,0.93,35.9,5.77,26.92,0.0,2.79,2.6,-6.0,0.35,1.65,-1.67,4.82,1.82,1.05,10704.0,-0.58,82.04,0.92,26
SignatureGlobal India Ltd,Jun 2024,Other,Bull,4.59,-3.0,35.9,5.77,26.92,0.0,2.79,2.6,-0.4,0.35,1.65,-0.14,42.2,250.0,1.05,10704.0,0.48,150.0,0.81,20
SignatureGlobal India Ltd,Jun 2025,Other,Bull,14.97,1.15,35.9,5.77,26.92,0.0,2.79,2.6,3.8,0.35,1.65,2.54,4.59,17.24,1.05,10704.0,2.45,150.0,0.62,24
SignatureGlobal India Ltd,Jun 2026,Other,Bull,2.14,-3.2,35.9,5.77,26.92,0.0,2.79,2.6,-8.0,0.35,1.65,-1.55,94.37,-62.22,1.05,10704.0,-1.17,-100.0,-0.57,28
SignatureGlobal India Ltd,Mar 2024,Other,Bull,47.97,7.55,35.9,5.77,26.92,0.0,2.79,2.6,2.9,0.35,1.65,2.5,123.91,-596.89,1.05,10704.0,2.93,150.0,0.87,29
SignatureGlobal India Ltd,Mar 2025,Other,Bear,-19.17,9.63,35.9,5.77,26.92,0.0,2.79,2.6,8.0,0.35,1.65,3.38,29.68,724.9,1.05,10704.0,4.35,48.46,0.79,26
SignatureGlobal India Ltd,Mar 2026,Other,Bear,-36.72,-8.8,35.9,5.77,26.92,0.0,2.79,2.6,5.0,0.35,1.65,3.29,27.83,724.9,1.05,10704.0,82.02,150.0,0.87,27
SignatureGlobal India Ltd,Sep 2023,Other,Bull,4.19,10.23,35.9,5.77,26.92,0.0,2.79,2.6,-31.0,0.35,1.65,-2.73,-55.39,17.65,1.05,10704.0,-1.42,-100.0,-0.76,29
SignatureGlobal India Ltd,Sep 2024,Other,Bull,12.43,-4.1,35.9,5.77,26.92,0.0,2.79,2.6,-1.6,0.35,1.65,-0.71,7.93,-90.24,1.05,10704.0,0.29,120.42,0.64,29
SignatureGlobal India Ltd,Sep 2025,Other,Bear,-15.46,1.12,35.9,5.77,26.92,0.0,2.79,2.6,-22.0,0.35,1.65,-5.69,-35.0,-177.05,1.05,10704.0,-3.33,-100.0,0.03,20
SJVN Ltd,Dec 2023,Other,Bull,25.8,-2.82,40.7,1.83,30.52,2.27,4.58,5.73,68.0,0.35,1.65,3.02,4.82,1.82,1.05,26007.0,0.35,8.7,0.1,25
SJVN Ltd,Dec 2024,Other,Bear,-20.2,0.66,40.7,1.83,30.52,2.27,4.58,5.73,69.0,0.35,1.65,2.03,4.82,1.82,1.05,26007.0,0.38,8.57,0.74,26
SJVN Ltd,Dec 2025,Other,Bull,-17.8,-1.46,40.7,1.83,30.52,2.27,4.58,5.73,71.0,0.35,1.65,3.16,4.82,1.82,1.05,26007.0,0.57,50.0,0.92,25
SJVN Ltd,Jun 2023,Other,Bull,23.75,34.06,40.7,1.83,30.52,2.27,4.58,5.73,72.0,0.35,1.65,5.37,4.82,1.82,1.05,26007.0,0.69,21.05,0.84,25
SJVN Ltd,Jun 2024,Other,Bull,4.97,-8.21,40.7,1.83,30.52,2.27,4.58,5.73,74.0,0.35,1.65,4.52,60.22,156.83,1.05,26007.0,0.91,31.88,0.78,24
SJVN Ltd,Jun 2025,Other,Bull,10.12,0.4,40.7,1.83,30.52,2.27,4.58,5.73,77.0,0.35,1.65,3.27,36.66,53.02,1.05,26007.0,0.58,-36.26,0.92,22
SJVN Ltd,Jun 2026,Other,Bull,8.76,-2.0,40.7,1.83,30.52,2.27,4.58,5.73,61.0,0.35,1.65,2.61,28.84,0.45,1.05,26007.0,0.57,-1.72,0.74,28
SJVN Ltd,Mar 2024,Other,Bull,31.91,4.43,40.7,1.83,30.52,2.27,4.58,5.73,47.0,0.35,1.65,1.88,-28.44,-77.57,1.05,26007.0,0.16,-71.93,0.03,23
SJVN Ltd,Mar 2025,Other,Bear,-16.35,0.1,40.7,1.83,30.52,2.27,4.58,5.73,48.0,0.35,1.65,1.52,-42.07,-135.85,1.05,26007.0,-0.32,-100.0,-0.57,30
SJVN Ltd,Mar 2026,Other,Bear,-13.92,-6.21,40.7,1.83,30.52,2.27,4.58,5.73,61.0,0.35,1.65,1.74,63.14,-151.75,1.05,26007.0,-0.3,6.25,-0.27,31
SJVN Ltd,Sep 2023,Other,Bull,74.05,27.38,40.7,1.83,30.52,2.27,4.58,5.73,80.0,0.35,1.65,5.69,-37.02,95.56,1.05,26007.0,1.12,150.0,0.62,32
SJVN Ltd,Sep 2024,Other,Bull,1.05,12.85,40.7,1.83,30.52,2.27,4.58,5.73,81.0,0.35,1.65,4.18,112.42,621.31,1.05,26007.0,1.12,0.0,0.78,27
SJVN Ltd,Sep 2025,Other,Bear,-9.79,-13.14,40.7,1.83,30.52,2.27,4.58,5.73,83.0,0.35,1.65,2.73,104.76,-340.62,1.05,26007.0,0.78,-30.36,-0.2,31
Sobha Ltd,Dec 2023,Other,Bull,41.41,-3.44,56.4,2.76,42.3,0.49,4.16,6.86,11.0,0.35,1.65,1.21,4.82,1.82,1.05,13012.0,1.41,8.7,0.57,25
Sobha Ltd,Dec 2024,Other,Bear,-15.45,-10.98,56.4,2.76,42.3,0.49,4.16,6.86,5.0,0.35,1.65,1.43,4.82,1.82,1.05,13012.0,2.03,43.97,0.91,26
Sobha Ltd,Dec 2025,Other,Bull,-3.67,6.86,56.4,2.76,42.3,0.49,4.16,6.86,4.1,0.35,1.65,1.3,4.82,1.82,1.05,13012.0,1.44,-29.06,0.46,29
Sobha Ltd,Jun 2023,Other,Bull,24.03,24.34,56.4,2.76,42.3,0.49,4.16,6.86,7.0,0.35,1.65,1.07,4.82,1.82,1.05,13012.0,1.13,-21.53,-0.08,25
Sobha Ltd,Jun 2024,Other,Bull,26.79,3.22,56.4,2.76,42.3,0.49,4.16,6.86,9.0,0.35,1.65,1.04,-6.57,-60.0,1.05,13012.0,0.57,-49.56,0.54,25
Sobha Ltd,Jun 2025,Other,Bull,22.06,5.04,56.4,2.76,42.3,0.49,4.16,6.86,2.8,0.35,1.65,0.77,-30.39,-36.36,1.05,13012.0,1.27,122.81,0.82,30
Sobha Ltd,Jun 2026,Other,Bull,15.08,-3.85,56.4,2.76,42.3,0.49,4.16,6.86,6.0,0.35,1.65,2.44,35.52,240.0,1.05,13012.0,4.76,150.0,0.78,27
Sobha Ltd,Mar 2024,Other,Bull,41.8,18.72,56.4,2.76,42.3,0.49,4.16,6.86,8.0,0.35,1.65,1.05,-15.97,-41.67,1.05,13012.0,0.66,-86.13,-0.46,20
Sobha Ltd,Mar 2025,Other,Bear,-22.13,16.83,56.4,2.76,42.3,0.49,4.16,6.86,8.0,0.35,1.65,2.09,93.91,583.33,1.05,13012.0,3.82,150.0,-0.05,23
Sobha Ltd,Mar 2026,Other,Bear,-18.83,-4.61,56.4,2.76,42.3,0.49,4.16,6.86,8.0,0.35,1.65,3.45,123.91,557.14,1.05,13012.0,8.59,124.87,0.9,24
Sobha Ltd,Sep 2023,Other,Bull,31.05,18.44,56.4,2.76,42.3,0.49,4.16,6.86,10.0,0.35,1.65,1.17,-42.02,-70.59,1.05,13012.0,1.4,-83.7,-0.18,24
Sobha Ltd,Sep 2024,Other,Bull,1.82,4.06,56.4,2.76,42.3,0.49,4.16,6.86,8.0,0.35,1.65,1.57,22.41,271.43,1.05,13012.0,2.44,74.29,0.64,26
Sobha Ltd,Sep 2025,Other,Bear,3.54,-11.42,56.4,2.76,42.3,0.49,4.16,6.86,7.0,0.35,1.65,3.0,13.46,78.05,1.05,13012.0,6.78,150.0,0.93,30
Sona BLW Precision Forgings Ltd,Dec 2023,Manufacturing,Bull,10.13,-9.28,67.6,8.19,50.7,0.43,11.3,14.2,30.0,0.35,1.65,33.29,4.53,4.31,1.05,49181.0,2.26,8.7,0.64,27
Sona BLW Precision Forgings Ltd,Dec 2024,Manufacturing,Bear,-18.64,4.63,67.6,8.19,50.7,0.43,11.3,14.2,27.0,0.35,1.65,39.0,4.53,4.31,1.05,49181.0,2.43,7.52,0.8,31
Sona BLW Precision Forgings Ltd,Dec 2025,Manufacturing,Bull,15.87,-0.28,67.6,8.19,50.7,0.43,11.3,14.2,25.0,0.35,1.65,59.2,4.53,4.31,1.05,49181.0,2.43,0.0,0.64,28
Sona BLW Precision Forgings Ltd,Jun 2023,Manufacturing,Bull,23.2,5.86,67.6,8.19,50.7,0.43,11.3,14.2,28.0,0.35,1.65,40.6,4.53,4.31,1.05,49181.0,1.91,-21.4,0.15,26
Sona BLW Precision Forgings Ltd,Jun 2024,Manufacturing,Bull,-6.09,5.47,67.6,8.19,50.7,0.43,11.3,14.2,28.0,0.35,1.65,27.67,13.94,5.97,1.05,49181.0,2.42,26.7,0.91,24
Sona BLW Precision Forgings Ltd,Jun 2025,Manufacturing,Bull,4.41,-3.74,67.6,8.19,50.7,0.43,11.3,14.2,24.0,0.35,1.65,41.2,-1.61,-19.21,1.05,49181.0,2.01,-16.94,0.53,32
Sona BLW Precision Forgings Ltd,Jun 2026,Manufacturing,Bull,25.03,1.23,67.6,8.19,50.7,0.43,11.3,14.2,23.0,0.35,1.65,29.3,8.42,19.33,1.05,49181.0,2.9,44.28,0.87,24
Sona BLW Precision Forgings Ltd,Mar 2024,Manufacturing,Bull,9.61,7.49,67.6,8.19,50.7,0.43,11.3,14.2,28.0,0.35,1.65,35.29,20.93,32.14,1.05,49181.0,2.54,-12.41,0.92,28
Sona BLW Precision Forgings Ltd,Mar 2025,Manufacturing,Bear,-21.8,-5.98,67.6,8.19,50.7,0.43,11.3,14.2,27.0,0.35,1.65,46.2,-2.92,15.49,1.05,49181.0,2.64,3.94,0.89,28
Sona BLW Precision Forgings Ltd,Mar 2026,Manufacturing,Bear,1.85,3.4,67.6,8.19,50.7,0.43,11.3,14.2,24.0,0.35,1.65,37.0,47.31,53.28,1.05,49181.0,3.09,17.05,0.77,34
Sona BLW Precision Forgings Ltd,Sep 2023,Manufacturing,Bull,13.31,-6.03,67.6,8.19,50.7,0.43,11.3,14.2,28.0,0.35,1.65,36.67,-39.51,-30.73,1.05,49181.0,2.12,-31.39,-0.68,27
Sona BLW Precision Forgings Ltd,Sep 2024,Manufacturing,Bull,11.02,-5.38,67.6,8.19,50.7,0.43,11.3,14.2,27.0,0.35,1.65,22.91,4.3,-2.7,1.05,49181.0,2.32,9.43,0.68,26
Sona BLW Precision Forgings Ltd,Sep 2025,Manufacturing,Bear,-13.19,0.19,67.6,8.19,50.7,0.43,11.3,14.2,25.0,0.35,1.65,56.8,31.56,3.66,1.05,49181.0,2.78,19.83,0.9,30
Sonata Software Ltd,Dec 2023,IT,Bull,43.48,21.02,14.7,3.92,11.02,2.97,28.2,30.7,8.0,0.35,1.65,9.45,5.5,7.6,1.05,7455.0,-1.65,-8.7,0.88,29
Sonata Software Ltd,Dec 2024,IT,Bear,-5.58,-9.99,14.7,3.92,11.02,2.97,28.2,30.7,6.0,0.35,1.65,10.25,5.5,7.6,1.05,7455.0,3.74,150.0,0.74,28
Sonata Software Ltd,Dec 2025,IT,Bull,3.67,-17.49,14.7,3.92,11.02,2.97,28.2,30.7,6.0,0.35,1.65,15.38,5.5,7.6,1.05,7455.0,3.72,-0.53,0.08,19
Sonata Software Ltd,Jun 2023,IT,Bull,17.51,5.09,14.7,3.92,11.02,2.97,28.2,30.7,9.0,0.35,1.65,8.48,5.5,7.6,1.05,7455.0,4.28,15.05,0.34,26
Sonata Software Ltd,Jun 2024,IT,Bull,-17.27,11.42,14.7,3.92,11.02,2.97,28.2,30.7,7.0,0.35,1.65,8.8,1.36,-330.43,1.05,7455.0,3.77,-11.92,-0.49,25
Sonata Software Ltd,Jun 2025,IT,Bull,17.63,7.29,14.7,3.92,11.02,2.97,28.2,30.7,5.0,0.35,1.65,32.0,4.29,3.81,1.05,7455.0,3.9,3.45,0.2,25
Sonata Software Ltd,Jun 2026,IT,Bull,21.25,-4.93,14.7,3.92,11.02,2.97,28.2,30.7,5.0,0.35,1.65,14.25,6.43,3.85,1.05,7455.0,3.86,-1.03,0.87,26
Sonata Software Ltd,Mar 2024,IT,Bull,-0.08,6.93,14.7,3.92,11.02,2.97,28.2,30.7,7.0,0.35,1.65,6.55,8.73,-8.33,1.05,7455.0,3.94,2.07,0.23,23
Sonata Software Ltd,Mar 2025,IT,Bear,-42.89,3.47,14.7,3.92,11.02,2.97,28.2,30.7,7.0,0.35,1.65,17.3,3.56,1.89,1.05,7455.0,3.83,-2.79,0.78,21
Sonata Software Ltd,Mar 2026,IT,Bear,-41.99,-4.4,14.7,3.92,11.02,2.97,28.2,30.7,8.0,0.35,1.65,11.0,-14.47,19.27,1.05,7455.0,4.65,21.41,0.84,20
Sonata Software Ltd,Sep 2023,IT,Bull,6.84,15.66,14.7,3.92,11.02,2.97,28.2,30.7,10.0,0.35,1.65,9.38,-41.66,14.81,1.05,7455.0,4.43,-4.73,0.77,27
Sonata Software Ltd,Sep 2024,IT,Bull,2.17,22.05,14.7,3.92,11.02,2.97,28.2,30.7,8.0,0.35,1.65,9.32,-1.0,-3.64,1.05,7455.0,3.8,-14.22,-0.74,24
Sonata Software Ltd,Sep 2025,IT,Bear,-14.39,-5.49,14.7,3.92,11.02,2.97,28.2,30.7,8.0,0.35,1.65,12.36,-19.03,11.11,1.05,7455.0,4.29,12.89,0.38,23
Supreme Petrochem Ltd,Dec 2025,Chemicals,Bull,-21.06,1.16,31.3,6.49,23.48,1.28,13.7,14.6,6.0,0.35,1.65,17.75,4.4,0.0,1.05,15388.0,1.63,8.7,0.92,29
Supreme Petrochem Ltd,Jun 2025,Chemicals,Bull,40.46,-2.08,31.3,6.49,23.48,1.28,13.7,14.6,8.0,0.35,1.65,38.67,4.4,0.0,1.05,15388.0,4.35,150.0,0.95,26
Supreme Petrochem Ltd,Jun 2026,Chemicals,Bull,-3.37,-3.12,31.3,6.49,23.48,1.28,13.7,14.6,19.0,0.35,1.65,83.0,4.4,0.0,1.05,15388.0,12.62,150.0,0.97,31
Supreme Petrochem Ltd,Mar 2026,Chemicals,Bear,14.84,0.96,31.3,6.49,23.48,1.28,13.7,14.6,16.0,0.35,1.65,63.75,4.4,0.0,1.05,15388.0,8.96,-29.0,0.88,29
Supreme Petrochem Ltd,Sep 2025,Chemicals,Bear,-0.29,-0.92,31.3,6.49,23.48,1.28,13.7,14.6,7.0,0.35,1.65,26.33,-12.72,54.84,1.05,15388.0,2.57,-71.32,0.97,21
SRF Ltd,Dec 2023,Chemicals,Bull,9.92,2.32,32.8,5.24,24.6,0.36,14.3,14.6,19.0,0.35,1.65,8.45,4.4,0.0,1.05,73584.0,8.55,8.7,0.46,35
SRF Ltd,Dec 2024,Chemicals,Bear,-9.81,3.32,32.8,5.24,24.6,0.36,14.3,14.6,18.0,0.35,1.65,6.46,4.4,0.0,1.05,73584.0,9.14,6.9,0.08,25
SRF Ltd,Dec 2025,Chemicals,Bull,5.78,9.59,32.8,5.24,24.6,0.36,14.3,14.6,21.0,0.35,1.65,11.82,4.4,0.0,1.05,73584.0,14.6,59.74,0.64,27
SRF Ltd,Jun 2023,Chemicals,Bull,-3.09,4.25,32.8,5.24,24.6,0.36,14.3,14.6,21.0,0.35,1.65,10.55,4.4,0.0,1.05,73584.0,12.12,-16.99,0.1,34
SRF Ltd,Jun 2024,Chemicals,Bull,-6.9,-0.6,32.8,5.24,24.6,0.36,14.3,14.6,17.0,0.35,1.65,6.22,13.46,-0.4,1.05,73584.0,8.51,-29.79,-0.85,33
SRF Ltd,Jun 2025,Chemicals,Bull,12.59,1.43,32.8,5.24,24.6,0.36,14.3,14.6,22.0,0.35,1.65,10.38,9.4,59.41,1.05,73584.0,14.58,71.33,0.62,34
SRF Ltd,Jun 2026,Chemicals,Bull,7.19,-1.0,32.8,5.24,24.6,0.36,14.3,14.6,25.0,0.35,1.65,17.93,35.55,75.29,1.05,73584.0,25.6,75.58,0.92,35
SRF Ltd,Mar 2024,Chemicals,Bull,3.91,4.97,32.8,5.24,24.6,0.36,14.3,14.6,19.0,0.35,1.65,7.73,6.95,17.55,1.05,73584.0,14.24,-44.38,-0.49,34
SRF Ltd,Mar 2025,Chemicals,Bear,33.08,7.75,32.8,5.24,24.6,0.36,14.3,14.6,22.0,0.35,1.65,10.75,24.51,108.73,1.05,73584.0,17.75,24.65,0.36,29
SRF Ltd,Mar 2026,Chemicals,Bear,-20.11,1.99,32.8,5.24,24.6,0.36,14.3,14.6,22.0,0.35,1.65,16.55,20.84,34.72,1.05,73584.0,19.63,10.59,0.34,30
SRF Ltd,Sep 2023,Chemicals,Bull,-0.93,3.34,32.8,5.24,24.6,0.36,14.3,14.6,20.0,0.35,1.65,7.92,-36.88,-60.34,1.05,73584.0,10.15,-48.29,-0.3,25
SRF Ltd,Sep 2024,Chemicals,Bull,1.58,5.38,32.8,5.24,24.6,0.36,14.3,14.6,16.0,0.35,1.65,5.72,-4.09,-52.37,1.05,73584.0,6.79,-33.1,0.57,33
SRF Ltd,Sep 2025,Chemicals,Bear,-11.65,5.93,32.8,5.24,24.6,0.36,14.3,14.6,21.0,0.35,1.65,10.9,-15.6,-26.24,1.05,73584.0,13.1,92.93,0.25,30
Sumitomo Chemical India Ltd,Dec 2023,Chemicals,Bull,-3.8,-0.81,41.6,7.01,31.2,0.27,16.2,22.1,12.0,0.35,1.65,66.0,4.4,0.0,1.05,23779.0,1.1,8.7,0.23,24
Sumitomo Chemical India Ltd,Dec 2024,Chemicals,Bear,-5.83,-8.95,41.6,7.01,31.2,0.27,16.2,22.1,17.0,0.35,1.65,53.0,4.4,0.0,1.05,23779.0,1.74,58.18,0.82,26
Sumitomo Chemical India Ltd,Dec 2025,Chemicals,Bull,-13.43,3.17,41.6,7.01,31.2,0.27,16.2,22.1,18.0,0.35,1.65,49.5,4.4,0.0,1.05,23779.0,1.52,-12.64,0.13,28
Sumitomo Chemical India Ltd,Jun 2023,Chemicals,Bull,2.59,3.85,41.6,7.01,31.2,0.27,16.2,22.1,11.0,0.35,1.65,81.0,4.4,0.0,1.05,23779.0,1.24,-18.42,-0.57,27
Sumitomo Chemical India Ltd,Jun 2024,Chemicals,Bull,32.62,9.93,41.6,7.01,31.2,0.27,16.2,22.1,19.0,0.35,1.65,161.0,54.8,130.91,1.05,23779.0,2.54,104.84,0.25,25
Sumitomo Chemical India Ltd,Jun 2025,Chemicals,Bull,-4.19,-3.93,41.6,7.01,31.2,0.27,16.2,22.1,21.0,0.35,1.65,109.5,64.64,104.6,1.05,23779.0,3.57,40.55,0.93,29
Sumitomo Chemical India Ltd,Jun 2026,Chemicals,Bull,10.69,-7.49,41.6,7.01,31.2,0.27,16.2,22.1,22.0,0.35,1.65,116.5,87.15,182.89,1.05,23779.0,4.3,20.45,0.7,25
Sumitomo Chemical India Ltd,Mar 2024,Chemicals,Bull,-14.08,26.43,41.6,7.01,31.2,0.27,16.2,22.1,21.0,0.35,1.65,140.0,-6.91,77.42,1.05,23779.0,2.2,-48.84,0.92,29
Sumitomo Chemical India Ltd,Mar 2025,Chemicals,Bear,5.58,-5.12,41.6,7.01,31.2,0.27,16.2,22.1,18.0,0.35,1.65,60.0,-19.07,-21.26,1.05,23779.0,2.0,-9.09,-0.62,28
Sumitomo Chemical India Ltd,Mar 2026,Chemicals,Bear,-22.37,0.68,41.6,7.01,31.2,0.27,16.2,22.1,20.0,0.35,1.65,67.0,-35.29,-37.64,1.05,23779.0,2.23,11.5,0.03,27
Sumitomo Chemical India Ltd,Sep 2023,Chemicals,Bull,-2.87,5.42,41.6,7.01,31.2,0.27,16.2,22.1,21.0,0.35,1.65,188.0,-15.05,-33.49,1.05,23779.0,2.87,28.7,0.9,25
Sumitomo Chemical India Ltd,Sep 2024,Chemicals,Bull,16.51,1.83,41.6,7.01,31.2,0.27,16.2,22.1,25.0,0.35,1.65,245.0,46.59,75.45,1.05,23779.0,3.85,34.15,0.81,27
Sumitomo Chemical India Ltd,Sep 2025,Chemicals,Bear,3.16,-1.7,41.6,7.01,31.2,0.27,16.2,22.1,23.0,0.35,1.65,109.0,36.97,78.0,1.05,23779.0,3.56,-7.53,0.91,28
Sundaram Finance Ltd,Dec 2023,Banking,Bull,11.43,-3.36,23.0,3.51,17.25,0.85,15.0,9.44,44.0,0.45,1.65,14.93,8.74,9.96,1.05,52338.0,38.47,8.7,0.68,28
Sundaram Finance Ltd,Dec 2024,Banking,Bear,-21.09,1.47,23.0,3.51,17.25,0.85,15.0,9.44,44.0,0.45,1.65,14.93,8.74,9.96,1.05,52338.0,41.0,6.58,0.27,28
Sundaram Finance Ltd,Dec 2025,Banking,Bull,20.47,4.08,23.0,3.51,17.25,0.85,15.0,9.44,44.0,0.45,1.65,14.93,8.74,9.96,1.05,52338.0,48.73,18.85,0.62,32
Sundaram Finance Ltd,Jun 2023,Banking,Bull,9.37,8.4,23.0,3.51,17.25,0.85,15.0,9.44,44.0,0.45,1.65,14.93,8.74,9.96,1.05,52338.0,33.77,-30.7,0.1,24
Sundaram Finance Ltd,Jun 2024,Banking,Bull,13.42,20.55,23.0,3.51,17.25,0.85,15.0,9.44,44.0,0.45,1.65,14.93,8.74,-14.03,1.05,52338.0,39.14,15.9,0.91,26
Sundaram Finance Ltd,Jun 2025,Banking,Bull,14.62,-6.5,23.0,3.51,17.25,0.85,15.0,9.44,44.0,0.45,1.65,14.93,8.74,4.4,1.05,52338.0,42.77,9.27,0.74,24
Sundaram Finance Ltd,Jun 2026,Banking,Bull,-1.89,1.12,23.0,3.51,17.25,0.85,15.0,9.44,44.0,0.45,1.65,14.93,8.74,17.56,1.05,52338.0,57.26,33.88,0.88,32
Sundaram Finance Ltd,Mar 2024,Banking,Bull,18.82,-4.12,23.0,3.51,17.25,0.85,15.0,9.44,44.0,0.45,1.65,14.93,8.74,10.02,1.05,52338.0,24.11,-57.89,-0.74,31
Sundaram Finance Ltd,Mar 2025,Banking,Bear,12.25,-1.14,23.0,3.51,17.25,0.85,15.0,9.44,44.0,0.45,1.65,14.93,8.74,27.13,1.05,52338.0,49.77,106.43,0.82,27
Sundaram Finance Ltd,Mar 2026,Banking,Bear,-17.53,-9.75,23.0,3.51,17.25,0.85,15.0,9.44,44.0,0.45,1.65,14.93,8.74,16.63,1.05,52338.0,49.88,0.22,0.25,26
Sundaram Finance Ltd,Sep 2023,Banking,Bull,17.15,13.98,23.0,3.51,17.25,0.85,15.0,9.44,44.0,0.45,1.65,14.93,8.74,-31.6,1.05,52338.0,32.89,-34.06,-0.57,33
Sundaram Finance Ltd,Sep 2024,Banking,Bull,14.37,1.77,23.0,3.51,17.25,0.85,15.0,9.44,44.0,0.45,1.65,14.93,8.74,-7.63,1.05,52338.0,39.26,19.37,0.57,25
Sundaram Finance Ltd,Sep 2025,Banking,Bear,-14.08,0.62,23.0,3.51,17.25,0.85,15.0,9.44,44.0,0.45,1.65,14.93,8.74,-11.75,1.05,52338.0,43.94,11.92,-0.62,26
Sun TV Network Ltd,Dec 2023,Other,Bull,15.32,-4.67,11.9,1.48,8.93,2.63,12.2,16.4,64.0,0.35,1.65,268.88,4.82,1.82,1.05,18758.0,11.52,8.7,0.25,23
Sun TV Network Ltd,Dec 2024,Other,Bear,-19.04,-4.62,11.9,1.48,8.93,2.63,12.2,16.4,54.0,0.35,1.65,111.25,4.82,1.82,1.05,18758.0,9.22,-19.97,-0.18,25
Sun TV Network Ltd,Dec 2025,Other,Bull,-1.89,-2.15,11.9,1.48,8.93,2.63,12.2,16.4,49.0,0.35,1.65,140.0,4.82,1.82,1.05,18758.0,8.22,-10.85,0.46,27
Sun TV Network Ltd,Jun 2023,Other,Bull,4.86,11.51,11.9,1.48,8.93,2.63,12.2,16.4,59.0,0.35,1.65,265.67,4.82,1.82,1.05,18758.0,15.02,82.73,0.92,30
Sun TV Network Ltd,Jun 2024,Other,Bull,23.66,1.05,11.9,1.48,8.93,2.63,12.2,16.4,55.0,0.35,1.65,268.88,42.36,23.35,1.05,18758.0,14.19,-5.53,0.89,22
Sun TV Network Ltd,Jun 2025,Other,Bull,-6.36,-4.21,11.9,1.48,8.93,2.63,12.2,16.4,48.0,0.35,1.65,154.25,55.61,45.33,1.05,18758.0,13.43,-5.36,0.36,26
Sun TV Network Ltd,Jun 2026,Other,Bull,-11.48,-1.81,11.9,1.48,8.93,2.63,12.2,16.4,50.0,0.35,1.65,268.88,69.14,91.05,1.05,18758.0,15.7,16.9,0.8,22
Sun TV Network Ltd,Mar 2024,Other,Bull,-15.15,14.63,11.9,1.48,8.93,2.63,12.2,16.4,54.0,0.35,1.65,261.5,-28.76,-29.9,1.05,18758.0,10.52,-32.99,-0.27,24
Sun TV Network Ltd,Mar 2025,Other,Bear,-5.01,-1.75,11.9,1.48,8.93,2.63,12.2,16.4,44.0,0.35,1.65,103.5,-28.31,-33.75,1.05,18758.0,9.41,-10.55,0.82,30
Sun TV Network Ltd,Mar 2026,Other,Bear,-2.83,-3.82,11.9,1.48,8.93,2.63,12.2,16.4,44.0,0.35,1.65,130.33,-31.55,-56.14,1.05,18758.0,5.89,-37.41,-0.7,22
Sun TV Network Ltd,Sep 2023,Other,Bull,40.7,5.24,11.9,1.48,8.93,2.63,12.2,16.4,69.0,0.35,1.65,268.88,-28.12,-24.88,1.05,18758.0,11.79,100.17,0.88,31
Sun TV Network Ltd,Sep 2024,Other,Bull,7.72,0.35,11.9,1.48,8.93,2.63,12.2,16.4,58.0,0.35,1.65,135.25,-2.6,-1.45,1.05,18758.0,10.39,-11.87,-0.85,30
Sun TV Network Ltd,Sep 2025,Other,Bear,-11.22,1.57,11.9,1.48,8.93,2.63,12.2,16.4,58.0,0.35,1.65,188.5,38.0,-4.31,1.05,18758.0,8.99,-13.47,-0.25,26
Supreme Industries Ltd,Dec 2023,Manufacturing,Bull,13.34,-1.96,41.4,6.92,31.05,1.07,15.8,20.7,15.0,0.35,1.65,75.8,4.53,4.31,1.05,42737.0,20.17,8.7,0.96,26
Supreme Industries Ltd,Dec 2024,Manufacturing,Bear,-12.72,2.54,41.4,6.92,31.05,1.07,15.8,20.7,12.0,0.35,1.65,103.0,4.53,4.31,1.05,42737.0,14.72,-27.02,0.9,31
Supreme Industries Ltd,Dec 2025,Manufacturing,Bull,-19.73,-7.79,41.4,6.92,31.05,1.07,15.8,20.7,12.0,0.35,1.65,28.55,4.53,4.31,1.05,42737.0,12.07,-18.0,0.86,24
Supreme Industries Ltd,Jun 2023,Manufacturing,Bull,28.04,1.36,41.4,6.92,31.05,1.07,15.8,20.7,14.0,0.35,1.65,161.0,4.53,4.31,1.05,42737.0,16.97,40.6,0.98,26
Supreme Industries Ltd,Jun 2024,Manufacturing,Bull,43.26,0.17,41.4,6.92,31.05,1.07,15.8,20.7,15.0,0.35,1.65,129.0,7.64,6.64,1.05,42737.0,21.52,26.81,0.97,26
Supreme Industries Ltd,Jun 2025,Manufacturing,Bull,32.52,0.82,41.4,6.92,31.05,1.07,15.8,20.7,12.0,0.35,1.65,106.33,3.94,8.02,1.05,42737.0,15.93,-25.98,0.92,27
Supreme Industries Ltd,Jun 2026,Manufacturing,Bull,-13.07,1.31,41.4,6.92,31.05,1.07,15.8,20.7,15.0,0.35,1.65,99.5,1.15,83.66,1.05,42737.0,22.1,38.73,0.94,31
Supreme Industries Ltd,Mar 2024,Manufacturing,Bull,-5.45,11.97,41.4,6.92,31.05,1.07,15.8,20.7,16.0,0.35,1.65,61.38,26.97,64.35,1.05,42737.0,27.93,26.38,0.96,31
Supreme Industries Ltd,Mar 2025,Manufacturing,Bear,-27.09,19.41,41.4,6.92,31.05,1.07,15.8,20.7,14.0,0.35,1.65,138.67,14.83,7.69,1.05,42737.0,23.14,-17.15,0.9,30
Supreme Industries Ltd,Mar 2026,Manufacturing,Bear,7.48,-0.68,41.4,6.92,31.05,1.07,15.8,20.7,18.0,0.35,1.65,69.22,35.22,114.85,1.05,42737.0,34.13,47.49,0.96,29
Supreme Industries Ltd,Sep 2023,Manufacturing,Bull,29.96,6.99,41.4,6.92,31.05,1.07,15.8,20.7,15.0,0.35,1.65,178.0,-15.05,-13.52,1.05,42737.0,19.14,-43.92,0.82,25
Supreme Industries Ltd,Sep 2024,Manufacturing,Bull,-10.81,3.64,41.4,6.92,31.05,1.07,15.8,20.7,14.0,0.35,1.65,106.33,-24.43,-41.69,1.05,42737.0,16.26,-15.05,0.93,26
Supreme Industries Ltd,Sep 2025,Manufacturing,Bear,-3.57,-9.76,41.4,6.92,31.05,1.07,15.8,20.7,12.0,0.35,1.65,49.5,-20.91,-43.88,1.05,42737.0,12.97,-20.23,0.8,31
Suzlon Energy Ltd,Dec 2023,Manufacturing,Bull,41.74,-11.11,19.1,6.34,14.32,0.0,39.7,34.2,16.0,0.35,1.65,17.71,4.53,4.31,1.05,60159.0,0.15,8.7,0.87,31
Suzlon Energy Ltd,Dec 2024,Manufacturing,Bear,-21.97,-16.26,19.1,6.34,14.32,0.0,39.7,34.2,17.0,0.35,1.65,7.14,4.53,4.31,1.05,60159.0,0.29,93.33,0.77,24
Suzlon Energy Ltd,Dec 2025,Manufacturing,Bull,-4.55,5.99,19.1,6.34,14.32,0.0,39.7,34.2,17.0,0.35,1.65,6.47,4.53,4.31,1.05,60159.0,0.33,13.79,0.79,32
Suzlon Energy Ltd,Jun 2023,Manufacturing,Bull,88.89,14.81,19.1,6.34,14.32,0.0,39.7,34.2,15.0,0.35,1.65,3.21,4.53,4.31,1.05,60159.0,0.08,-75.76,0.27,25
Suzlon Energy Ltd,Jun 2024,Manufacturing,Bull,27.84,3.95,19.1,6.34,14.32,0.0,39.7,34.2,18.0,0.35,1.65,8.22,29.62,48.77,1.05,60159.0,0.22,150.0,0.89,29
Suzlon Energy Ltd,Jun 2025,Manufacturing,Bull,21.47,-1.65,19.1,6.34,14.32,0.0,39.7,34.2,19.0,0.35,1.65,5.82,5.28,-16.49,1.05,60159.0,0.24,9.09,0.48,29
Suzlon Energy Ltd,Jun 2026,Manufacturing,Bull,43.24,-4.51,19.1,6.34,14.32,0.0,39.7,34.2,16.0,0.35,1.65,4.44,-9.61,-31.46,1.05,60159.0,0.22,-8.33,0.59,30
Suzlon Energy Ltd,Mar 2024,Manufacturing,Bull,4.94,17.25,19.1,6.34,14.32,0.0,39.7,34.2,16.0,0.35,1.65,8.11,62.55,151.49,1.05,60159.0,0.19,-13.64,0.96,33
Suzlon Energy Ltd,Mar 2025,Manufacturing,Bear,-13.27,5.73,19.1,6.34,14.32,0.0,39.7,34.2,18.0,0.35,1.65,8.15,87.44,291.06,1.05,60159.0,0.87,150.0,0.94,24
Suzlon Energy Ltd,Mar 2026,Manufacturing,Bear,-24.6,2.3,19.1,6.34,14.32,0.0,39.7,34.2,18.0,0.35,1.65,7.14,75.38,243.83,1.05,60159.0,0.82,-5.75,0.96,26
Suzlon Energy Ltd,Sep 2023,Manufacturing,Bull,53.57,-4.81,19.1,6.34,14.32,0.0,39.7,34.2,16.0,0.35,1.65,5.11,-55.39,-66.56,1.05,60159.0,0.08,-90.24,0.67,29
Suzlon Energy Ltd,Sep 2024,Manufacturing,Bull,51.24,11.71,19.1,6.34,14.32,0.0,39.7,34.2,14.0,0.35,1.65,5.25,-4.23,-20.87,1.05,60159.0,0.15,87.5,0.95,28
Suzlon Energy Ltd,Sep 2025,Manufacturing,Bear,-18.08,-7.9,19.1,6.34,14.32,0.0,39.7,34.2,19.0,0.35,1.65,6.55,2.14,8.3,1.05,60159.0,0.94,150.0,0.95,27
Swan Corp Ltd,Dec 2023,Chemicals,Bull,78.24,-15.36,41.6,1.23,31.2,0.05,-4.5,-0.58,16.0,0.35,1.65,4.41,4.4,0.0,1.05,9292.0,4.36,8.7,0.8,29
Swan Corp Ltd,Dec 2024,Chemicals,Bear,26.69,-22.8,41.6,1.23,31.2,0.05,-4.5,-0.58,-34.0,0.35,1.65,-9.12,4.4,0.0,1.05,9292.0,18.59,150.0,0.62,24
Swan Corp Ltd,Dec 2025,Chemicals,Bull,1.12,-10.72,41.6,1.23,31.2,0.05,-4.5,-0.58,2.2,0.35,1.65,1.39,4.4,0.0,1.05,9292.0,-0.31,-100.0,-0.4,20
Swan Corp Ltd,Jun 2023,Chemicals,Bull,22.06,4.75,41.6,1.23,31.2,0.05,-4.5,-0.58,30.0,0.35,1.65,4.16,4.4,0.0,1.05,9292.0,2.8,150.0,0.92,29
Swan Corp Ltd,Jun 2024,Chemicals,Bull,-12.97,-9.25,41.6,1.23,31.2,0.05,-4.5,-0.58,33.0,0.35,1.65,7.19,-28.27,21.82,1.05,9292.0,4.43,58.21,0.9,24
Swan Corp Ltd,Jun 2025,Chemicals,Bull,3.3,9.95,41.6,1.23,31.2,0.05,-4.5,-0.58,2.2,0.35,1.65,1.23,-36.43,-95.2,1.05,9292.0,0.61,-86.23,-0.56,25
Swan Corp Ltd,Jun 2026,Chemicals,Bull,-2.63,-2.26,41.6,1.23,31.2,0.05,-4.5,-0.58,-0.4,0.35,1.65,-0.12,-11.83,724.9,1.05,9292.0,-1.0,-100.0,0.91,29
Swan Corp Ltd,Mar 2024,Chemicals,Bull,31.4,9.44,41.6,1.23,31.2,0.05,-4.5,-0.58,8.0,0.35,1.65,2.23,73.88,-61.38,1.05,9292.0,0.85,150.0,0.87,29
Swan Corp Ltd,Mar 2025,Chemicals,Bear,-40.23,-1.89,41.6,1.23,31.2,0.05,-4.5,-0.58,1.6,0.35,1.65,0.61,-25.04,-108.21,1.05,9292.0,-0.57,-100.0,-0.25,21
Swan Corp Ltd,Mar 2026,Chemicals,Bear,-35.62,-0.63,41.6,1.23,31.2,0.05,-4.5,-0.58,-30.0,0.35,1.65,-9.12,-28.28,724.9,1.05,9292.0,8.57,150.0,0.79,29
Swan Corp Ltd,Sep 2023,Chemicals,Bull,9.99,18.54,41.6,1.23,31.2,0.05,-4.5,-0.58,21.0,0.35,1.65,4.43,20.61,-561.11,1.05,9292.0,3.2,-62.66,0.05,29
Swan Corp Ltd,Sep 2024,Chemicals,Bull,-6.01,44.33,41.6,1.23,31.2,0.05,-4.5,-0.58,12.0,0.35,1.65,1.82,-26.18,19.64,1.05,9292.0,1.64,-48.75,0.0,22
Swan Corp Ltd,Sep 2025,Chemicals,Bear,2.91,0.47,41.6,1.23,31.2,0.05,-4.5,-0.58,0.4,0.35,1.65,0.24,32.94,-72.73,1.05,9292.0,-0.12,-100.0,-0.27,19
Swiggy Ltd,Dec 2023,Other,Bull,1.06,-0.72,35.9,4.19,26.92,0.0,-29.1,-24.1,-17.0,0.35,1.65,-9.12,4.82,1.82,1.05,76792.0,0.0,8.7,0.4,31
Swiggy Ltd,Dec 2024,Other,Bear,18.62,4.84,35.9,4.19,26.92,0.0,-29.1,-24.1,-18.0,0.35,1.65,-9.12,4.82,1.82,1.05,76792.0,-3.57,-8.7,0.54,27
Swiggy Ltd,Dec 2025,Other,Bull,-7.54,4.86,35.9,4.19,26.92,0.0,-29.1,-24.1,-13.0,0.35,1.65,-9.12,4.82,1.82,1.05,76792.0,-3.86,-8.12,0.54,33
Swiggy Ltd,Jun 2023,Other,Bull,8.47,4.04,35.9,4.19,26.92,0.0,-29.1,-24.1,-24.0,0.35,1.65,-9.12,4.82,1.82,1.05,76792.0,0.0,8.7,0.8,31
Swiggy Ltd,Jun 2024,Other,Bull,13.58,7.9,35.9,4.19,26.92,0.0,-29.1,-24.1,-17.0,0.35,1.65,-9.12,5.67,6.45,1.05,76792.0,0.0,8.7,0.25,26
Swiggy Ltd,Jun 2025,Other,Bull,20.64,5.18,35.9,4.19,26.92,0.0,-29.1,-24.1,-19.0,0.35,1.65,-9.12,24.27,49.81,1.05,76792.0,-4.8,-8.7,0.82,34
Swiggy Ltd,Jun 2026,Other,Bull,-9.78,0.61,35.9,4.19,26.92,0.0,-29.1,-24.1,-10.0,0.35,1.65,-9.12,10.8,-25.73,1.05,76792.0,-2.87,40.21,0.92,35
Swiggy Ltd,Mar 2024,Other,Bull,3.91,-1.07,35.9,4.19,26.92,0.0,-29.1,-24.1,-16.0,0.35,1.65,-9.12,27.45,-1.6,1.05,76792.0,0.0,8.7,0.68,35
Swiggy Ltd,Mar 2025,Other,Bear,-39.12,12.0,35.9,4.19,26.92,0.0,-29.1,-24.1,-22.0,0.35,1.65,-9.12,36.87,76.92,1.05,76792.0,-4.73,-8.7,0.91,32
Swiggy Ltd,Mar 2026,Other,Bear,-33.44,-2.15,35.9,4.19,26.92,0.0,-29.1,-24.1,-11.0,0.35,1.65,-9.12,28.66,-33.17,1.05,76792.0,-2.9,38.69,0.92,34
Swiggy Ltd,Sep 2023,Other,Bull,-17.6,-11.49,35.9,4.19,26.92,0.0,-29.1,-24.1,-23.0,0.35,1.65,-9.12,-55.39,-16.94,1.05,76792.0,0.0,8.7,0.32,29
Swiggy Ltd,Sep 2024,Other,Bull,17.71,26.72,35.9,4.19,26.92,0.0,-29.1,-24.1,-15.0,0.35,1.65,-9.12,18.22,12.79,1.05,76792.0,-62.75,-8.7,0.78,33
Swiggy Ltd,Sep 2025,Other,Bear,7.5,4.71,35.9,4.19,26.92,0.0,-29.1,-24.1,-14.0,0.35,1.65,-9.12,26.1,1.02,1.05,76792.0,-4.38,93.02,0.34,35
Syngene International Ltd,Dec 2023,Pharma,Bull,-13.47,1.77,52.2,3.19,39.15,0.33,7.78,9.99,27.12,0.35,1.65,21.44,8.41,5.51,1.05,15446.0,2.77,8.7,0.86,29
Syngene International Ltd,Dec 2024,Pharma,Bear,-5.59,-10.39,52.2,3.19,39.15,0.33,7.78,9.99,30.05,0.35,1.65,22.87,8.41,5.51,1.05,15446.0,3.26,17.69,0.75,28
Syngene International Ltd,Dec 2025,Pharma,Bull,3.07,-3.67,52.2,3.19,39.15,0.33,7.78,9.99,22.81,0.35,1.65,17.58,8.41,5.51,1.05,15446.0,0.37,-88.65,-0.56,29
Syngene International Ltd,Jun 2023,Pharma,Bull,30.74,3.33,52.2,3.19,39.15,0.33,7.78,9.99,26.22,0.35,1.65,20.18,8.41,5.51,1.05,15446.0,2.32,150.0,0.82,31
Syngene International Ltd,Jun 2024,Pharma,Bull,0.4,11.18,52.2,3.19,39.15,0.33,7.78,9.99,21.5,0.35,1.65,14.51,-7.48,-32.11,1.05,15446.0,1.88,-18.97,-0.03,29
Syngene International Ltd,Jun 2025,Pharma,Bull,-10.86,0.08,52.2,3.19,39.15,0.33,7.78,9.99,23.6,0.35,1.65,17.79,-7.33,-33.87,1.05,15446.0,2.15,14.36,-0.79,31
Syngene International Ltd,Jun 2026,Pharma,Bull,11.19,0.1,52.2,3.19,39.15,0.33,7.78,9.99,12.34,0.35,1.65,9.46,-19.75,-160.0,1.05,15446.0,-0.22,-100.0,-0.7,23
Syngene International Ltd,Mar 2024,Pharma,Bull,-1.01,4.98,52.2,3.19,39.15,0.33,7.78,9.99,34.56,0.35,1.65,24.57,13.46,101.93,1.05,15446.0,4.69,150.0,0.88,22
Syngene International Ltd,Mar 2025,Pharma,Bear,-17.41,2.31,52.2,3.19,39.15,0.33,7.78,9.99,33.75,0.35,1.65,21.61,28.91,142.14,1.05,15446.0,4.55,-2.99,0.81,27
Syngene International Ltd,Mar 2026,Pharma,Bear,-40.03,0.99,52.2,3.19,39.15,0.33,7.78,9.99,29.27,0.35,1.65,25.07,18.52,70.59,1.05,15446.0,3.67,-19.34,0.93,29
Syngene International Ltd,Sep 2023,Pharma,Bull,5.86,-2.35,52.2,3.19,39.15,0.33,7.78,9.99,27.92,0.35,1.65,19.55,23.65,-596.89,1.05,15446.0,2.9,-20.98,0.54,31
Syngene International Ltd,Sep 2024,Pharma,Bull,25.52,3.0,52.2,3.19,39.15,0.33,7.78,9.99,27.47,0.35,1.65,18.69,-2.82,-43.74,1.05,15446.0,2.64,-8.97,-0.57,21
Syngene International Ltd,Sep 2025,Pharma,Bear,-2.16,1.26,52.2,3.19,39.15,0.33,7.78,9.99,21.91,0.35,1.65,15.11,-10.55,-63.39,1.05,15446.0,1.67,-36.74,-0.34,31
Syrma SGS Technology Ltd,Dec 2023,Manufacturing,Bull,8.69,-1.99,82.5,10.74,61.88,0.09,14.0,16.8,6.0,0.35,1.65,3.55,4.53,4.31,1.05,30647.0,0.87,8.7,-0.36,27
Syrma SGS Technology Ltd,Dec 2024,Manufacturing,Bear,37.74,0.92,82.5,10.74,61.88,0.09,14.0,16.8,9.0,0.35,1.65,5.33,4.53,4.31,1.05,30647.0,2.74,150.0,0.89,28
Syrma SGS Technology Ltd,Dec 2025,Manufacturing,Bull,-8.82,-6.22,82.5,10.74,61.88,0.09,14.0,16.8,13.0,0.35,1.65,19.88,4.53,4.31,1.05,30647.0,5.33,94.53,0.78,27
Syrma SGS Technology Ltd,Jun 2023,Manufacturing,Bull,65.67,18.83,82.5,10.74,61.88,0.09,14.0,16.8,6.0,0.35,1.65,4.62,4.53,4.31,1.05,30647.0,1.61,-69.79,-0.49,24
Syrma SGS Technology Ltd,Jun 2024,Manufacturing,Bull,1.77,14.23,82.5,10.74,61.88,0.09,14.0,16.8,3.9,0.35,1.65,3.21,64.07,0.0,1.05,30647.0,1.09,-32.3,-0.7,24
Syrma SGS Technology Ltd,Jun 2025,Manufacturing,Bull,22.27,15.4,82.5,10.74,61.88,0.09,14.0,16.8,9.0,0.35,1.65,5.8,8.51,-5.66,1.05,30647.0,2.79,150.0,0.89,26
Syrma SGS Technology Ltd,Jun 2026,Manufacturing,Bull,75.06,0.54,82.5,10.74,61.88,0.09,14.0,16.8,10.0,0.35,1.65,12.46,25.71,-3.64,1.05,30647.0,5.19,86.02,0.82,31
Syrma SGS Technology Ltd,Mar 2024,Manufacturing,Bull,-29.44,16.7,82.5,10.74,61.88,0.09,14.0,16.8,7.0,0.35,1.65,6.38,90.18,60.71,1.05,30647.0,1.97,-62.04,0.77,30
Syrma SGS Technology Ltd,Mar 2025,Manufacturing,Bear,-26.42,-1.29,82.5,10.74,61.88,0.09,14.0,16.8,12.0,0.35,1.65,6.75,-20.34,255.0,1.05,30647.0,3.67,86.29,0.91,31
Syrma SGS Technology Ltd,Mar 2026,Manufacturing,Bear,7.46,25.01,82.5,10.74,61.88,0.09,14.0,16.8,12.0,0.35,1.65,13.38,55.19,138.0,1.05,30647.0,5.25,43.05,0.82,32
Syrma SGS Technology Ltd,Sep 2023,Manufacturing,Bull,37.79,27.94,82.5,10.74,61.88,0.09,14.0,16.8,7.0,0.35,1.65,6.12,-55.19,-70.75,1.05,30647.0,1.6,-69.52,0.8,30
Syrma SGS Technology Ltd,Sep 2024,Manufacturing,Bull,-13.21,8.46,82.5,10.74,61.88,0.09,14.0,16.8,9.0,0.35,1.65,5.07,-27.12,-11.11,1.05,30647.0,2.04,27.5,0.92,31
Syrma SGS Technology Ltd,Sep 2025,Manufacturing,Bear,30.99,-18.76,82.5,10.74,61.88,0.09,14.0,16.8,10.0,0.35,1.65,8.85,24.03,-7.04,1.05,30647.0,3.33,63.24,0.71,31
Transformers & Rectifiers India Ltd,Dec 2023,Manufacturing,Bull,40.55,-2.38,33.5,5.7,25.12,0.09,19.1,23.3,10.0,0.35,1.65,2.92,4.53,4.31,1.05,8660.0,0.55,8.7,0.89,27
Transformers & Rectifiers India Ltd,Dec 2024,Manufacturing,Bear,74.96,3.51,33.5,5.7,25.12,0.09,19.1,23.3,15.0,0.35,1.65,6.07,4.53,4.31,1.05,8660.0,1.82,150.0,0.92,22
Transformers & Rectifiers India Ltd,Dec 2025,Manufacturing,Bull,-41.85,1.96,33.5,5.7,25.12,0.09,19.1,23.3,17.0,0.35,1.65,9.62,4.53,4.31,1.05,8660.0,2.46,35.16,0.82,21
Transformers & Rectifiers India Ltd,Jun 2023,Manufacturing,Bull,72.57,49.84,33.5,5.7,25.12,0.09,19.1,23.3,2.8,0.35,1.65,0.27,4.53,4.31,1.05,8660.0,-0.48,-100.0,-0.74,24
Transformers & Rectifiers India Ltd,Jun 2024,Manufacturing,Bull,74.07,-1.07,33.5,5.7,25.12,0.09,19.1,23.3,13.0,0.35,1.65,3.5,-12.74,31.25,1.05,8660.0,0.67,150.0,0.87,19
Transformers & Rectifiers India Ltd,Jun 2025,Manufacturing,Bull,-3.96,-0.93,33.5,5.7,25.12,0.09,19.1,23.3,17.0,0.35,1.65,8.8,-5.37,21.82,1.05,8660.0,2.24,150.0,0.36,21
Transformers & Rectifiers India Ltd,Jun 2026,Manufacturing,Bull,28.09,2.41,33.5,5.7,25.12,0.09,19.1,23.3,16.0,0.35,1.65,6.2,-22.39,-15.79,1.05,8660.0,2.05,-8.48,-0.74,21
Transformers & Rectifiers India Ltd,Mar 2024,Manufacturing,Bull,66.17,28.08,33.5,5.7,25.12,0.09,19.1,23.3,14.0,0.35,1.65,6.55,123.91,-450.0,1.05,8660.0,1.4,-31.71,-0.4,28
Transformers & Rectifiers India Ltd,Mar 2025,Manufacturing,Bear,-10.19,-0.33,33.5,5.7,25.12,0.09,19.1,23.3,19.0,0.35,1.65,8.73,109.94,347.62,1.05,8660.0,3.14,124.29,0.57,19
Transformers & Rectifiers India Ltd,Mar 2026,Manufacturing,Bear,-17.39,4.75,33.5,5.7,25.12,0.09,19.1,23.3,15.0,0.35,1.65,8.43,48.02,35.82,1.05,8660.0,2.97,-5.41,0.77,23
Transformers & Rectifiers India Ltd,Sep 2023,Manufacturing,Bull,70.2,-3.19,33.5,5.7,25.12,0.09,19.1,23.3,8.0,0.35,1.65,1.67,-55.07,-96.88,1.05,8660.0,0.06,-97.98,0.54,25
Transformers & Rectifiers India Ltd,Sep 2024,Manufacturing,Bull,-16.69,24.33,33.5,5.7,25.12,0.09,19.1,23.3,15.0,0.35,1.65,6.9,-9.94,9.52,1.05,8660.0,1.51,150.0,0.88,24
Transformers & Rectifiers India Ltd,Sep 2025,Manufacturing,Bear,3.23,-8.11,33.5,5.7,25.12,0.09,19.1,23.3,11.0,0.35,1.65,4.0,-31.95,-60.64,1.05,8660.0,1.13,-25.17,-0.62,21
Tata Chemicals Ltd,Dec 2023,Chemicals,Bull,7.71,-4.7,34.2,0.74,25.65,1.8,1.27,3.42,15.0,0.35,1.65,4.11,4.4,0.0,1.05,15603.0,6.2,8.7,0.88,24
Tata Chemicals Ltd,Dec 2024,Chemicals,Bear,-7.1,16.91,34.2,0.74,25.65,1.8,1.27,3.42,12.0,0.35,1.65,2.93,4.4,0.0,1.05,15603.0,-2.08,-100.0,-0.53,30
Tata Chemicals Ltd,Dec 2025,Chemicals,Bull,-16.57,-5.99,34.2,0.74,25.65,1.8,1.27,3.42,10.0,0.35,1.65,2.36,4.4,0.0,1.05,15603.0,-3.65,-75.48,-0.4,30
Tata Chemicals Ltd,Jun 2023,Chemicals,Bull,4.31,8.46,34.2,0.74,25.65,1.8,1.27,3.42,25.0,0.35,1.65,8.48,4.4,0.0,1.05,15603.0,20.88,150.0,0.9,22
Tata Chemicals Ltd,Jun 2024,Chemicals,Bull,2.85,1.09,34.2,0.74,25.65,1.8,1.27,3.42,15.0,0.35,1.65,4.32,1.58,-2.06,1.05,15603.0,5.89,-71.79,0.0,25
Tata Chemicals Ltd,Jun 2025,Chemicals,Bull,12.83,1.63,34.2,0.74,25.65,1.8,1.27,3.42,17.0,0.35,1.65,4.41,3.59,-596.89,1.05,15603.0,9.89,67.91,0.92,26
Tata Chemicals Ltd,Jun 2026,Chemicals,Bull,19.81,-1.08,34.2,0.74,25.65,1.8,1.27,3.42,13.0,0.35,1.65,3.64,19.86,-186.96,1.05,15603.0,-0.67,-100.0,-0.27,31
Tata Chemicals Ltd,Mar 2024,Chemicals,Bull,-3.31,4.53,34.2,0.74,25.65,1.8,1.27,3.42,13.0,0.35,1.65,3.41,-17.61,-243.27,1.05,15603.0,-33.36,-100.0,0.05,26
Tata Chemicals Ltd,Mar 2025,Chemicals,Bear,-16.71,9.83,34.2,0.74,25.65,1.8,1.27,3.42,9.0,0.35,1.65,2.39,-7.39,-125.79,1.05,15603.0,-2.2,93.41,0.82,22
Tata Chemicals Ltd,Mar 2026,Chemicals,Bear,-22.35,1.14,34.2,0.74,25.65,1.8,1.27,3.42,8.0,0.35,1.65,1.79,-7.56,-596.89,1.05,15603.0,-83.67,-100.0,-0.3,22
Tata Chemicals Ltd,Sep 2023,Chemicals,Bull,2.3,8.47,34.2,0.74,25.65,1.8,1.27,3.42,20.0,0.35,1.65,5.57,-6.04,724.9,1.05,15603.0,16.8,120.08,0.82,23
Tata Chemicals Ltd,Sep 2024,Chemicals,Bull,-1.47,3.27,34.2,0.74,25.65,1.8,1.27,3.42,15.0,0.35,1.65,4.26,15.08,-131.75,1.05,15603.0,7.61,-54.7,-0.46,26
Tata Chemicals Ltd,Sep 2025,Chemicals,Bear,-1.15,-8.21,34.2,0.74,25.65,1.8,1.27,3.42,14.0,0.35,1.65,3.73,10.49,-414.29,1.05,15603.0,3.02,-60.32,-0.7,31
Tata Communications Ltd,Dec 2023,Other,Bull,-6.91,-4.83,48.3,14.56,36.22,0.99,32.6,14.6,21.0,0.35,1.65,6.27,4.82,1.82,1.05,50221.0,1.57,8.7,0.67,31
Tata Communications Ltd,Dec 2024,Other,Bear,-21.09,10.28,48.3,14.56,36.22,0.99,32.6,14.6,20.0,0.35,1.65,6.32,4.82,1.82,1.05,50221.0,8.28,150.0,0.92,24
Tata Communications Ltd,Dec 2025,Other,Bull,13.15,-0.32,48.3,14.56,36.22,0.99,32.6,14.6,20.0,0.35,1.65,6.11,4.82,1.82,1.05,50221.0,12.82,54.83,0.62,29
Tata Communications Ltd,Jun 2023,Other,Bull,29.57,13.04,48.3,14.56,36.22,0.99,32.6,14.6,21.0,0.35,1.65,7.82,4.82,1.82,1.05,50221.0,13.39,4.45,0.46,25
Tata Communications Ltd,Jun 2024,Other,Bull,-8.94,10.49,48.3,14.56,36.22,0.99,32.6,14.6,20.0,0.35,1.65,6.69,0.07,640.0,1.05,50221.0,11.68,-12.77,0.87,27
Tata Communications Ltd,Jun 2025,Other,Bull,8.62,-3.55,48.3,14.56,36.22,0.99,32.6,14.6,19.0,0.35,1.65,6.42,2.79,-19.49,1.05,50221.0,6.67,-42.89,0.2,26
Tata Communications Ltd,Jun 2026,Other,Bull,43.04,-1.0,48.3,14.56,36.22,0.99,32.6,14.6,19.0,0.35,1.65,6.61,6.37,-64.29,1.05,50221.0,4.71,-29.39,0.36,29
Tata Communications Ltd,Mar 2024,Other,Bull,13.78,5.63,48.3,14.56,36.22,0.99,32.6,14.6,19.0,0.35,1.65,5.78,18.32,-15.71,1.05,50221.0,11.27,139.28,0.86,25
Tata Communications Ltd,Mar 2025,Other,Bear,-8.54,5.63,48.3,14.56,36.22,0.99,32.6,14.6,19.0,0.35,1.65,6.16,7.12,212.61,1.05,50221.0,36.5,150.0,0.9,34
Tata Communications Ltd,Mar 2026,Other,Bear,-25.59,17.06,48.3,14.56,36.22,0.99,32.6,14.6,20.0,0.35,1.65,7.05,9.97,36.32,1.05,50221.0,9.24,-74.68,0.88,24
Tata Communications Ltd,Sep 2023,Other,Bull,21.54,7.66,48.3,14.56,36.22,0.99,32.6,14.6,21.0,0.35,1.65,7.41,-25.99,70.0,1.05,50221.0,7.74,-16.23,0.92,30
Tata Communications Ltd,Sep 2024,Other,Bull,15.03,6.58,48.3,14.56,36.22,0.99,32.6,14.6,20.0,0.35,1.65,5.97,1.47,-29.5,1.05,50221.0,7.97,2.97,-0.68,26
Tata Communications Ltd,Sep 2025,Other,Bear,-6.52,-6.0,48.3,14.56,36.22,0.99,32.6,14.6,19.0,0.35,1.65,5.81,1.84,-82.42,1.05,50221.0,6.42,-19.45,0.6,34
Tata Elxsi Ltd,Dec 2012,IT,Bull,9.33,3.01,207.0,36.79,155.25,2.22,39.3,60.0,11.0,0.35,1.65,16.0,5.5,7.6,1.05,21078.0,1.4,8.7,0.74,31
Tata Elxsi Ltd,Dec 2013,IT,Bull,-1.14,3.9,207.0,36.79,155.25,2.22,39.3,60.0,22.0,0.35,1.65,28.88,5.5,7.6,1.05,21078.0,3.46,147.14,0.25,26
Tata Elxsi Ltd,Dec 2014,IT,Bull,5.36,5.88,207.0,36.79,155.25,2.22,39.3,60.0,23.0,0.35,1.65,28.88,5.5,7.6,1.05,21078.0,4.46,28.9,0.62,29
Tata Elxsi Ltd,Jun 2012,IT,Bull,-1.96,-1.27,207.0,36.79,155.25,2.22,39.3,60.0,9.0,0.35,1.65,13.0,5.5,7.6,1.05,21078.0,0.42,-90.58,-0.4,25
Tata Elxsi Ltd,Jun 2013,IT,Bull,4.37,1.65,207.0,36.79,155.25,2.22,39.3,60.0,8.0,0.35,1.65,13.0,10.19,0.0,1.05,21078.0,1.43,150.0,0.84,31
Tata Elxsi Ltd,Jun 2014,IT,Bull,-0.61,0.8,207.0,36.79,155.25,2.22,39.3,60.0,20.0,0.35,1.65,28.88,-4.5,-4.55,1.05,21078.0,3.34,133.57,0.8,31
Tata Elxsi Ltd,Mar 2012,IT,Bull,-20.97,-16.27,207.0,36.79,155.25,2.22,39.3,60.0,15.0,0.35,1.65,22.0,-33.94,-71.43,1.05,21078.0,1.33,-60.18,0.46,21
Tata Elxsi Ltd,Mar 2013,IT,Bull,30.79,32.06,207.0,36.79,155.25,2.22,39.3,60.0,14.0,0.35,1.65,22.0,11.64,166.67,1.05,21078.0,1.31,-1.5,0.92,29
Tata Elxsi Ltd,Mar 2014,IT,Bull,33.35,26.19,207.0,36.79,155.25,2.22,39.3,60.0,22.0,0.35,1.65,28.88,22.54,144.44,1.05,21078.0,3.51,150.0,0.91,22
Tata Elxsi Ltd,Mar 2015,IT,Bull,8.53,11.32,207.0,36.79,155.25,2.22,39.3,60.0,20.0,0.35,1.65,28.88,20.94,42.86,1.05,21078.0,4.79,36.47,0.79,28
Tata Elxsi Ltd,Sep 2012,IT,Bull,-6.08,-13.0,207.0,36.79,155.25,2.22,39.3,60.0,13.0,0.35,1.65,20.0,6.16,-75.0,1.05,21078.0,0.29,-93.95,-0.27,30
Tata Elxsi Ltd,Sep 2013,IT,Bull,35.55,30.73,207.0,36.79,155.25,2.22,39.3,60.0,17.0,0.35,1.65,32.0,16.56,150.0,1.05,21078.0,3.2,150.0,0.92,21
Tata Elxsi Ltd,Sep 2014,IT,Bull,8.37,4.19,207.0,36.79,155.25,2.22,39.3,60.0,20.0,0.35,1.65,28.88,-2.83,9.09,1.05,21078.0,3.79,18.44,0.89,21
Tata Investment Corporation Ltd,Dec 2023,Banking,Bull,35.52,-12.99,76.4,1.13,57.3,0.52,1.44,1.57,87.0,0.45,1.65,44.0,8.74,9.96,1.05,32932.0,1.05,8.7,0.59,30
Tata Investment Corporation Ltd,Dec 2024,Banking,Bear,0.44,36.4,76.4,1.13,57.3,0.52,1.44,1.57,-147.0,0.45,1.65,14.93,8.74,9.96,1.05,32932.0,0.39,-62.86,0.54,26
Tata Investment Corporation Ltd,Dec 2025,Banking,Bull,-34.07,16.92,76.4,1.13,57.3,0.52,1.44,1.57,82.0,0.45,1.65,14.93,8.74,9.96,1.05,32932.0,1.49,150.0,0.86,24
Tata Investment Corporation Ltd,Jun 2023,Banking,Bull,34.89,-1.57,76.4,1.13,57.3,0.52,1.44,1.57,94.0,0.45,1.65,28.6,8.74,9.96,1.05,32932.0,2.9,94.63,0.92,24
Tata Investment Corporation Ltd,Jun 2024,Banking,Bull,-0.83,16.58,76.4,1.13,57.3,0.52,1.44,1.57,92.0,0.45,1.65,14.93,123.91,147.17,1.05,32932.0,2.59,-10.69,0.91,26
Tata Investment Corporation Ltd,Jun 2025,Banking,Bull,10.53,-0.15,76.4,1.13,57.3,0.52,1.44,1.57,92.0,0.45,1.65,14.93,123.91,630.0,1.05,32932.0,2.89,11.58,0.74,25
Tata Investment Corporation Ltd,Jun 2026,Banking,Bull,16.14,-2.41,76.4,1.13,57.3,0.52,1.44,1.57,92.0,0.45,1.65,14.93,123.91,92.0,1.05,32932.0,2.84,-1.73,0.62,33
Tata Investment Corporation Ltd,Mar 2024,Banking,Bull,46.62,2.03,76.4,1.13,57.3,0.52,1.44,1.57,86.0,0.45,1.65,14.93,-55.39,-59.46,1.05,32932.0,1.2,-57.75,-0.13,24
Tata Investment Corporation Ltd,Mar 2025,Banking,Bear,-7.76,10.43,76.4,1.13,57.3,0.52,1.44,1.57,45.0,0.45,1.65,14.93,-55.39,-70.99,1.05,32932.0,0.75,-37.5,-0.3,26
Tata Investment Corporation Ltd,Mar 2026,Banking,Bear,-22.32,-0.98,76.4,1.13,57.3,0.52,1.44,1.57,74.0,0.45,1.65,14.93,-55.39,-56.16,1.05,32932.0,1.26,68.0,0.64,33
Tata Investment Corporation Ltd,Sep 2023,Banking,Bull,39.76,32.6,76.4,1.13,57.3,0.52,1.44,1.57,92.0,0.45,1.65,22.8,-18.42,-13.89,1.05,32932.0,2.46,95.24,0.88,24
Tata Investment Corporation Ltd,Sep 2024,Banking,Bull,3.22,3.21,76.4,1.13,57.3,0.52,1.44,1.57,94.0,0.45,1.65,14.93,123.91,106.67,1.05,32932.0,2.44,-0.81,0.8,32
Tata Investment Corporation Ltd,Sep 2025,Banking,Bear,50.38,-6.57,76.4,1.13,57.3,0.52,1.44,1.57,93.0,0.45,1.65,14.93,123.91,289.47,1.05,32932.0,2.93,20.08,0.62,29
Tata Technologies Ltd,Dec 2023,IT,Bull,-10.12,2.52,47.6,7.89,35.7,1.1,16.3,20.9,18.0,0.35,1.65,47.4,5.5,7.6,1.05,30947.0,4.2,8.7,0.2,26
Tata Technologies Ltd,Dec 2024,IT,Bear,-18.54,-5.19,47.6,7.89,35.7,1.1,16.3,20.9,18.0,0.35,1.65,39.0,5.5,7.6,1.05,30947.0,4.16,-0.95,-0.36,30
Tata Technologies Ltd,Dec 2025,IT,Bull,-6.87,-12.83,47.6,7.89,35.7,1.1,16.3,20.9,14.0,0.35,1.65,21.44,5.5,7.6,1.05,30947.0,0.16,-96.15,-0.3,25
Tata Technologies Ltd,Jun 2023,IT,Bull,20.33,7.41,47.6,7.89,35.7,1.1,16.3,20.9,20.0,0.35,1.65,50.0,5.5,7.6,1.05,30947.0,4.72,150.0,0.88,28
Tata Technologies Ltd,Jun 2024,IT,Bull,-1.72,9.07,47.6,7.89,35.7,1.1,16.3,20.9,18.0,0.35,1.65,46.2,-1.55,-4.71,1.05,30947.0,3.99,-15.47,-0.3,31
Tata Technologies Ltd,Jun 2025,IT,Bull,5.12,4.52,47.6,7.89,35.7,1.1,16.3,20.9,16.0,0.35,1.65,40.0,-5.54,0.59,1.05,30947.0,4.2,5.26,0.74,26
Tata Technologies Ltd,Jun 2026,IT,Bull,30.8,-0.87,47.6,7.89,35.7,1.1,16.3,20.9,16.0,0.35,1.65,17.8,21.89,724.9,1.05,30947.0,4.45,5.95,0.7,23
Tata Technologies Ltd,Mar 2024,IT,Bull,-13.54,-0.29,47.6,7.89,35.7,1.1,16.3,20.9,18.0,0.35,1.65,60.0,3.42,-18.23,1.05,30947.0,3.88,-12.81,-0.13,32
Tata Technologies Ltd,Mar 2025,IT,Bear,-23.68,4.65,47.6,7.89,35.7,1.1,16.3,20.9,18.0,0.35,1.65,46.6,1.34,16.67,1.05,30947.0,4.66,20.1,0.82,23
Tata Technologies Ltd,Mar 2026,IT,Bear,-20.96,22.65,47.6,7.89,35.7,1.1,16.3,20.9,16.0,0.35,1.65,15.75,26.37,20.0,1.05,30947.0,5.03,7.94,-0.08,32
Tata Technologies Ltd,Sep 2023,IT,Bull,-1.97,-5.39,47.6,7.89,35.7,1.1,16.3,20.9,17.0,0.35,1.65,42.8,-23.78,-11.6,1.05,30947.0,3.95,-21.47,0.6,24
Tata Technologies Ltd,Sep 2024,IT,Bull,8.7,-0.39,47.6,7.89,35.7,1.1,16.3,20.9,18.0,0.35,1.65,47.2,-0.38,0.0,1.05,30947.0,3.88,-1.77,0.23,22
Tata Technologies Ltd,Sep 2025,IT,Bear,-5.76,-3.73,47.6,7.89,35.7,1.1,16.3,20.9,16.0,0.35,1.65,41.6,2.88,-12.17,1.05,30947.0,4.08,5.15,0.62,29
TBO Tek Ltd,Dec 2023,Other,Bull,15.54,9.08,67.8,11.75,50.85,0.0,17.4,18.3,17.0,0.35,1.65,18.67,4.82,1.82,1.05,18237.0,4.93,8.7,0.48,22
TBO Tek Ltd,Dec 2024,Other,Bear,-4.32,-3.71,67.8,11.75,50.85,0.0,17.4,18.3,13.0,0.35,1.65,9.17,4.82,1.82,1.05,18237.0,4.6,-6.69,0.59,29
TBO Tek Ltd,Dec 2025,Other,Bull,9.22,-23.37,67.8,11.75,50.85,0.0,17.4,18.3,13.0,0.35,1.65,6.67,4.82,1.82,1.05,18237.0,4.94,7.39,0.03,29
TBO Tek Ltd,Jun 2023,Other,Bull,14.92,8.09,67.8,11.75,50.85,0.0,17.4,18.3,19.0,0.35,1.65,33.5,4.82,1.82,1.05,18237.0,4.59,-7.09,-0.64,27
TBO Tek Ltd,Jun 2024,Other,Bull,35.31,13.9,67.8,11.75,50.85,0.0,17.4,18.3,19.0,0.35,1.65,13.17,27.83,19.61,1.05,18237.0,5.61,22.22,0.91,30
TBO Tek Ltd,Jun 2025,Other,Bull,16.82,6.14,67.8,11.75,50.85,0.0,17.4,18.3,14.0,0.35,1.65,14.8,21.09,26.0,1.05,18237.0,5.8,3.39,0.88,30
TBO Tek Ltd,Jun 2026,Other,Bull,30.7,-1.02,67.8,11.75,50.85,0.0,17.4,18.3,15.0,0.35,1.65,9.2,18.11,53.7,1.05,18237.0,7.68,32.41,0.8,22
TBO Tek Ltd,Mar 2024,Other,Bull,-2.62,14.24,67.8,11.75,50.85,0.0,17.4,18.3,18.0,0.35,1.65,16.5,6.96,-2.13,1.05,18237.0,4.47,-41.8,0.53,29
TBO Tek Ltd,Mar 2025,Other,Bear,-31.56,6.62,67.8,11.75,50.85,0.0,17.4,18.3,15.0,0.35,1.65,13.0,6.7,-3.28,1.05,18237.0,5.43,21.48,0.91,26
TBO Tek Ltd,Mar 2026,Other,Bear,-34.89,14.94,67.8,11.75,50.85,0.0,17.4,18.3,13.0,0.35,1.65,7.0,59.3,-4.76,1.05,18237.0,5.53,1.84,0.71,22
TBO Tek Ltd,Sep 2023,Other,Bull,-22.98,-17.04,67.8,11.75,50.85,0.0,17.4,18.3,20.0,0.35,1.65,35.0,-55.39,-32.53,1.05,18237.0,5.41,-2.17,0.03,31
TBO Tek Ltd,Sep 2024,Other,Bull,-5.52,5.73,67.8,11.75,50.85,0.0,17.4,18.3,17.0,0.35,1.65,12.5,22.22,30.43,1.05,18237.0,5.53,2.22,0.71,26
TBO Tek Ltd,Sep 2025,Other,Bear,5.35,3.59,67.8,11.75,50.85,0.0,17.4,18.3,16.0,0.35,1.65,9.78,27.35,15.25,1.05,18237.0,6.22,12.48,0.08,24
Techno Electric & Engineering Company Ltd,Dec 2023,Manufacturing,Bull,57.47,-5.87,26.2,2.72,19.65,0.72,11.4,14.8,17.0,0.35,1.65,14.0,4.53,4.31,1.05,11306.0,8.54,8.7,0.57,30
Techno Electric & Engineering Company Ltd,Dec 2024,Manufacturing,Bear,-0.23,-15.94,26.2,2.72,19.65,0.72,11.4,14.8,14.0,0.35,1.65,30.0,4.53,4.31,1.05,11306.0,8.25,-3.4,0.73,29
Techno Electric & Engineering Company Ltd,Dec 2025,Manufacturing,Bull,-19.16,0.18,26.2,2.72,19.65,0.72,11.4,14.8,14.0,0.35,1.65,31.5,4.53,4.31,1.05,11306.0,10.25,24.24,0.62,22
Techno Electric & Engineering Company Ltd,Jun 2023,Manufacturing,Bull,8.62,9.58,26.2,2.72,19.65,0.72,11.4,14.8,8.0,0.35,1.65,5.25,4.53,4.31,1.05,11306.0,2.35,-77.07,0.62,24
Techno Electric & Engineering Company Ltd,Jun 2024,Manufacturing,Bull,94.03,-2.39,26.2,2.72,19.65,0.72,11.4,14.8,14.0,0.35,1.65,26.0,14.68,6.52,1.05,11306.0,9.12,150.0,0.9,22
Techno Electric & Engineering Company Ltd,Jun 2025,Manufacturing,Bull,56.22,0.73,26.2,2.72,19.65,0.72,11.4,14.8,18.0,0.35,1.65,30.67,-17.3,41.67,1.05,11306.0,11.7,28.29,0.77,20
Techno Electric & Engineering Company Ltd,Jun 2026,Manufacturing,Bull,2.2,6.92,26.2,2.72,19.65,0.72,11.4,14.8,16.0,0.35,1.65,25.0,-27.75,-21.85,1.05,11306.0,8.02,-31.45,0.15,23
Techno Electric & Engineering Company Ltd,Mar 2024,Manufacturing,Bull,-5.14,30.71,26.2,2.72,19.65,0.72,11.4,14.8,12.0,0.35,1.65,13.5,60.58,212.0,1.05,11306.0,7.21,-10.1,0.82,24
Techno Electric & Engineering Company Ltd,Mar 2025,Manufacturing,Bear,-40.64,19.11,26.2,2.72,19.65,0.72,11.4,14.8,16.0,0.35,1.65,31.75,117.6,37.76,1.05,11306.0,11.58,60.61,0.36,29
Techno Electric & Engineering Company Ltd,Mar 2026,Manufacturing,Bear,-7.45,-13.15,26.2,2.72,19.65,0.72,11.4,14.8,13.0,0.35,1.65,22.0,92.02,-15.44,1.05,11306.0,9.85,-14.94,0.0,20
Techno Electric & Engineering Company Ltd,Sep 2023,Manufacturing,Bull,38.6,25.21,26.2,2.72,19.65,0.72,11.4,14.8,17.0,0.35,1.65,19.5,-26.67,-20.43,1.05,11306.0,6.86,-30.36,-0.57,23
Techno Electric & Engineering Company Ltd,Sep 2024,Manufacturing,Bull,4.0,-0.49,26.2,2.72,19.65,0.72,11.4,14.8,16.0,0.35,1.65,35.0,0.23,20.51,1.05,11306.0,8.1,18.08,0.91,26
Techno Electric & Engineering Company Ltd,Sep 2025,Manufacturing,Bear,-18.0,-10.6,26.2,2.72,19.65,0.72,11.4,14.8,13.0,0.35,1.65,15.86,3.31,-22.96,1.05,11306.0,8.94,10.37,-0.18,20
Tega Industries Ltd,Dec 2023,Manufacturing,Bull,28.61,0.14,38.3,3.81,28.72,0.12,5.94,8.14,16.0,0.35,1.65,7.0,4.53,4.31,1.05,12990.0,5.36,8.7,0.73,28
Tega Industries Ltd,Dec 2024,Manufacturing,Bear,-20.67,-10.62,38.3,3.81,28.72,0.12,5.94,8.14,22.0,0.35,1.65,15.17,4.53,4.31,1.05,12990.0,8.15,52.05,0.81,28
Tega Industries Ltd,Dec 2025,Manufacturing,Bull,1.57,-3.98,38.3,3.81,28.72,0.12,5.94,8.14,11.0,0.35,1.65,7.67,4.53,4.31,1.05,12990.0,2.62,-67.85,0.03,26
Tega Industries Ltd,Jun 2023,Manufacturing,Bull,38.81,-0.64,38.3,3.81,28.72,0.12,5.94,8.14,15.0,0.35,1.65,4.88,4.53,4.31,1.05,12990.0,3.22,22.9,0.77,22
Tega Industries Ltd,Jun 2024,Manufacturing,Bull,26.75,7.8,38.3,3.81,28.72,0.12,5.94,8.14,19.0,0.35,1.65,9.14,0.0,2.78,1.05,12990.0,5.52,71.43,0.79,21
Tega Industries Ltd,Jun 2025,Manufacturing,Bull,6.49,9.0,38.3,3.81,28.72,0.12,5.94,8.14,16.0,0.35,1.65,9.33,-12.96,-35.19,1.05,12990.0,5.31,-3.8,0.82,30
Tega Industries Ltd,Jun 2026,Manufacturing,Bull,0.22,-4.89,38.3,3.81,28.72,0.12,5.94,8.14,3.2,0.35,1.65,0.48,123.91,-596.89,1.05,12990.0,-14.41,-100.0,-0.3,22
Tega Industries Ltd,Mar 2024,Manufacturing,Bull,4.1,5.97,38.3,3.81,28.72,0.12,5.94,8.14,27.0,0.35,1.65,19.86,89.18,323.81,1.05,12990.0,13.45,150.0,0.78,22
Tega Industries Ltd,Mar 2025,Manufacturing,Bear,-5.13,-0.05,38.3,3.81,28.72,0.12,5.94,8.14,28.0,0.35,1.65,21.43,57.65,175.68,1.05,12990.0,15.32,13.9,0.62,23
Tega Industries Ltd,Mar 2026,Manufacturing,Bear,-14.82,10.8,38.3,3.81,28.72,0.12,5.94,8.14,11.0,0.35,1.65,12.0,48.03,22.86,1.05,12990.0,5.68,-62.92,0.88,28
Tega Industries Ltd,Sep 2023,Manufacturing,Bull,-3.64,-0.65,38.3,3.81,28.72,0.12,5.94,8.14,22.0,0.35,1.65,9.11,-55.39,-143.52,1.05,12990.0,7.13,25.53,0.87,24
Tega Industries Ltd,Sep 2024,Manufacturing,Bull,14.86,-4.49,38.3,3.81,28.72,0.12,5.94,8.14,10.0,0.35,1.65,4.86,-30.37,-92.13,1.05,12990.0,1.09,-84.71,0.1,24
Tega Industries Ltd,Sep 2025,Manufacturing,Bear,20.88,-1.15,38.3,3.81,28.72,0.12,5.94,8.14,17.0,0.35,1.65,11.5,-24.44,-55.88,1.05,12990.0,6.75,150.0,0.89,27
Tejas Networks Ltd,Dec 2023,Other,Bull,-2.6,0.91,35.9,3.35,26.92,0.45,-26.8,-14.6,-1.3,0.35,1.65,-1.0,4.82,1.82,1.05,9841.0,-2.64,-8.7,-0.08,27
Tejas Networks Ltd,Dec 2024,Other,Bear,0.19,-3.25,35.9,3.35,26.92,0.45,-26.8,-14.6,14.0,0.35,1.65,5.9,4.82,1.82,1.05,9841.0,9.43,150.0,0.77,26
Tejas Networks Ltd,Dec 2025,Other,Bull,-22.79,-16.78,35.9,3.35,26.92,0.45,-26.8,-14.6,-44.0,0.35,1.65,-1.86,4.82,1.82,1.05,9841.0,-11.07,-100.0,-0.18,20
Tejas Networks Ltd,Jun 2023,Other,Bull,19.12,2.54,35.9,3.35,26.92,0.45,-26.8,-14.6,-24.0,0.35,1.65,-9.12,4.82,1.82,1.05,9841.0,-1.55,86.0,0.8,22
Tejas Networks Ltd,Jun 2024,Other,Bull,93.97,6.04,35.9,3.35,26.92,0.45,-26.8,-14.6,15.0,0.35,1.65,4.04,123.91,-271.11,1.05,9841.0,4.53,150.0,0.82,29
Tejas Networks Ltd,Jun 2025,Other,Bull,-9.41,3.75,35.9,3.35,26.92,0.45,-26.8,-14.6,-67.0,0.35,1.65,-1.81,-55.39,-216.87,1.05,9841.0,-10.98,-100.0,-0.76,25
Tejas Networks Ltd,Jun 2026,Other,Bull,45.82,5.22,35.9,3.35,26.92,0.45,-26.8,-14.6,-25.0,0.35,1.65,-1.18,30.94,2.54,1.05,9841.0,-11.36,-3.46,0.89,27
Tejas Networks Ltd,Mar 2024,Other,Bull,-24.8,13.88,35.9,3.35,26.92,0.45,-26.8,-14.6,23.0,0.35,1.65,9.97,123.91,-596.89,1.05,9841.0,8.6,150.0,0.81,22
Tejas Networks Ltd,Mar 2025,Other,Bear,-35.62,0.23,35.9,3.35,26.92,0.45,-26.8,-14.6,6.0,0.35,1.65,1.72,22.01,-193.51,1.05,9841.0,-4.07,-100.0,-0.7,24
Tejas Networks Ltd,Mar 2026,Other,Bear,-14.57,34.35,35.9,3.35,26.92,0.45,-26.8,-14.6,-36.0,0.35,1.65,-1.64,64.85,8.76,1.05,9841.0,-11.89,-100.0,-0.76,24
Tejas Networks Ltd,Sep 2023,Other,Bull,21.74,-2.68,35.9,3.35,26.92,0.45,-26.8,-14.6,3.3,0.35,1.65,1.86,-1.49,-93.56,1.05,9841.0,-0.74,93.78,0.79,26
Tejas Networks Ltd,Sep 2024,Other,Bull,-16.07,3.54,35.9,3.35,26.92,0.45,-26.8,-14.6,19.0,0.35,1.65,8.77,111.83,87.07,1.05,9841.0,16.07,150.0,0.88,23
Tejas Networks Ltd,Sep 2025,Other,Bear,-17.32,-9.94,35.9,3.35,26.92,0.45,-26.8,-14.6,-112.0,0.35,1.65,-3.5,-55.39,326.39,1.05,9841.0,-17.36,-100.0,0.71,28
Tenneco Clean Air India Ltd,Dec 2024,Manufacturing,Bear,-7.54,-0.33,33.0,17.04,24.75,0.0,44.4,60.8,16.0,0.35,1.65,35.6,4.53,4.31,1.05,20436.0,5.85,8.7,0.91,23
Tenneco Clean Air India Ltd,Dec 2025,Manufacturing,Bull,3.48,5.49,33.0,17.04,24.75,0.0,44.4,60.8,17.0,0.35,1.65,31.86,4.53,4.31,1.05,20436.0,2.94,-49.74,0.84,23
Tenneco Clean Air India Ltd,Jun 2025,Manufacturing,Bull,12.52,8.97,33.0,17.04,24.75,0.0,44.4,60.8,18.0,0.35,1.65,32.71,4.53,4.31,1.05,20436.0,4.16,41.5,0.96,25
Tenneco Clean Air India Ltd,Jun 2026,Manufacturing,Bull,11.53,-2.0,33.0,17.04,24.75,0.0,44.4,60.8,16.0,0.35,1.65,30.88,4.53,4.31,1.05,20436.0,4.09,-1.68,0.93,25
Tenneco Clean Air India Ltd,Mar 2025,Manufacturing,Bear,0.0,-2.82,33.0,17.04,24.75,0.0,44.4,60.8,17.0,0.35,1.65,31.29,17.87,12.0,1.05,20436.0,3.47,-15.16,0.36,30
Tenneco Clean Air India Ltd,Mar 2026,Manufacturing,Bear,2.0,-4.66,33.0,17.04,24.75,0.0,44.4,60.8,17.0,0.35,1.65,28.56,20.78,40.34,1.05,20436.0,4.13,19.02,0.93,26
Tenneco Clean Air India Ltd,Sep 2024,Manufacturing,Bull,1.95,-0.57,33.0,17.04,24.75,0.0,44.4,60.8,18.0,0.35,1.65,51.25,-9.1,-18.45,1.05,20436.0,6.39,54.72,0.96,28
Tenneco Clean Air India Ltd,Sep 2025,Manufacturing,Bear,-9.12,-6.23,33.0,17.04,24.75,0.0,44.4,60.8,17.0,0.35,1.65,19.73,-17.09,-8.48,1.05,20436.0,3.73,-41.63,0.6,28
Leela Palaces Hotels & Resorts Ltd,Dec 2024,Other,Bear,-11.63,-4.08,40.4,2.82,30.3,0.0,8.21,8.73,50.0,0.35,1.65,1.6,4.82,1.82,1.05,18111.0,0.0,8.7,0.78,31
Leela Palaces Hotels & Resorts Ltd,Dec 2025,Other,Bull,0.41,-2.9,40.4,2.82,30.3,0.0,8.21,8.73,51.0,0.35,1.65,6.03,4.82,1.82,1.05,18111.0,4.43,8.7,0.67,23
Leela Palaces Hotels & Resorts Ltd,Jun 2024,Other,Bull,12.45,5.49,40.4,2.82,30.3,0.0,8.21,8.73,29.0,0.35,1.65,0.55,4.82,1.82,1.05,18111.0,0.0,8.7,0.71,24
Leela Palaces Hotels & Resorts Ltd,Jun 2025,Other,Bull,-6.98,-5.18,40.4,2.82,30.3,0.0,8.21,8.73,37.0,0.35,1.65,1.17,4.82,1.82,1.05,18111.0,0.26,8.7,0.54,29
Leela Palaces Hotels & Resorts Ltd,Jun 2026,Other,Bull,13.98,10.39,40.4,2.82,30.3,0.0,8.21,8.73,36.0,0.35,1.65,3.28,-4.86,-12.5,1.05,18111.0,1.46,150.0,0.92,29
Leela Palaces Hotels & Resorts Ltd,Mar 2025,Other,Bear,-5.79,-7.62,40.4,2.82,30.3,0.0,8.21,8.73,53.0,0.35,1.65,2.29,-7.0,-20.95,1.05,18111.0,4.25,150.0,0.91,23
Leela Palaces Hotels & Resorts Ltd,Mar 2026,Other,Bear,-5.76,3.78,40.4,2.82,30.3,0.0,8.21,8.73,55.0,0.35,1.65,6.65,112.28,-329.33,1.05,18111.0,5.14,20.94,0.78,31
Leela Palaces Hotels & Resorts Ltd,Sep 2024,Other,Bull,-92.36,-114.97,40.4,2.82,30.3,0.0,8.21,8.73,41.0,0.35,1.65,0.93,0.73,-596.89,1.05,18111.0,0.0,8.7,-0.49,29
Leela Palaces Hotels & Resorts Ltd,Sep 2025,Other,Bear,1.94,-9.75,40.4,2.82,30.3,0.0,8.21,8.73,44.0,0.35,1.65,3.58,-11.65,53.06,1.05,18111.0,2.24,8.7,0.86,28
Thermax Ltd,Dec 2023,Manufacturing,Bull,-2.54,9.4,79.7,7.9,59.78,0.38,10.6,13.9,8.0,0.35,1.65,6.93,4.53,4.31,1.05,43873.0,20.0,8.7,-0.03,32
Thermax Ltd,Dec 2024,Manufacturing,Bear,-20.77,0.73,79.7,7.9,59.78,0.38,10.6,13.9,7.0,0.35,1.65,6.48,4.53,4.31,1.05,43873.0,9.73,-51.35,0.13,29
Thermax Ltd,Dec 2025,Manufacturing,Bull,-4.51,7.6,79.7,7.9,59.78,0.38,10.6,13.9,10.0,0.35,1.65,7.5,4.53,4.31,1.05,43873.0,17.14,76.16,0.87,26
Thermax Ltd,Jun 2023,Manufacturing,Bull,-2.14,6.54,79.7,7.9,59.78,0.38,10.6,13.9,7.0,0.35,1.65,10.15,4.53,4.31,1.05,43873.0,4.94,-71.18,-0.76,30
Thermax Ltd,Jun 2024,Manufacturing,Bull,24.79,8.08,79.7,7.9,59.78,0.38,10.6,13.9,6.0,0.35,1.65,5.22,-6.02,-54.01,1.05,43873.0,9.72,96.76,0.25,25
Thermax Ltd,Jun 2025,Manufacturing,Bull,-3.68,1.07,79.7,7.9,59.78,0.38,10.6,13.9,10.0,0.35,1.65,7.5,-14.67,32.46,1.05,43873.0,12.79,31.58,0.93,24
Thermax Ltd,Jun 2026,Manufacturing,Bull,54.23,-4.76,79.7,7.9,59.78,0.38,10.6,13.9,3.0,0.35,1.65,1.97,-12.6,-89.27,1.05,43873.0,2.12,-83.42,0.62,30
Thermax Ltd,Mar 2024,Manufacturing,Bull,35.61,4.4,79.7,7.9,59.78,0.38,10.6,13.9,10.0,0.35,1.65,9.75,42.99,213.33,1.05,43873.0,15.97,150.0,0.74,32
Thermax Ltd,Mar 2025,Manufacturing,Bear,-7.1,3.53,79.7,7.9,59.78,0.38,10.6,13.9,10.0,0.35,1.65,9.68,39.47,88.99,1.05,43873.0,17.27,8.14,0.7,25
Thermax Ltd,Mar 2026,Manufacturing,Bear,6.44,5.02,79.7,7.9,59.78,0.38,10.6,13.9,11.0,0.35,1.65,8.9,58.85,61.59,1.05,43873.0,20.5,18.7,0.79,24
Thermax Ltd,Sep 2023,Manufacturing,Bull,37.75,-2.48,79.7,7.9,59.78,0.38,10.6,13.9,9.0,0.35,1.65,10.2,-0.04,622.73,1.05,43873.0,13.24,-35.41,0.81,32
Thermax Ltd,Sep 2024,Manufacturing,Bull,-3.52,-1.41,79.7,7.9,59.78,0.38,10.6,13.9,11.0,0.35,1.65,9.59,-5.35,5.32,1.05,43873.0,16.54,24.92,0.62,26
Thermax Ltd,Sep 2025,Manufacturing,Bear,-5.17,-4.04,79.7,7.9,59.78,0.38,10.6,13.9,7.0,0.35,1.65,5.38,-18.78,-42.23,1.05,43873.0,10.04,-39.3,0.03,29
Tube Investments of India Ltd,Dec 2023,Manufacturing,Bull,17.58,4.88,80.5,6.52,60.38,0.13,9.95,17.1,11.0,0.35,1.65,36.08,4.53,4.31,1.05,50447.0,27.58,8.7,0.46,32
Tube Investments of India Ltd,Dec 2024,Manufacturing,Bear,-17.61,2.31,80.5,6.52,60.38,0.13,9.95,17.1,10.0,0.35,1.65,32.73,4.53,4.31,1.05,50447.0,10.01,-63.71,0.72,24
Tube Investments of India Ltd,Dec 2025,Manufacturing,Bull,-15.24,8.84,80.5,6.52,60.38,0.13,9.95,17.1,10.0,0.35,1.65,39.0,4.53,4.31,1.05,50447.0,8.57,-14.39,0.36,32
Tube Investments of India Ltd,Jun 2023,Manufacturing,Bull,23.93,20.92,80.5,6.52,60.38,0.13,9.95,17.1,12.0,0.35,1.65,42.45,4.53,4.31,1.05,50447.0,11.14,29.99,0.82,26
Tube Investments of India Ltd,Jun 2024,Manufacturing,Bull,14.36,2.16,80.5,6.52,60.38,0.13,9.95,17.1,12.0,0.35,1.65,33.19,9.08,-61.71,1.05,50447.0,11.73,5.3,0.8,27
Tube Investments of India Ltd,Jun 2025,Manufacturing,Bull,15.4,5.9,80.5,6.52,60.38,0.13,9.95,17.1,10.0,0.35,1.65,32.12,10.33,8.21,1.05,50447.0,10.28,-12.36,0.05,33
Tube Investments of India Ltd,Jun 2026,Manufacturing,Bull,17.75,3.6,80.5,6.52,60.38,0.13,9.95,17.1,9.0,0.35,1.65,34.25,7.14,5.38,1.05,50447.0,8.71,-15.27,0.1,34
Tube Investments of India Ltd,Mar 2024,Manufacturing,Bull,4.2,13.74,80.5,6.52,60.38,0.13,9.95,17.1,10.0,0.35,1.65,30.07,15.19,-3.52,1.05,50447.0,9.88,13.43,0.75,33
Tube Investments of India Ltd,Mar 2025,Manufacturing,Bear,-22.59,0.89,80.5,6.52,60.38,0.13,9.95,17.1,7.0,0.35,1.65,21.06,12.49,-50.16,1.05,50447.0,2.4,-75.71,-0.68,33
Tube Investments of India Ltd,Mar 2026,Manufacturing,Bear,-3.94,10.23,80.5,6.52,60.38,0.13,9.95,17.1,9.0,0.35,1.65,36.44,17.07,-22.77,1.05,50447.0,4.41,83.75,0.8,25
Tube Investments of India Ltd,Sep 2023,Manufacturing,Bull,-6.04,14.75,80.5,6.52,60.38,0.13,9.95,17.1,13.0,0.35,1.65,43.23,-30.72,17.69,1.05,50447.0,13.77,150.0,0.82,29
Tube Investments of India Ltd,Sep 2024,Manufacturing,Bull,2.42,6.5,80.5,6.52,60.38,0.13,9.95,17.1,10.0,0.35,1.65,30.62,9.69,9.12,1.05,50447.0,10.69,-22.37,0.8,26
Tube Investments of India Ltd,Sep 2025,Manufacturing,Bear,0.37,-14.36,80.5,6.52,60.38,0.13,9.95,17.1,10.0,0.35,1.65,38.86,7.24,91.14,1.05,50447.0,9.65,-9.73,0.79,34
Timken India Ltd,Dec 2024,Manufacturing,Bear,-17.77,-6.66,58.3,8.53,43.72,0.08,14.3,19.0,16.0,0.35,1.65,111.0,4.53,4.31,1.05,24840.0,10.4,8.7,0.79,26
Timken India Ltd,Dec 2025,Manufacturing,Bull,-2.14,-0.25,58.3,8.53,43.72,0.08,14.3,19.0,13.0,0.35,1.65,101.0,4.53,4.31,1.05,24840.0,7.25,-30.29,-0.53,23
Timken India Ltd,Jun 2025,Manufacturing,Bull,31.21,6.15,58.3,8.53,43.72,0.08,14.3,19.0,18.0,0.35,1.65,147.0,4.53,4.31,1.05,24840.0,14.42,98.9,0.75,24
Timken India Ltd,Jun 2026,Manufacturing,Bull,4.37,-4.28,58.3,8.53,43.72,0.08,14.3,19.0,19.0,0.35,1.65,178.0,4.53,4.31,1.05,24840.0,15.91,10.33,0.88,31
Timken India Ltd,Mar 2025,Manufacturing,Bear,-9.53,11.9,58.3,8.53,43.72,0.08,14.3,19.0,23.0,0.35,1.65,214.0,39.24,143.59,1.05,24840.0,25.3,59.02,0.87,22
Timken India Ltd,Mar 2026,Manufacturing,Bear,6.05,-0.03,58.3,8.53,43.72,0.08,14.3,19.0,22.0,0.35,1.65,242.0,39.74,187.27,1.05,24840.0,21.05,-16.8,0.86,31
Timken India Ltd,Sep 2025,Manufacturing,Bear,-11.8,-0.86,58.3,8.53,43.72,0.08,14.3,19.0,18.0,0.35,1.65,143.0,-4.38,-12.96,1.05,24840.0,12.44,-40.9,0.6,25
Titagarh Rail Systems Ltd,Dec 2023,Manufacturing,Bull,35.53,10.28,58.4,4.63,43.8,0.12,6.47,10.6,12.0,0.35,1.65,6.17,4.53,4.31,1.05,11342.0,5.56,8.7,0.57,20
Titagarh Rail Systems Ltd,Dec 2024,Manufacturing,Bear,-7.05,-10.67,58.4,4.63,43.8,0.12,6.47,10.6,10.0,0.35,1.65,4.48,4.53,4.31,1.05,11342.0,4.66,-16.19,-0.2,27
Titagarh Rail Systems Ltd,Dec 2025,Manufacturing,Bull,0.99,-10.48,58.4,4.63,43.8,0.12,6.47,10.6,11.0,0.35,1.65,5.06,4.53,4.31,1.05,11342.0,3.35,-28.11,0.36,30
Titagarh Rail Systems Ltd,Jun 2023,Manufacturing,Bull,81.84,11.6,58.4,4.63,43.8,0.12,6.47,10.6,12.0,0.35,1.65,5.58,4.53,4.31,1.05,11342.0,5.17,54.33,0.9,22
Titagarh Rail Systems Ltd,Jun 2024,Manufacturing,Bull,98.49,-5.54,58.4,4.63,43.8,0.12,6.47,10.6,11.0,0.35,1.65,7.46,-5.45,-10.67,1.05,11342.0,4.98,-3.68,-0.7,24
Titagarh Rail Systems Ltd,Jun 2025,Manufacturing,Bull,18.08,12.87,58.4,4.63,43.8,0.12,6.47,10.6,9.0,0.35,1.65,3.56,-24.72,-50.79,1.05,11342.0,2.29,-54.02,-0.7,28
Titagarh Rail Systems Ltd,Jun 2026,Manufacturing,Bull,44.61,1.75,58.4,4.63,43.8,0.12,6.47,10.6,12.0,0.35,1.65,6.27,-8.05,17.78,1.05,11342.0,3.9,70.31,0.82,27
Titagarh Rail Systems Ltd,Mar 2024,Manufacturing,Bull,-11.79,33.3,58.4,4.63,43.8,0.12,6.47,10.6,11.0,0.35,1.65,7.38,15.48,27.42,1.05,11342.0,5.86,50.26,0.62,27
Titagarh Rail Systems Ltd,Mar 2025,Manufacturing,Bear,-28.16,11.1,58.4,4.63,43.8,0.12,6.47,10.6,1.8,0.35,1.65,0.82,11.41,-285.07,1.05,11342.0,-9.09,-100.0,-0.68,27
Titagarh Rail Systems Ltd,Mar 2026,Manufacturing,Bear,-34.81,12.49,58.4,4.63,43.8,0.12,6.47,10.6,11.0,0.35,1.65,5.41,28.87,74.19,1.05,11342.0,4.01,144.11,0.25,25
Titagarh Rail Systems Ltd,Sep 2023,Manufacturing,Bull,51.7,25.84,58.4,4.63,43.8,0.12,6.47,10.6,12.0,0.35,1.65,5.75,22.22,33.96,1.05,11342.0,5.55,38.4,0.7,30
Titagarh Rail Systems Ltd,Sep 2024,Manufacturing,Bull,-33.03,19.03,58.4,4.63,43.8,0.12,6.47,10.6,12.0,0.35,1.65,7.35,0.48,2.53,1.05,11342.0,5.99,7.93,0.59,22
Titagarh Rail Systems Ltd,Sep 2025,Manufacturing,Bear,-9.32,-10.27,58.4,4.63,43.8,0.12,6.47,10.6,9.0,0.35,1.65,4.11,-20.58,-129.84,1.05,11342.0,2.74,-54.26,-0.18,26
Torrent Power Ltd,Dec 2023,Other,Bull,24.86,10.84,28.1,3.42,21.08,1.54,12.5,13.7,16.0,0.35,1.65,4.44,4.82,1.82,1.05,65387.0,7.49,8.7,0.79,30
Torrent Power Ltd,Dec 2024,Other,Bear,-20.18,-3.39,28.1,3.42,21.08,1.54,12.5,13.7,17.0,0.35,1.65,4.03,4.82,1.82,1.05,65387.0,9.44,26.03,0.91,27
Torrent Power Ltd,Dec 2025,Other,Bull,7.46,5.77,28.1,3.42,21.08,1.54,12.5,13.7,21.0,0.35,1.65,5.5,4.82,1.82,1.05,65387.0,12.76,35.17,0.86,34
Torrent Power Ltd,Jun 2023,Other,Bull,18.89,14.79,28.1,3.42,21.08,1.54,12.5,13.7,16.0,0.35,1.65,5.22,4.82,1.82,1.05,65387.0,10.76,-15.67,0.53,27
Torrent Power Ltd,Jun 2024,Other,Bull,5.6,4.44,28.1,3.42,21.08,1.54,12.5,13.7,21.0,0.35,1.65,7.15,41.91,166.31,1.05,65387.0,20.23,88.01,0.8,29
Torrent Power Ltd,Jun 2025,Other,Bull,-1.83,-2.6,28.1,3.42,21.08,1.54,12.5,13.7,19.0,0.35,1.65,7.0,21.65,51.74,1.05,65387.0,14.52,-28.23,0.7,33
Torrent Power Ltd,Jun 2026,Other,Bull,6.19,-7.24,28.1,3.42,21.08,1.54,12.5,13.7,19.0,0.35,1.65,5.25,19.86,1.07,1.05,65387.0,12.68,-12.67,0.36,25
Torrent Power Ltd,Mar 2024,Other,Bull,45.53,17.38,28.1,3.42,21.08,1.54,12.5,13.7,17.0,0.35,1.65,4.76,-10.9,-15.98,1.05,65387.0,8.95,-29.42,-0.44,29
Torrent Power Ltd,Mar 2025,Other,Bear,0.6,-0.95,28.1,3.42,21.08,1.54,12.5,13.7,18.0,0.35,1.65,4.79,-28.54,8.13,1.05,65387.0,21.03,134.97,0.36,31
Torrent Power Ltd,Mar 2026,Other,Bear,-0.58,-5.05,28.1,3.42,21.08,1.54,12.5,13.7,18.0,0.35,1.65,4.56,-18.97,-55.39,1.05,65387.0,6.31,-70.0,-0.13,32
Torrent Power Ltd,Sep 2023,Other,Bull,21.83,8.61,28.1,3.42,21.08,1.54,12.5,13.7,18.0,0.35,1.65,4.94,-14.32,-17.98,1.05,65387.0,10.94,73.38,0.87,31
Torrent Power Ltd,Sep 2024,Other,Bull,28.94,5.44,28.1,3.42,21.08,1.54,12.5,13.7,17.0,0.35,1.65,4.44,9.91,10.96,1.05,65387.0,10.01,-8.5,0.48,33
Torrent Power Ltd,Sep 2025,Other,Bear,-16.32,-1.32,28.1,3.42,21.08,1.54,12.5,13.7,19.0,0.35,1.65,6.97,22.0,-31.1,1.05,65387.0,14.36,43.46,0.81,34
Travel Food Services Ltd,Dec 2024,Other,Bear,-4.81,0.92,34.7,11.4,26.02,0.82,35.3,42.4,38.0,0.35,1.65,11.29,4.82,1.82,1.05,16511.0,7.42,8.7,0.38,22
Travel Food Services Ltd,Dec 2025,Other,Bull,-12.95,-6.78,34.7,11.4,26.02,0.82,35.3,42.4,40.0,0.35,1.65,18.1,4.82,1.82,1.05,16511.0,10.08,35.85,0.82,21
Travel Food Services Ltd,Jun 2024,Other,Bull,11.39,2.88,34.7,11.4,26.02,0.82,35.3,42.4,25.0,0.35,1.65,6.0,4.82,1.82,1.05,16511.0,143.1,150.0,0.79,25
Travel Food Services Ltd,Jun 2025,Other,Bull,10.86,16.12,34.7,11.4,26.02,0.82,35.3,42.4,39.0,0.35,1.65,16.22,4.82,1.82,1.05,16511.0,6.97,-95.13,0.82,30
Travel Food Services Ltd,Jun 2026,Other,Bull,3.64,-4.45,34.7,11.4,26.02,0.82,35.3,42.4,36.0,0.35,1.65,20.25,9.98,25.24,1.05,16511.0,9.62,38.02,0.82,29
Travel Food Services Ltd,Mar 2025,Other,Bear,-7.33,-7.78,34.7,11.4,26.02,0.82,35.3,42.4,37.0,0.35,1.65,13.5,-19.52,-21.9,1.05,16511.0,7.81,-18.81,0.53,26
Travel Food Services Ltd,Mar 2026,Other,Bear,8.89,13.05,34.7,11.4,26.02,0.82,35.3,42.4,40.0,0.35,1.65,5.03,12.44,105.0,1.05,16511.0,9.17,17.41,0.88,27
Travel Food Services Ltd,Sep 2024,Other,Bull,17.1,4.89,34.7,11.4,26.02,0.82,35.3,42.4,32.0,0.35,1.65,32.0,33.33,15.79,1.05,16511.0,276.67,150.0,0.88,26
Travel Food Services Ltd,Sep 2025,Other,Bear,23.15,-1.75,34.7,11.4,26.02,0.82,35.3,42.4,38.0,0.35,1.65,16.88,-21.24,-24.03,1.05,16511.0,7.27,-97.37,-0.53,24
Trident Ltd,Dec 2023,Manufacturing,Bull,-2.55,-9.76,30.2,2.5,22.65,2.14,7.91,9.79,14.0,0.35,1.65,6.58,4.53,4.31,1.05,11919.0,0.21,8.7,0.71,29
Trident Ltd,Dec 2024,Manufacturing,Bear,-9.55,-13.22,30.2,2.5,22.65,2.14,7.91,9.79,13.0,0.35,1.65,6.11,4.53,4.31,1.05,11919.0,0.16,-23.81,-0.25,23
Trident Ltd,Dec 2025,Manufacturing,Bull,-5.58,-13.72,30.2,2.5,22.65,2.14,7.91,9.79,9.0,0.35,1.65,5.23,4.53,4.31,1.05,11919.0,0.09,-43.75,-0.18,24
Trident Ltd,Jun 2023,Manufacturing,Bull,19.25,19.66,30.2,2.5,22.65,2.14,7.91,9.79,15.0,0.35,1.65,7.22,4.53,4.31,1.05,11919.0,0.18,100.0,0.86,28
Trident Ltd,Jun 2024,Manufacturing,Bull,-1.79,-1.19,30.2,2.5,22.65,2.14,7.91,9.79,13.0,0.35,1.65,4.79,-5.01,-32.11,1.05,11919.0,0.14,-22.22,-0.76,24
Trident Ltd,Jun 2025,Manufacturing,Bull,25.64,2.95,30.2,2.5,22.65,2.14,7.91,9.79,17.0,0.35,1.65,9.42,2.4,75.0,1.05,11919.0,0.27,92.86,0.91,28
Trident Ltd,Jun 2026,Manufacturing,Bull,11.6,-1.02,30.2,2.5,22.65,2.14,7.91,9.79,17.0,0.35,1.65,10.0,13.53,259.09,1.05,11919.0,0.31,14.81,0.34,25
Trident Ltd,Mar 2024,Manufacturing,Bull,0.0,3.17,30.2,2.5,22.65,2.14,7.91,9.79,12.0,0.35,1.65,4.18,12.58,-35.16,1.05,11919.0,0.11,-64.52,0.54,20
Trident Ltd,Mar 2025,Manufacturing,Bear,-28.32,7.82,30.2,2.5,22.65,2.14,7.91,9.79,13.0,0.35,1.65,81.67,6.94,79.73,1.05,11919.0,0.26,136.36,0.81,29
Trident Ltd,Mar 2026,Manufacturing,Bear,-16.1,-0.03,30.2,2.5,22.65,2.14,7.91,9.79,14.0,0.35,1.65,7.09,-4.34,-27.14,1.05,11919.0,0.2,-23.08,0.2,22
Trident Ltd,Sep 2023,Manufacturing,Bull,12.89,-3.52,30.2,2.5,22.65,2.14,7.91,9.79,13.0,0.35,1.65,6.86,0.62,-43.04,1.05,11919.0,0.18,-10.0,-0.25,20
Trident Ltd,Sep 2024,Manufacturing,Bull,-5.78,15.69,30.2,2.5,22.65,2.14,7.91,9.79,13.0,0.35,1.65,4.91,1.84,40.68,1.05,11919.0,0.16,-11.11,0.92,23
Trident Ltd,Sep 2025,Manufacturing,Bear,-9.48,-3.69,30.2,2.5,22.65,2.14,7.91,9.79,12.0,0.35,1.65,8.56,-4.13,-31.58,1.05,11919.0,0.18,12.5,-0.49,23
Triveni Turbine Ltd,Dec 2023,Manufacturing,Bull,-1.22,3.83,52.2,12.53,39.15,0.75,25.2,34.1,19.0,0.35,1.65,84.0,4.53,4.31,1.05,18109.0,2.15,8.7,0.27,25
Triveni Turbine Ltd,Dec 2024,Manufacturing,Bear,4.03,3.38,52.2,12.53,39.15,0.75,25.2,34.1,22.0,0.35,1.65,10.08,4.53,4.31,1.05,18109.0,2.91,35.35,0.82,27
Triveni Turbine Ltd,Dec 2025,Manufacturing,Bull,2.8,-6.93,52.2,12.53,39.15,0.75,25.2,34.1,21.0,0.35,1.65,133.0,4.53,4.31,1.05,18109.0,2.9,-0.34,0.54,25
Triveni Turbine Ltd,Jun 2023,Manufacturing,Bull,24.87,1.46,52.2,12.53,39.15,0.75,25.2,34.1,19.0,0.35,1.65,71.0,4.53,4.31,1.05,18109.0,1.91,-34.14,-0.74,31
Triveni Turbine Ltd,Jun 2024,Manufacturing,Bull,8.55,-5.49,52.2,12.53,39.15,0.75,25.2,34.1,21.0,0.35,1.65,96.0,7.18,17.65,1.05,18109.0,2.52,31.94,0.79,26
Triveni Turbine Ltd,Jun 2025,Manufacturing,Bull,14.17,1.47,52.2,12.53,39.15,0.75,25.2,34.1,20.0,0.35,1.65,74.0,-26.24,-31.18,1.05,18109.0,2.03,-19.44,-0.03,21
Triveni Turbine Ltd,Jun 2026,Manufacturing,Bull,51.91,-2.94,52.2,12.53,39.15,0.75,25.2,34.1,12.0,0.35,1.65,51.0,-29.01,-44.57,1.05,18109.0,1.61,-20.69,-0.4,24
Triveni Turbine Ltd,Mar 2024,Manufacturing,Bull,28.38,-1.73,52.2,12.53,39.15,0.75,25.2,34.1,20.0,0.35,1.65,90.0,21.81,24.59,1.05,18109.0,2.39,48.45,0.93,26
Triveni Turbine Ltd,Mar 2025,Manufacturing,Bear,-24.97,-2.41,52.2,12.53,39.15,0.75,25.2,34.1,22.0,0.35,1.65,120.0,16.2,18.75,1.05,18109.0,2.95,23.43,0.84,28
Triveni Turbine Ltd,Mar 2026,Manufacturing,Bear,-17.77,10.59,52.2,12.53,39.15,0.75,25.2,34.1,19.0,0.35,1.65,128.0,83.29,59.38,1.05,18109.0,3.21,8.81,0.88,31
Triveni Turbine Ltd,Sep 2023,Manufacturing,Bull,9.55,2.75,52.2,12.53,39.15,0.75,25.2,34.1,19.0,0.35,1.65,74.0,-12.42,25.49,1.05,18109.0,2.02,-37.07,0.62,21
Triveni Turbine Ltd,Sep 2024,Manufacturing,Bull,12.53,24.68,52.2,12.53,39.15,0.75,25.2,34.1,22.0,0.35,1.65,111.0,9.39,19.74,1.05,18109.0,2.86,41.58,0.77,31
Triveni Turbine Ltd,Sep 2025,Manufacturing,Bear,-14.03,-0.3,52.2,12.53,39.15,0.75,25.2,34.1,23.0,0.35,1.65,10.08,-5.95,-4.21,1.05,18109.0,2.87,0.35,0.23,22
Tata Teleservices (Maharashtra) Ltd,Dec 2008,Other,Bull,13.24,4.94,35.9,3.87,26.92,0.0,12.2,-12.7,29.0,0.35,1.65,1.79,4.82,1.82,1.05,6960.0,-0.23,-8.7,-0.03,21
Tata Teleservices (Maharashtra) Ltd,Dec 2009,Other,Bull,1.88,1.41,35.9,3.87,26.92,0.0,12.2,-12.7,22.0,0.35,1.65,1.43,4.82,1.82,1.05,6960.0,-0.48,-100.0,-0.56,24
Tata Teleservices (Maharashtra) Ltd,Jun 2008,Other,Bull,5.03,1.43,35.9,3.87,26.92,0.0,12.2,-12.7,30.0,0.35,1.65,2.03,4.82,1.82,1.05,6960.0,-0.16,66.67,0.78,21
Tata Teleservices (Maharashtra) Ltd,Jun 2009,Other,Bull,8.04,4.92,35.9,3.87,26.92,0.0,12.2,-12.7,31.0,0.35,1.65,2.14,4.82,1.82,1.05,6960.0,-0.16,0.0,0.78,21
Tata Teleservices (Maharashtra) Ltd,Mar 2009,Other,Bull,-1.78,-4.51,35.9,3.87,26.92,0.0,12.2,-12.7,25.0,0.35,1.65,2.41,-0.39,-20.41,1.05,6960.0,-0.18,-12.5,-0.53,21
Tata Teleservices (Maharashtra) Ltd,Mar 2010,Other,Bull,-2.39,-11.14,35.9,3.87,26.92,0.0,12.2,-12.7,26.0,0.35,1.65,1.99,3.16,-37.86,1.05,6960.0,-0.3,-66.67,-0.53,19
Tata Teleservices (Maharashtra) Ltd,Sep 2008,Other,Bull,3.63,8.8,35.9,3.87,26.92,0.0,12.2,-12.7,30.0,0.35,1.65,1.69,2.19,34.29,1.05,6960.0,-0.22,26.67,0.79,21
Tata Teleservices (Maharashtra) Ltd,Sep 2009,Other,Bull,47.37,44.9,35.9,3.87,26.92,0.0,12.2,-12.7,21.0,0.35,1.65,1.11,6.05,241.18,1.05,6960.0,-0.54,-100.0,0.7,28
United Breweries Ltd,Dec 2023,Other,Bull,14.58,-1.54,96.1,7.35,72.07,0.8,7.69,10.7,8.0,0.35,1.65,73.0,4.82,1.82,1.05,33212.0,3.23,8.7,0.93,33
United Breweries Ltd,Dec 2024,Other,Bear,-5.84,-1.44,96.1,7.35,72.07,0.8,7.69,10.7,7.0,0.35,1.65,47.0,4.82,1.82,1.05,33212.0,1.45,-55.11,0.69,24
United Breweries Ltd,Dec 2025,Other,Bull,-9.85,-7.07,96.1,7.35,72.07,0.8,7.69,10.7,11.0,0.35,1.65,13.29,4.82,1.82,1.05,33212.0,3.06,111.03,0.97,24
United Breweries Ltd,Jun 2023,Other,Bull,5.51,4.97,96.1,7.35,72.07,0.8,7.69,10.7,10.0,0.35,1.65,111.5,4.82,1.82,1.05,33212.0,5.15,68.3,0.93,24
United Breweries Ltd,Jun 2024,Other,Bull,11.6,5.5,96.1,7.35,72.07,0.8,7.69,10.7,12.0,0.35,1.65,142.5,35.69,102.33,1.05,33212.0,6.56,27.38,0.96,24
United Breweries Ltd,Jun 2025,Other,Bull,-0.03,-5.57,96.1,7.35,72.07,0.8,7.69,10.7,11.0,0.35,1.65,28.27,43.2,371.79,1.05,33212.0,6.95,5.95,0.96,33
United Breweries Ltd,Jun 2026,Other,Bull,-15.6,-2.47,96.1,7.35,72.07,0.8,7.69,10.7,9.0,0.35,1.65,12.3,47.95,104.94,1.05,33212.0,6.29,-9.5,0.96,25
United Breweries Ltd,Mar 2024,Other,Bull,-3.17,11.76,96.1,7.35,72.07,0.8,7.69,10.7,7.0,0.35,1.65,71.5,-6.24,-39.71,1.05,33212.0,3.07,-51.19,0.77,26
United Breweries Ltd,Mar 2025,Other,Bear,-4.45,-0.97,96.1,7.35,72.07,0.8,7.69,10.7,8.0,0.35,1.65,31.17,-6.14,-43.68,1.05,33212.0,3.69,20.2,0.95,30
United Breweries Ltd,Mar 2026,Other,Bear,-4.23,-1.06,96.1,7.35,72.07,0.8,7.69,10.7,6.0,0.35,1.65,4.79,-21.44,-44.57,1.05,33212.0,3.85,4.34,0.87,30
United Breweries Ltd,Sep 2023,Other,Bull,3.6,10.42,96.1,7.35,72.07,0.8,7.69,10.7,10.0,0.35,1.65,184.0,-38.38,-35.54,1.05,33212.0,4.06,5.45,0.42,33
United Breweries Ltd,Sep 2024,Other,Bull,8.79,5.78,96.1,7.35,72.07,0.8,7.69,10.7,11.0,0.35,1.65,113.5,-0.75,60.98,1.05,33212.0,5.0,23.15,0.93,33
United Breweries Ltd,Sep 2025,Other,Bear,-7.19,-8.81,96.1,7.35,72.07,0.8,7.69,10.7,6.0,0.35,1.65,8.67,-11.62,-53.06,1.05,33212.0,1.76,-64.8,0.82,26
UCO Bank,Dec 2022,Banking,Bull,166.95,-7.06,12.3,0.98,9.22,1.82,8.5,5.76,44.0,0.45,1.65,14.93,8.74,9.96,1.05,30245.0,0.55,8.7,0.84,22
UCO Bank,Dec 2023,Banking,Bull,-11.17,-8.62,12.3,0.98,9.22,1.82,8.5,5.76,44.0,0.45,1.65,14.93,8.74,9.96,1.05,30245.0,0.42,-23.64,-0.74,30
UCO Bank,Dec 2024,Banking,Bear,-8.76,-14.94,12.3,0.98,9.22,1.82,8.5,5.76,44.0,0.45,1.65,14.93,8.74,9.96,1.05,30245.0,0.54,28.57,0.88,25
UCO Bank,Jun 2022,Banking,Bear,-9.88,6.9,12.3,0.98,9.22,1.82,8.5,5.76,44.0,0.45,1.65,14.93,8.74,9.96,1.05,30245.0,0.1,-81.48,0.0,26
UCO Bank,Jun 2023,Banking,Bull,5.38,22.2,12.3,0.98,9.22,1.82,8.5,5.76,44.0,0.45,1.65,14.93,8.74,-65.6,1.05,30245.0,0.19,90.0,0.92,32
UCO Bank,Jun 2024,Banking,Bull,-0.13,-2.05,12.3,0.98,9.22,1.82,8.5,5.76,44.0,0.45,1.65,14.93,8.74,9.9,1.05,30245.0,0.46,142.11,0.92,32
UCO Bank,Mar 2022,Banking,Bear,-10.23,-5.96,12.3,0.98,9.22,1.82,8.5,5.76,44.0,0.45,1.65,14.93,8.74,-50.78,1.05,30245.0,0.26,-43.48,-0.74,29
UCO Bank,Mar 2023,Banking,Bear,-22.49,-0.93,12.3,0.98,9.22,1.82,8.5,5.76,44.0,0.45,1.65,14.93,8.74,376.07,1.05,30245.0,0.47,80.77,0.8,26
UCO Bank,Mar 2024,Banking,Bull,30.5,7.68,12.3,0.98,9.22,1.82,8.5,5.76,44.0,0.45,1.65,14.93,8.74,139.11,1.05,30245.0,0.45,-4.26,0.81,27
UCO Bank,Mar 2025,Banking,Bear,-18.6,1.1,12.3,0.98,9.22,1.82,8.5,5.76,44.0,0.45,1.65,14.93,8.74,20.0,1.05,30245.0,0.53,17.78,0.62,31
UCO Bank,Sep 2022,Banking,Bull,7.69,144.67,12.3,0.98,9.22,1.82,8.5,5.76,44.0,0.45,1.65,14.93,8.74,57.78,1.05,30245.0,0.42,-20.75,0.82,30
UCO Bank,Sep 2023,Banking,Bull,54.98,2.39,12.3,0.98,9.22,1.82,8.5,5.76,44.0,0.45,1.65,14.93,8.74,-27.47,1.05,30245.0,0.34,-19.05,0.15,32
UCO Bank,Sep 2024,Banking,Bull,-11.75,12.74,12.3,0.98,9.22,1.82,8.5,5.76,44.0,0.45,1.65,14.93,8.74,12.83,1.05,30245.0,0.51,50.0,0.93,27
Uno Minda Ltd,Dec 2023,Manufacturing,Bull,13.72,-6.74,56.8,10.19,42.6,0.22,19.3,19.6,11.0,0.35,1.65,13.1,4.53,4.31,1.05,69388.0,3.37,8.7,0.25,30
Uno Minda Ltd,Dec 2024,Manufacturing,Bear,-2.7,0.63,56.8,10.19,42.6,0.22,19.3,19.6,11.0,0.35,1.65,9.72,4.53,4.31,1.05,69388.0,4.05,20.18,0.62,30
Uno Minda Ltd,Dec 2025,Manufacturing,Bull,-2.91,5.05,56.8,10.19,42.6,0.22,19.3,19.6,11.0,0.35,1.65,10.45,4.53,4.31,1.05,69388.0,4.79,18.27,0.88,30
Uno Minda Ltd,Jun 2023,Manufacturing,Bull,24.86,1.28,56.8,10.19,42.6,0.22,19.3,19.6,11.0,0.35,1.65,13.2,4.53,4.31,1.05,69388.0,3.01,-37.16,-0.7,33
Uno Minda Ltd,Jun 2024,Manufacturing,Bull,57.73,-8.53,56.8,10.19,42.6,0.22,19.3,19.6,11.0,0.35,1.65,11.33,8.37,2.93,1.05,69388.0,3.46,14.95,0.84,27
Uno Minda Ltd,Jun 2025,Manufacturing,Bull,24.24,4.97,56.8,10.19,42.6,0.22,19.3,19.6,12.0,0.35,1.65,12.34,7.29,21.65,1.05,69388.0,5.06,46.24,0.79,34
Uno Minda Ltd,Jun 2026,Manufacturing,Bull,4.42,0.48,56.8,10.19,42.6,0.22,19.3,19.6,10.0,0.35,1.65,12.43,10.74,5.33,1.05,69388.0,5.12,1.19,-0.36,24
Uno Minda Ltd,Mar 2024,Manufacturing,Bull,0.48,43.03,56.8,10.19,42.6,0.22,19.3,19.6,12.0,0.35,1.65,14.81,22.66,67.78,1.05,69388.0,5.01,-2.15,0.91,33
Uno Minda Ltd,Mar 2025,Manufacturing,Bear,-17.25,7.0,56.8,10.19,42.6,0.22,19.3,19.6,12.0,0.35,1.65,12.85,18.6,36.97,1.05,69388.0,4.64,-7.39,0.8,30
Uno Minda Ltd,Mar 2026,Manufacturing,Bear,-19.77,-5.57,56.8,10.19,42.6,0.22,19.3,19.6,11.0,0.35,1.65,13.4,18.87,13.92,1.05,69388.0,5.64,21.55,0.86,33
Uno Minda Ltd,Sep 2023,Manufacturing,Bull,5.29,1.52,56.8,10.19,42.6,0.22,19.3,19.6,11.0,0.35,1.65,14.89,-34.84,-24.68,1.05,69388.0,3.93,-30.32,-0.08,30
Uno Minda Ltd,Sep 2024,Manufacturing,Bull,-3.56,4.33,56.8,10.19,42.6,0.22,19.3,19.6,11.0,0.35,1.65,10.48,11.89,-11.92,1.05,69388.0,4.27,8.65,-0.49,26
Uno Minda Ltd,Sep 2025,Manufacturing,Bear,20.34,-4.65,56.8,10.19,42.6,0.22,19.3,19.6,11.0,0.35,1.65,12.27,6.32,11.76,1.05,69388.0,5.27,23.42,0.62,31
UPL Ltd,Dec 2023,Chemicals,Bull,-3.25,-6.98,24.5,1.39,18.38,1.05,5.64,10.1,0.7,0.35,1.65,0.06,4.4,0.0,1.05,48352.0,-14.41,-8.7,0.89,32
UPL Ltd,Dec 2024,Chemicals,Bear,-19.35,-2.5,24.5,1.39,18.38,1.05,5.64,10.1,15.0,0.35,1.65,2.3,4.4,0.0,1.05,48352.0,9.81,150.0,0.89,30
UPL Ltd,Dec 2025,Chemicals,Bull,20.21,-0.96,24.5,1.39,18.38,1.05,5.64,10.1,18.0,0.35,1.65,2.89,4.4,0.0,1.05,48352.0,4.7,-52.09,0.13,24
UPL Ltd,Jun 2023,Chemicals,Bull,-5.77,7.11,24.5,1.39,18.38,1.05,5.64,10.1,14.0,0.35,1.65,1.74,4.4,0.0,1.05,48352.0,1.97,-58.09,-0.27,30
UPL Ltd,Jun 2024,Chemicals,Bull,22.45,10.49,24.5,1.39,18.38,1.05,5.64,10.1,12.0,0.35,1.65,1.17,-8.29,-67.21,1.05,48352.0,-4.55,-100.0,0.54,25
UPL Ltd,Jun 2025,Chemicals,Bull,4.17,0.31,24.5,1.39,18.38,1.05,5.64,10.1,15.0,0.35,1.65,1.39,-15.5,-120.63,1.05,48352.0,-1.04,77.14,0.79,24
UPL Ltd,Jun 2026,Chemicals,Bull,-3.92,0.69,24.5,1.39,18.38,1.05,5.64,10.1,13.0,0.35,1.65,1.6,-17.02,-114.9,1.05,48352.0,0.12,111.54,0.62,25
UPL Ltd,Mar 2024,Chemicals,Bull,-23.06,7.17,24.5,1.39,18.38,1.05,5.64,10.1,13.0,0.35,1.65,1.7,57.07,-178.43,1.05,48352.0,0.47,150.0,0.79,32
UPL Ltd,Mar 2025,Chemicals,Bear,27.12,-1.88,24.5,1.39,18.38,1.05,5.64,10.1,20.0,0.35,1.65,3.46,71.75,-304.74,1.05,48352.0,10.61,150.0,0.9,32
UPL Ltd,Mar 2026,Chemicals,Bear,-29.48,-3.5,24.5,1.39,18.38,1.05,5.64,10.1,19.0,0.35,1.65,4.16,98.95,-596.89,1.05,48352.0,12.57,18.47,0.91,25
UPL Ltd,Sep 2023,Chemicals,Bull,-7.99,8.73,24.5,1.39,18.38,1.05,5.64,10.1,11.0,0.35,1.65,1.29,-0.11,301.37,1.05,48352.0,-2.24,-100.0,0.9,31
UPL Ltd,Sep 2024,Chemicals,Bull,7.11,6.84,24.5,1.39,18.38,1.05,5.64,10.1,11.0,0.35,1.65,1.14,-21.22,631.25,1.05,48352.0,-5.25,-100.0,0.86,24
UPL Ltd,Sep 2025,Chemicals,Bear,-1.38,-0.98,24.5,1.39,18.38,1.05,5.64,10.1,16.0,0.35,1.65,2.48,-22.82,-43.28,1.05,48352.0,6.56,150.0,0.92,30
Urban Company Ltd,Dec 2024,Other,Bear,-6.13,-1.15,35.9,12.01,26.92,0.0,-12.0,-7.82,-0.7,0.35,1.65,-0.67,4.82,1.82,1.05,25737.0,11870.97,8.7,0.1,29
Urban Company Ltd,Dec 2025,Other,Bull,-21.48,0.4,35.9,12.01,26.92,0.0,-12.0,-7.82,-11.0,0.35,1.65,-9.12,4.82,1.82,1.05,25737.0,-0.15,-100.0,-0.57,31
Urban Company Ltd,Jun 2025,Other,Bull,14.25,4.88,35.9,12.01,26.92,0.0,-12.0,-7.82,-3.6,0.35,1.65,-4.33,4.82,1.82,1.05,25737.0,0.14,150.0,0.9,25
Urban Company Ltd,Jun 2026,Other,Bull,6.09,16.47,35.9,12.01,26.92,0.0,-12.0,-7.82,-18.0,0.35,1.65,-9.12,4.82,1.82,1.05,25737.0,-0.6,-100.0,-0.03,26
Urban Company Ltd,Mar 2025,Other,Bear,-21.19,-23.59,35.9,12.01,26.92,0.0,-12.0,-7.82,-6.0,0.35,1.65,-6.33,3.47,-101.29,1.05,25737.0,-0.06,90.0,0.91,30
Urban Company Ltd,Mar 2026,Other,Bear,-9.51,4.56,35.9,12.01,26.92,0.0,-12.0,-7.82,-28.0,0.35,1.65,-9.12,11.23,666.67,1.05,25737.0,-1.05,-100.0,0.64,24
Urban Company Ltd,Sep 2024,Other,Bull,-19.79,-24.25,35.9,12.01,26.92,0.0,-12.0,-7.82,-6.0,0.35,1.65,-5.33,-24.52,-128.57,1.05,25737.0,-93.43,-100.0,0.57,23
Urban Company Ltd,Sep 2025,Other,Bear,0.33,-15.08,35.9,12.01,26.92,0.0,-12.0,-7.82,-21.0,0.35,1.65,-9.12,-28.03,-35.87,1.05,25737.0,-0.41,99.56,0.84,26
Usha Martin Ltd,Dec 2023,Manufacturing,Bull,-14.69,13.43,27.6,4.57,20.7,0.76,15.1,19.5,20.0,0.35,1.65,26.17,4.53,4.31,1.05,15069.0,3.53,8.7,-0.08,21
Usha Martin Ltd,Dec 2024,Manufacturing,Bear,2.58,-11.49,27.6,4.57,20.7,0.76,15.1,19.5,17.0,0.35,1.65,15.89,4.53,4.31,1.05,15069.0,3.04,-13.88,0.32,31
Usha Martin Ltd,Dec 2025,Manufacturing,Bull,0.28,0.41,27.6,4.57,20.7,0.76,15.1,19.5,19.0,0.35,1.65,35.2,4.53,4.31,1.05,15069.0,3.53,16.12,0.71,23
Usha Martin Ltd,Jun 2023,Manufacturing,Bull,24.67,7.14,27.6,4.57,20.7,0.76,15.1,19.5,18.0,0.35,1.65,24.33,4.53,4.31,1.05,15069.0,3.31,-6.23,0.8,25
Usha Martin Ltd,Jun 2024,Manufacturing,Bull,16.38,10.08,27.6,4.57,20.7,0.76,15.1,19.5,19.0,0.35,1.65,22.0,3.64,-3.7,1.05,15069.0,3.42,3.32,0.54,26
Usha Martin Ltd,Jun 2025,Manufacturing,Bull,9.76,5.58,27.6,4.57,20.7,0.76,15.1,19.5,16.0,0.35,1.65,24.17,3.02,9.78,1.05,15069.0,3.31,-3.22,0.78,23
Usha Martin Ltd,Jun 2026,Manufacturing,Bull,22.19,-1.12,27.6,4.57,20.7,0.76,15.1,19.5,20.0,0.35,1.65,52.0,12.65,31.48,1.05,15069.0,4.66,40.79,0.7,22
Usha Martin Ltd,Mar 2024,Manufacturing,Bull,9.21,19.65,27.6,4.57,20.7,0.76,15.1,19.5,18.0,0.35,1.65,21.71,1.84,4.95,1.05,15069.0,3.49,-25.11,-0.18,23
Usha Martin Ltd,Mar 2025,Manufacturing,Bear,-12.1,-1.4,27.6,4.57,20.7,0.76,15.1,19.5,16.0,0.35,1.65,20.0,8.47,-2.88,1.05,15069.0,3.31,-5.16,0.38,21
Usha Martin Ltd,Mar 2026,Manufacturing,Bear,-11.82,2.86,27.6,4.57,20.7,0.76,15.1,19.5,22.0,0.35,1.65,53.0,10.37,46.53,1.05,15069.0,4.85,46.53,0.87,28
Usha Martin Ltd,Sep 2023,Manufacturing,Bull,27.12,-7.18,27.6,4.57,20.7,0.76,15.1,19.5,18.0,0.35,1.65,24.0,-24.01,-22.54,1.05,15069.0,3.59,-25.98,-0.57,23
Usha Martin Ltd,Sep 2024,Manufacturing,Bull,-10.41,2.98,27.6,4.57,20.7,0.76,15.1,19.5,18.0,0.35,1.65,20.12,7.48,2.83,1.05,15069.0,3.6,0.28,0.68,21
Usha Martin Ltd,Sep 2025,Manufacturing,Bear,26.98,2.58,27.6,4.57,20.7,0.76,15.1,19.5,19.0,0.35,1.65,34.6,1.34,8.91,1.05,15069.0,3.6,0.0,0.8,27
UTI Asset Management Company Ltd,Dec 2023,Banking,Bull,9.87,-7.08,21.9,2.6,16.42,4.4,10.3,15.6,61.0,0.45,1.65,91.0,8.74,9.96,1.05,11697.0,14.59,8.7,0.88,30
UTI Asset Management Company Ltd,Dec 2024,Banking,Bear,8.81,-8.4,21.9,2.6,16.42,4.4,10.3,15.6,56.0,0.45,1.65,77.67,8.74,9.96,1.05,11697.0,11.78,-19.26,0.48,30
UTI Asset Management Company Ltd,Dec 2025,Banking,Bull,-13.72,-0.76,21.9,2.6,16.42,4.4,10.3,15.6,58.0,0.45,1.65,100.67,8.74,9.96,1.05,11697.0,9.41,-20.12,0.79,30
UTI Asset Management Company Ltd,Jun 2023,Banking,Bull,20.88,2.41,21.9,2.6,16.42,4.4,10.3,15.6,64.0,0.45,1.65,100.0,8.74,9.96,1.05,11697.0,18.46,96.17,0.96,24
UTI Asset Management Company Ltd,Jun 2024,Banking,Bull,18.73,23.79,21.9,2.6,16.42,4.4,10.3,15.6,66.0,0.45,1.65,117.0,17.82,34.98,1.05,11697.0,19.97,8.18,0.93,20
UTI Asset Management Company Ltd,Jun 2025,Banking,Bull,21.53,-2.82,21.9,2.6,16.42,4.4,10.3,15.6,62.0,0.45,1.65,113.33,30.86,45.98,1.05,11697.0,18.5,-7.36,0.93,23
UTI Asset Management Company Ltd,Jun 2026,Banking,Bull,-1.62,-2.16,21.9,2.6,16.42,4.4,10.3,15.6,66.0,0.45,1.65,127.67,12.96,113.04,1.05,11697.0,22.86,23.57,0.95,30
UTI Asset Management Company Ltd,Mar 2024,Banking,Bull,-6.52,10.59,21.9,2.6,16.42,4.4,10.3,15.6,55.0,0.45,1.65,76.0,-11.11,-22.65,1.05,11697.0,12.79,-44.05,0.74,25
UTI Asset Management Company Ltd,Mar 2025,Banking,Bear,-22.74,13.11,21.9,2.6,16.42,4.4,10.3,15.6,45.0,0.45,1.65,56.33,-28.92,-62.77,1.05,11697.0,6.83,-46.6,0.62,28
UTI Asset Management Company Ltd,Mar 2026,Banking,Bear,-15.96,-4.3,21.9,2.6,16.42,4.4,10.3,15.6,-3.1,0.45,1.65,-4.0,-28.7,-120.08,1.05,11697.0,-5.19,-100.0,-0.03,27
UTI Asset Management Company Ltd,Sep 2023,Banking,Bull,3.32,6.5,21.9,2.6,16.42,4.4,10.3,15.6,57.0,0.45,1.65,77.33,-30.82,-37.76,1.05,11697.0,14.39,150.0,0.93,24
UTI Asset Management Company Ltd,Sep 2024,Banking,Bull,25.69,7.29,21.9,2.6,16.42,4.4,10.3,15.6,65.0,0.45,1.65,116.0,29.33,45.3,1.05,11697.0,18.76,30.37,0.94,23
UTI Asset Management Company Ltd,Sep 2025,Banking,Bear,5.07,-3.82,21.9,2.6,16.42,4.4,10.3,15.6,42.0,0.45,1.65,59.0,11.44,29.41,1.05,11697.0,8.81,-53.04,0.95,22
Vijaya Diagnostic Centre Ltd,Dec 2023,Pharma,Bull,33.66,-6.94,82.5,16.15,61.88,0.13,18.3,20.5,39.0,0.35,1.65,8.67,8.41,5.51,1.05,15470.0,2.53,8.7,0.71,21
Vijaya Diagnostic Centre Ltd,Dec 2024,Pharma,Bear,10.94,-3.5,82.5,16.15,61.88,0.13,18.3,20.5,40.0,0.35,1.65,9.57,8.41,5.51,1.05,15470.0,3.43,35.57,0.82,22
Vijaya Diagnostic Centre Ltd,Dec 2025,Pharma,Bull,5.71,17.71,82.5,16.15,61.88,0.13,18.3,20.5,42.0,0.35,1.65,9.56,8.41,5.51,1.05,15470.0,4.2,22.45,0.92,29
Vijaya Diagnostic Centre Ltd,Jun 2023,Pharma,Bull,19.94,4.08,82.5,16.15,61.88,0.13,18.3,20.5,40.0,0.35,1.65,8.0,8.41,5.51,1.05,15470.0,2.57,-38.81,-0.08,28
Vijaya Diagnostic Centre Ltd,Jun 2024,Pharma,Bull,13.32,12.11,82.5,16.15,61.88,0.13,18.3,20.5,39.0,0.35,1.65,10.17,17.29,23.08,1.05,15470.0,3.06,19.07,0.82,26
Vijaya Diagnostic Centre Ltd,Jun 2025,Pharma,Bull,1.23,-1.41,82.5,16.15,61.88,0.13,18.3,20.5,39.0,0.35,1.65,10.57,11.24,11.43,1.05,15470.0,3.76,22.88,0.9,30
Vijaya Diagnostic Centre Ltd,Jun 2026,Pharma,Bull,52.91,-3.59,82.5,16.15,61.88,0.13,18.3,20.5,43.0,0.35,1.65,9.0,12.68,23.26,1.05,15470.0,5.16,37.23,0.7,21
Vijaya Diagnostic Centre Ltd,Mar 2024,Pharma,Bull,-5.76,-1.1,82.5,16.15,61.88,0.13,18.3,20.5,41.0,0.35,1.65,10.5,28.1,30.77,1.05,15470.0,3.27,-36.63,0.64,30
Vijaya Diagnostic Centre Ltd,Mar 2025,Pharma,Bear,-5.23,6.64,82.5,16.15,61.88,0.13,18.3,20.5,40.0,0.35,1.65,9.86,10.9,9.38,1.05,15470.0,3.4,3.98,0.2,23
Vijaya Diagnostic Centre Ltd,Mar 2026,Pharma,Bear,-17.36,-3.16,82.5,16.15,61.88,0.13,18.3,20.5,44.0,0.35,1.65,10.67,16.49,23.08,1.05,15470.0,4.66,37.06,0.81,21
Vijaya Diagnostic Centre Ltd,Sep 2023,Pharma,Bull,4.64,0.63,82.5,16.15,61.88,0.13,18.3,20.5,41.0,0.35,1.65,9.5,-39.83,-35.85,1.05,15470.0,3.26,-30.04,-0.05,27
Vijaya Diagnostic Centre Ltd,Sep 2024,Pharma,Bull,23.23,8.86,82.5,16.15,61.88,0.13,18.3,20.5,42.0,0.35,1.65,12.67,18.06,23.53,1.05,15470.0,4.1,25.77,0.82,31
Vijaya Diagnostic Centre Ltd,Sep 2025,Pharma,Bear,2.19,-4.84,82.5,16.15,61.88,0.13,18.3,20.5,41.0,0.35,1.65,10.25,16.76,22.86,1.05,15470.0,4.21,2.68,0.62,24
Vishal Mega Mart Ltd,Dec 2023,Other,Bull,7.17,1.11,53.4,6.42,40.05,0.0,12.2,15.2,16.0,0.35,1.65,12.94,4.82,1.82,1.05,47649.0,0.46,8.7,0.51,27
Vishal Mega Mart Ltd,Dec 2024,Other,Bear,-4.91,-4.21,53.4,6.42,40.05,0.0,12.2,15.2,16.0,0.35,1.65,16.29,4.82,1.82,1.05,47649.0,0.58,26.09,0.93,27
Vishal Mega Mart Ltd,Dec 2025,Other,Bull,-8.33,-1.32,53.4,6.42,40.05,0.0,12.2,15.2,16.0,0.35,1.65,14.07,4.82,1.82,1.05,47649.0,0.67,15.52,0.92,26
Vishal Mega Mart Ltd,Jun 2024,Other,Bull,15.02,7.68,53.4,6.42,40.05,0.0,12.2,15.2,14.0,0.35,1.65,10.76,4.82,1.82,1.05,47649.0,0.33,-50.75,0.53,29
Vishal Mega Mart Ltd,Jun 2025,Other,Bull,29.16,3.82,53.4,6.42,40.05,0.0,12.2,15.2,15.0,0.35,1.65,11.2,19.66,0.49,1.05,47649.0,0.44,33.33,0.86,29
Vishal Mega Mart Ltd,Jun 2026,Other,Bull,12.22,1.42,53.4,6.42,40.05,0.0,12.2,15.2,15.0,0.35,1.65,11.85,18.85,-1.52,1.05,47649.0,0.55,25.0,0.25,25
Vishal Mega Mart Ltd,Mar 2024,Other,Bull,-20.62,-13.18,53.4,6.42,40.05,0.0,12.2,15.2,12.0,0.35,1.65,6.97,-43.62,-80.51,1.05,47649.0,0.14,-74.55,-0.7,31
Vishal Mega Mart Ltd,Mar 2025,Other,Bear,-1.58,-3.37,53.4,6.42,40.05,0.0,12.2,15.2,14.0,0.35,1.65,7.29,-1.85,-23.33,1.05,47649.0,0.25,78.57,0.9,23
Vishal Mega Mart Ltd,Mar 2026,Other,Bear,-22.47,0.66,53.4,6.42,40.05,0.0,12.2,15.2,14.0,0.35,1.65,9.24,-0.83,-18.45,1.05,47649.0,0.36,44.0,0.91,33
Vishal Mega Mart Ltd,Sep 2024,Other,Bull,-10.71,-13.08,53.4,6.42,40.05,0.0,12.2,15.2,12.0,0.35,1.65,8.88,-34.64,-59.85,1.05,47649.0,0.23,-36.11,-0.3,27
Vishal Mega Mart Ltd,Sep 2025,Other,Bear,13.07,-2.1,53.4,6.42,40.05,0.0,12.2,15.2,13.0,0.35,1.65,9.63,44.08,149.18,1.05,47649.0,0.33,43.48,0.78,25
Voltas Ltd,Dec 2023,Manufacturing,Bull,11.93,2.54,82.6,6.04,61.95,0.34,6.1,9.04,-0.3,0.35,1.65,-0.57,4.53,4.31,1.05,38548.0,-0.92,-8.7,0.66,31
Voltas Ltd,Dec 2024,Manufacturing,Bear,-3.48,-1.98,82.6,6.04,61.95,0.34,6.1,9.04,5.0,0.35,1.65,10.31,4.53,4.31,1.05,38548.0,3.99,150.0,0.36,25
Voltas Ltd,Dec 2025,Manufacturing,Bull,0.57,17.47,82.6,6.04,61.95,0.34,6.1,9.04,4.7,0.35,1.65,4.68,4.53,4.31,1.05,38548.0,2.57,-35.59,0.13,32
Voltas Ltd,Jun 2023,Manufacturing,Bull,-7.22,7.28,82.6,6.04,61.95,0.34,6.1,9.04,4.6,0.35,1.65,15.4,4.53,4.31,1.05,38548.0,3.91,52.14,0.78,28
Voltas Ltd,Jun 2024,Manufacturing,Bull,28.31,25.17,82.6,6.04,61.95,0.34,6.1,9.04,8.0,0.35,1.65,39.4,87.4,-596.89,1.05,38548.0,10.1,150.0,0.25,33
Voltas Ltd,Jun 2025,Manufacturing,Bull,-2.26,4.03,82.6,6.04,61.95,0.34,6.1,9.04,3.9,0.35,1.65,10.93,26.86,7.63,1.05,38548.0,4.24,-58.02,0.6,29
Voltas Ltd,Jun 2026,Manufacturing,Bull,2.55,-5.29,82.6,6.04,61.95,0.34,6.1,9.04,4.9,0.35,1.65,17.54,52.2,153.57,1.05,38548.0,6.46,52.36,0.82,27
Voltas Ltd,Mar 2024,Manufacturing,Bull,12.84,14.96,82.6,6.04,61.95,0.34,6.1,9.04,3.6,0.35,1.65,7.24,25.09,-13.95,1.05,38548.0,3.52,-45.51,0.1,24
Voltas Ltd,Mar 2025,Manufacturing,Bear,-20.16,1.17,82.6,6.04,61.95,0.34,6.1,9.04,6.0,0.35,1.65,13.09,-3.11,-29.55,1.05,38548.0,7.28,106.82,0.82,25
Voltas Ltd,Mar 2026,Manufacturing,Bear,-8.05,4.77,82.6,6.04,61.95,0.34,6.1,9.04,3.8,0.35,1.65,8.41,24.09,-19.86,1.05,38548.0,3.51,-51.79,0.1,25
Voltas Ltd,Sep 2023,Manufacturing,Bull,13.2,4.29,82.6,6.04,61.95,0.34,6.1,9.04,1.6,0.35,1.65,3.36,-50.94,-83.1,1.05,38548.0,1.11,-68.38,0.05,26
Voltas Ltd,Sep 2024,Manufacturing,Bull,27.75,6.58,82.6,6.04,61.95,0.34,6.1,9.04,5.0,0.35,1.65,9.29,-37.69,19.82,1.05,38548.0,4.05,150.0,0.93,25
Voltas Ltd,Sep 2025,Manufacturing,Bear,2.04,1.09,82.6,6.04,61.95,0.34,6.1,9.04,1.4,0.35,1.65,1.7,-50.78,-86.44,1.05,38548.0,1.04,-74.32,-0.68,27
Vardhman Textiles Ltd,Dec 2023,Manufacturing,Bull,2.82,-5.3,19.3,1.56,14.48,0.88,6.86,8.55,10.0,0.35,1.65,12.84,4.53,4.31,1.05,16396.0,5.54,8.7,0.03,31
Vardhman Textiles Ltd,Dec 2024,Manufacturing,Bear,7.75,-3.19,19.3,1.56,14.48,0.88,6.86,8.55,13.0,0.35,1.65,16.47,4.53,4.31,1.05,16396.0,7.28,31.41,0.8,30
Vardhman Textiles Ltd,Dec 2025,Manufacturing,Bull,6.86,-15.36,19.3,1.56,14.48,0.88,6.86,8.55,11.0,0.35,1.65,10.92,4.53,4.31,1.05,16396.0,5.75,-21.02,-0.85,28
Vardhman Textiles Ltd,Jun 2023,Manufacturing,Bull,21.2,13.78,19.3,1.56,14.48,0.88,6.86,8.55,9.0,0.35,1.65,6.72,4.53,4.31,1.05,16396.0,4.72,-17.91,-0.08,25
Vardhman Textiles Ltd,Jun 2024,Manufacturing,Bull,8.93,0.55,19.3,1.56,14.48,0.88,6.86,8.55,15.0,0.35,1.65,19.33,-0.9,48.15,1.05,16396.0,8.25,74.79,0.88,26
Vardhman Textiles Ltd,Jun 2025,Manufacturing,Bull,25.69,6.23,19.3,1.56,14.48,0.88,6.86,8.55,14.0,0.35,1.65,14.17,-3.2,-1.89,1.05,16396.0,7.16,-13.21,-0.56,30
Vardhman Textiles Ltd,Jun 2026,Manufacturing,Bull,20.07,-1.23,19.3,1.56,14.48,0.88,6.86,8.55,18.0,0.35,1.65,20.61,7.9,87.5,1.05,16396.0,10.7,49.44,0.62,22
Vardhman Textiles Ltd,Mar 2024,Manufacturing,Bull,12.57,3.18,19.3,1.56,14.48,0.88,6.86,8.55,13.0,0.35,1.65,10.62,6.08,47.45,1.05,16396.0,6.94,-35.14,0.92,21
Vardhman Textiles Ltd,Mar 2025,Manufacturing,Bear,-21.8,0.03,19.3,1.56,14.48,0.88,6.86,8.55,11.0,0.35,1.65,12.48,8.66,-0.83,1.05,16396.0,8.21,18.3,0.25,29
Vardhman Textiles Ltd,Mar 2026,Manufacturing,Bear,20.27,3.44,19.3,1.56,14.48,0.88,6.86,8.55,12.0,0.35,1.65,12.78,4.69,-9.13,1.05,16396.0,6.39,-22.17,-0.08,31
Vardhman Textiles Ltd,Sep 2023,Manufacturing,Bull,1.66,9.36,19.3,1.56,14.48,0.88,6.86,8.55,9.0,0.35,1.65,9.32,-11.32,-56.83,1.05,16396.0,4.64,-27.39,0.57,31
Vardhman Textiles Ltd,Sep 2024,Manufacturing,Bull,-2.84,21.85,19.3,1.56,14.48,0.88,6.86,8.55,13.0,0.35,1.65,17.5,1.75,-2.48,1.05,16396.0,6.81,46.77,0.9,23
Vardhman Textiles Ltd,Sep 2025,Manufacturing,Bear,-16.94,-2.25,19.3,1.56,14.48,0.88,6.86,8.55,13.0,0.35,1.65,15.9,-1.16,-21.01,1.05,16396.0,6.47,-4.99,-0.44,22
Waaree Energies Ltd,Dec 2023,Manufacturing,Bull,18.75,8.43,18.8,5.23,14.1,0.15,32.8,38.8,11.0,0.35,1.65,9.5,4.53,4.31,1.05,75508.0,6.32,8.7,0.88,25
Waaree Energies Ltd,Dec 2024,Manufacturing,Bear,22.05,5.64,18.8,5.23,14.1,0.15,32.8,38.8,21.0,0.35,1.65,23.29,4.53,4.31,1.05,75508.0,17.15,150.0,0.93,29
Waaree Energies Ltd,Dec 2025,Manufacturing,Bull,-10.87,-2.7,18.8,5.23,14.1,0.15,32.8,38.8,25.0,0.35,1.65,20.73,4.53,4.31,1.05,75508.0,36.94,115.39,0.95,33
Waaree Energies Ltd,Jun 2023,Manufacturing,Bull,11.21,2.25,18.8,5.23,14.1,0.15,32.8,38.8,14.0,0.35,1.65,11.7,4.53,4.31,1.05,75508.0,17.05,-53.84,0.13,31
Waaree Energies Ltd,Jun 2024,Manufacturing,Bull,57.52,44.58,18.8,5.23,14.1,0.15,32.8,38.8,16.0,0.35,1.65,16.24,113.6,184.4,1.05,75508.0,19.99,17.24,0.89,26
Waaree Energies Ltd,Jun 2025,Manufacturing,Bull,31.92,21.75,18.8,5.23,14.1,0.15,32.8,38.8,23.0,0.35,1.65,23.19,28.03,52.47,1.05,75508.0,25.94,29.76,0.93,35
Waaree Energies Ltd,Jun 2026,Manufacturing,Bull,-4.6,-2.48,18.8,5.23,14.1,0.15,32.8,38.8,18.0,0.35,1.65,20.57,4.85,-19.42,1.05,75508.0,29.56,13.96,0.67,32
Waaree Energies Ltd,Mar 2024,Manufacturing,Bull,13.36,6.04,18.8,5.23,14.1,0.15,32.8,38.8,14.0,0.35,1.65,8.71,-11.78,40.53,1.05,75508.0,23.41,-20.81,0.93,30
Waaree Energies Ltd,Mar 2025,Manufacturing,Bear,-15.99,-1.49,18.8,5.23,14.1,0.15,32.8,38.8,23.0,0.35,1.65,16.19,17.45,60.6,1.05,75508.0,21.54,-7.99,0.92,25
Waaree Energies Ltd,Mar 2026,Manufacturing,Bear,5.23,0.31,18.8,5.23,14.1,0.15,32.8,38.8,19.0,0.35,1.65,32.85,91.6,45.67,1.05,75508.0,36.89,71.26,0.95,25
Waaree Energies Ltd,Sep 2023,Manufacturing,Bull,-19.58,-16.18,18.8,5.23,14.1,0.15,32.8,38.8,15.0,0.35,1.65,15.67,-55.39,-64.13,1.05,75508.0,15.98,-56.68,0.0,28
Waaree Energies Ltd,Sep 2024,Manufacturing,Bull,7.27,3.29,18.8,5.23,14.1,0.15,32.8,38.8,15.0,0.35,1.65,16.94,21.73,-20.84,1.05,75508.0,13.73,-14.08,0.59,35
Waaree Energies Ltd,Sep 2025,Manufacturing,Bear,8.66,-10.2,18.8,5.23,14.1,0.15,32.8,38.8,23.0,0.35,1.65,14.65,51.5,36.34,1.05,75508.0,29.29,113.33,0.93,33
Welspun Corp Ltd,Dec 2023,Manufacturing,Bull,41.15,0.53,30.6,7.71,22.95,0.19,19.4,22.9,10.0,0.35,1.65,7.47,4.53,4.31,1.05,70606.0,11.15,8.7,0.89,31
Welspun Corp Ltd,Dec 2024,Manufacturing,Bear,10.05,-9.26,30.6,7.71,22.95,0.19,19.4,22.9,12.0,0.35,1.65,5.29,4.53,4.31,1.05,70606.0,25.72,130.67,0.86,26
Welspun Corp Ltd,Dec 2025,Manufacturing,Bull,-4.79,9.99,30.6,7.71,22.95,0.19,19.4,22.9,14.0,0.35,1.65,12.08,4.53,4.31,1.05,70606.0,17.16,-33.28,0.1,34
Welspun Corp Ltd,Jun 2023,Manufacturing,Bull,29.25,20.22,30.6,7.71,22.95,0.19,19.4,22.9,9.0,0.35,1.65,3.88,4.53,4.31,1.05,70606.0,6.32,-63.17,0.0,25
Welspun Corp Ltd,Jun 2024,Manufacturing,Bull,0.42,-2.52,30.6,7.71,22.95,0.19,19.4,22.9,12.0,0.35,1.65,5.67,-33.96,-15.65,1.05,70606.0,9.46,49.68,0.9,24
Welspun Corp Ltd,Jun 2025,Manufacturing,Bull,9.0,-0.01,30.6,7.71,22.95,0.19,19.4,22.9,15.0,0.35,1.65,8.33,-1.74,-48.07,1.05,70606.0,13.31,40.7,0.93,25
Welspun Corp Ltd,Jun 2026,Manufacturing,Bull,84.46,26.13,30.6,7.71,22.95,0.19,19.4,22.9,17.0,0.35,1.65,15.38,-9.95,129.82,1.05,70606.0,39.67,150.0,0.62,30
Welspun Corp Ltd,Mar 2024,Manufacturing,Bull,-9.71,-10.16,30.6,7.71,22.95,0.19,19.4,22.9,7.0,0.35,1.65,4.4,9.63,70.83,1.05,70606.0,10.24,-74.19,0.9,27
Welspun Corp Ltd,Mar 2025,Manufacturing,Bear,7.03,15.12,30.6,7.71,22.95,0.19,19.4,22.9,12.0,0.35,1.65,5.23,25.12,181.85,1.05,70606.0,26.62,150.0,0.82,31
Welspun Corp Ltd,Mar 2026,Manufacturing,Bear,1.67,7.13,30.6,7.71,22.95,0.19,19.4,22.9,12.0,0.35,1.65,10.29,21.46,6.3,1.05,70606.0,14.04,-47.26,0.13,24
Welspun Corp Ltd,Sep 2023,Manufacturing,Bull,45.57,2.14,30.6,7.71,22.95,0.19,19.4,22.9,10.0,0.35,1.65,5.33,-0.54,-63.07,1.05,70606.0,14.7,4.7,0.32,33
Welspun Corp Ltd,Sep 2024,Manufacturing,Bull,37.18,16.67,30.6,7.71,22.95,0.19,19.4,22.9,12.0,0.35,1.65,4.82,-25.98,-1.39,1.05,70606.0,10.94,-25.58,0.05,34
Welspun Corp Ltd,Sep 2025,Manufacturing,Bear,-5.45,-12.22,30.6,7.71,22.95,0.19,19.4,22.9,14.0,0.35,1.65,12.06,11.44,-36.48,1.05,70606.0,16.68,52.47,0.86,34
Welspun Living Ltd,Dec 2023,Manufacturing,Bull,21.13,-7.51,70.5,4.05,52.88,0.05,4.48,6.26,14.0,0.35,1.65,8.07,4.53,4.31,1.05,19621.0,1.82,8.7,0.66,28
Welspun Living Ltd,Dec 2024,Manufacturing,Bear,-10.41,-2.71,70.5,4.05,52.88,0.05,4.48,6.26,11.0,0.35,1.65,4.52,4.53,4.31,1.05,19621.0,1.26,-30.77,0.6,31
Welspun Living Ltd,Dec 2025,Manufacturing,Bull,11.73,-3.21,70.5,4.05,52.88,0.05,4.48,6.26,7.0,0.35,1.65,4.1,4.53,4.31,1.05,19621.0,0.0,-100.0,0.32,30
Welspun Living Ltd,Jun 2023,Manufacturing,Bull,37.31,5.03,70.5,4.05,52.88,0.05,4.48,6.26,14.0,0.35,1.65,11.92,4.53,4.31,1.05,19621.0,1.66,150.0,0.81,25
Welspun Living Ltd,Jun 2024,Manufacturing,Bull,-0.54,4.71,70.5,4.05,52.88,0.05,4.48,6.26,13.0,0.35,1.65,7.95,5.18,3.91,1.05,19621.0,1.91,15.06,0.71,25
Welspun Living Ltd,Jun 2025,Manufacturing,Bull,10.1,3.34,70.5,4.05,52.88,0.05,4.48,6.26,10.0,0.35,1.65,5.36,-9.2,-27.64,1.05,19621.0,0.91,-52.36,0.62,29
Welspun Living Ltd,Jun 2026,Manufacturing,Bull,37.27,13.27,70.5,4.05,52.88,0.05,4.48,6.26,11.0,0.35,1.65,9.44,23.56,724.9,1.05,19621.0,1.7,86.81,0.77,22
Welspun Living Ltd,Mar 2024,Manufacturing,Bull,-5.53,1.79,70.5,4.05,52.88,0.05,4.48,6.26,14.0,0.35,1.65,6.9,17.9,-19.63,1.05,19621.0,1.5,-11.76,0.54,29
Welspun Living Ltd,Mar 2025,Manufacturing,Bear,-16.27,-8.21,70.5,4.05,52.88,0.05,4.48,6.26,12.0,0.35,1.65,5.54,4.34,-28.49,1.05,19621.0,1.37,-8.67,0.05,27
Welspun Living Ltd,Mar 2026,Manufacturing,Bear,-17.97,-1.76,70.5,4.05,52.88,0.05,4.48,6.26,10.0,0.35,1.65,6.73,7.7,19.1,1.05,19621.0,1.08,-21.17,0.0,26
Welspun Living Ltd,Sep 2023,Manufacturing,Bull,29.0,-8.29,70.5,4.05,52.88,0.05,4.48,6.26,14.0,0.35,1.65,10.53,-10.23,22.7,1.05,19621.0,2.02,87.04,0.93,29
Welspun Living Ltd,Sep 2024,Manufacturing,Bull,5.68,19.1,70.5,4.05,52.88,0.05,4.48,6.26,12.0,0.35,1.65,6.51,11.57,54.2,1.05,19621.0,2.1,3.96,0.88,30
Welspun Living Ltd,Sep 2025,Manufacturing,Bear,-17.95,-1.74,70.5,4.05,52.88,0.05,4.48,6.26,6.0,0.35,1.65,3.56,-7.75,-88.72,1.05,19621.0,0.14,-93.33,-0.7,23
Whirlpool of India Ltd,Dec 2023,Manufacturing,Bull,-17.15,4.3,35.5,2.32,26.62,0.66,7.71,10.7,4.1,0.35,1.65,7.0,4.53,4.31,1.05,9672.0,2.21,8.7,0.8,24
Whirlpool of India Ltd,Dec 2024,Manufacturing,Bear,-19.45,-7.78,35.5,2.32,26.62,0.66,7.71,10.7,4.1,0.35,1.65,7.67,4.53,4.31,1.05,9672.0,3.46,56.56,0.36,23
Whirlpool of India Ltd,Dec 2025,Manufacturing,Bull,-23.31,-6.72,35.5,2.32,26.62,0.66,7.71,10.7,5.0,0.35,1.65,9.1,4.53,4.31,1.05,9672.0,2.09,-39.6,0.46,29
Whirlpool of India Ltd,Jun 2023,Manufacturing,Bull,11.11,6.22,35.5,2.32,26.62,0.66,7.71,10.7,6.0,0.35,1.65,17.57,4.53,4.31,1.05,9672.0,5.9,150.0,0.88,26
Whirlpool of India Ltd,Jun 2024,Manufacturing,Bull,59.71,0.21,35.5,2.32,26.62,0.66,7.71,10.7,8.0,0.35,1.65,21.1,62.57,383.33,1.05,9672.0,11.34,92.2,0.71,24
Whirlpool of India Ltd,Jun 2025,Manufacturing,Bull,33.78,4.37,35.5,2.32,26.62,0.66,7.71,10.7,9.0,0.35,1.65,14.07,42.64,224.44,1.05,9672.0,11.49,1.32,0.75,22
Whirlpool of India Ltd,Jun 2026,Manufacturing,Bull,-2.13,5.24,35.5,2.32,26.62,0.66,7.71,10.7,5.0,0.35,1.65,9.27,53.72,281.48,1.05,9672.0,8.11,-29.42,0.78,24
Whirlpool of India Ltd,Mar 2024,Manufacturing,Bull,-10.42,20.78,35.5,2.32,26.62,0.66,7.71,10.7,8.0,0.35,1.65,16.0,-14.96,2.6,1.05,9672.0,6.12,-24.54,-0.62,19
Whirlpool of India Ltd,Mar 2025,Manufacturing,Bear,-45.46,4.95,35.5,2.32,26.62,0.66,7.71,10.7,9.0,0.35,1.65,13.07,-19.7,-17.93,1.05,9672.0,9.4,53.59,0.36,21
Whirlpool of India Ltd,Mar 2026,Manufacturing,Bear,-11.3,-9.97,35.5,2.32,26.62,0.66,7.71,10.7,6.0,0.35,1.65,10.08,-10.32,-45.21,1.05,9672.0,6.32,-32.77,0.1,21
Whirlpool of India Ltd,Sep 2023,Manufacturing,Bull,9.53,-15.69,35.5,2.32,26.62,0.66,7.71,10.7,4.8,0.35,1.65,12.17,-44.19,-63.11,1.05,9672.0,2.88,-54.43,-0.68,22
Whirlpool of India Ltd,Sep 2024,Manufacturing,Bull,17.28,4.53,35.5,2.32,26.62,0.66,7.71,10.7,5.0,0.35,1.65,7.91,-1.21,-31.65,1.05,9672.0,4.1,42.36,0.87,22
Whirlpool of India Ltd,Sep 2025,Manufacturing,Bear,-13.31,-23.92,35.5,2.32,26.62,0.66,7.71,10.7,3.5,0.35,1.65,7.25,-17.86,-64.71,1.05,9672.0,3.26,-20.49,0.6,23
Wockhardt Ltd,Dec 2023,Pharma,Bull,78.82,-10.42,88.8,7.17,66.6,0.0,6.11,7.55,5.0,0.35,1.65,0.48,8.41,5.51,1.05,35414.0,-5.76,-8.7,0.48,32
Wockhardt Ltd,Dec 2024,Pharma,Bear,46.25,14.38,88.8,7.17,66.6,0.0,6.11,7.55,18.0,0.35,1.65,2.13,8.41,5.51,1.05,35414.0,0.86,114.93,0.91,30
Wockhardt Ltd,Dec 2025,Pharma,Bull,-3.12,-8.54,88.8,7.17,66.6,0.0,6.11,7.55,20.0,0.35,1.65,2.95,8.41,5.51,1.05,35414.0,3.63,150.0,0.87,25
Wockhardt Ltd,Jun 2023,Pharma,Bull,47.16,5.45,88.8,7.17,66.6,0.0,6.11,7.55,2.5,0.35,1.65,0.2,8.41,5.51,1.05,35414.0,-9.3,-100.0,0.2,33
Wockhardt Ltd,Jun 2024,Pharma,Bull,14.68,8.97,88.8,7.17,66.6,0.0,6.11,7.55,12.0,0.35,1.65,1.25,5.42,-81.4,1.05,35414.0,-0.91,90.22,0.8,26
Wockhardt Ltd,Jun 2025,Pharma,Bull,18.38,0.7,88.8,7.17,66.6,0.0,6.11,7.55,10.0,0.35,1.65,1.5,2.36,-596.89,1.05,35414.0,-5.54,-100.0,-0.62,24
Wockhardt Ltd,Jun 2026,Pharma,Bull,53.16,4.12,88.8,7.17,66.6,0.0,6.11,7.55,21.0,0.35,1.65,3.69,4.62,75.41,1.05,35414.0,6.52,150.0,0.25,30
Wockhardt Ltd,Mar 2024,Pharma,Bull,24.7,4.98,88.8,7.17,66.6,0.0,6.11,7.55,-8.0,0.35,1.65,-0.81,8.7,30.15,1.05,35414.0,-11.02,-100.0,0.62,32
Wockhardt Ltd,Mar 2025,Pharma,Bear,-2.15,38.4,88.8,7.17,66.6,0.0,6.11,7.55,9.0,0.35,1.65,1.33,0.54,181.25,1.05,35414.0,-1.54,86.03,0.77,24
Wockhardt Ltd,Mar 2026,Pharma,Bear,-17.37,25.36,88.8,7.17,66.6,0.0,6.11,7.55,23.0,0.35,1.65,4.5,30.76,-251.85,1.05,35414.0,10.22,150.0,0.93,24
Wockhardt Ltd,Sep 2023,Pharma,Bull,-0.82,47.61,88.8,7.17,66.6,0.0,6.11,7.55,10.0,0.35,1.65,0.95,-18.95,-168.22,1.05,35414.0,-5.34,-100.0,0.1,23
Wockhardt Ltd,Sep 2024,Pharma,Bull,18.75,22.96,88.8,7.17,66.6,0.0,6.11,7.55,14.0,0.35,1.65,1.51,15.57,-90.96,1.05,35414.0,-1.43,73.22,0.88,27
Wockhardt Ltd,Sep 2025,Pharma,Bear,-9.62,-2.0,88.8,7.17,66.6,0.0,6.11,7.55,23.0,0.35,1.65,3.24,5.25,-282.22,1.05,35414.0,4.8,150.0,0.84,33
Yes Bank Ltd,Dec 2023,Banking,Bull,24.71,-8.23,19.5,1.41,14.62,0.0,7.1,5.98,44.0,0.45,1.65,14.93,8.74,9.96,1.05,73700.0,0.08,8.7,0.89,27
Yes Bank Ltd,Dec 2024,Banking,Bear,-12.62,-17.93,19.5,1.41,14.62,0.0,7.1,5.98,44.0,0.45,1.65,14.93,8.74,9.96,1.05,73700.0,0.2,150.0,0.93,28
Yes Bank Ltd,Dec 2025,Banking,Bull,-0.74,-8.78,19.5,1.41,14.62,0.0,7.1,5.98,44.0,0.45,1.65,14.93,8.74,9.96,1.05,73700.0,0.3,50.0,0.78,31
Yes Bank Ltd,Jun 2023,Banking,Bull,5.86,3.86,19.5,1.41,14.62,0.0,7.1,5.98,44.0,0.45,1.65,14.93,8.74,9.96,1.05,73700.0,0.12,-60.0,0.57,32
Yes Bank Ltd,Jun 2024,Banking,Bull,-3.11,-4.0,19.5,1.41,14.62,0.0,7.1,5.98,44.0,0.45,1.65,14.93,8.74,112.35,1.05,73700.0,0.16,33.33,0.86,31
Yes Bank Ltd,Jun 2025,Banking,Bull,17.37,9.27,19.5,1.41,14.62,0.0,7.1,5.98,44.0,0.45,1.65,14.93,8.74,30.69,1.05,73700.0,0.26,62.5,0.94,28
Yes Bank Ltd,Jun 2026,Banking,Bull,35.01,-3.58,19.5,1.41,14.62,0.0,7.1,5.98,44.0,0.45,1.65,14.93,8.74,12.02,1.05,73700.0,0.34,30.77,0.84,27
Yes Bank Ltd,Mar 2024,Banking,Bull,2.43,5.35,19.5,1.41,14.62,0.0,7.1,5.98,44.0,0.45,1.65,14.93,8.74,34.58,1.05,73700.0,0.16,-52.94,0.94,25
Yes Bank Ltd,Mar 2025,Banking,Bear,-14.01,-6.28,19.5,1.41,14.62,0.0,7.1,5.98,44.0,0.45,1.65,14.93,8.74,44.38,1.05,73700.0,0.24,50.0,0.96,25
Yes Bank Ltd,Mar 2026,Banking,Bear,-19.73,4.3,19.5,1.41,14.62,0.0,7.1,5.98,44.0,0.45,1.65,14.93,8.74,33.75,1.05,73700.0,0.34,41.67,0.86,35
Yes Bank Ltd,Sep 2023,Banking,Bull,5.5,7.86,19.5,1.41,14.62,0.0,7.1,5.98,44.0,0.45,1.65,14.93,8.74,-78.64,1.05,73700.0,0.08,-76.47,0.57,35
Yes Bank Ltd,Sep 2024,Banking,Bull,-6.57,9.39,19.5,1.41,14.62,0.0,7.1,5.98,44.0,0.45,1.65,14.93,8.74,21.41,1.05,73700.0,0.18,125.0,0.93,32
Yes Bank Ltd,Sep 2025,Banking,Bear,4.01,-6.04,19.5,1.41,14.62,0.0,7.1,5.98,44.0,0.45,1.65,14.93,8.74,-10.87,1.05,73700.0,0.21,16.67,0.9,33
Zee Entertainment Enterprises Ltd,Dec 2023,Other,Bull,4.29,-3.38,36.4,0.7,27.3,2.52,2.4,2.72,10.0,0.35,1.65,11.61,4.82,1.82,1.05,7623.0,0.61,8.7,0.95,21
Zee Entertainment Enterprises Ltd,Dec 2024,Other,Bear,-12.73,-24.59,36.4,0.7,27.3,2.52,2.4,2.72,16.0,0.35,1.65,29.18,4.82,1.82,1.05,7623.0,1.7,150.0,0.8,26
Zee Entertainment Enterprises Ltd,Dec 2025,Other,Bull,-21.23,2.52,36.4,0.7,27.3,2.52,2.4,2.72,11.0,0.35,1.65,28.44,4.82,1.82,1.05,7623.0,1.62,-4.71,0.9,29
Zee Entertainment Enterprises Ltd,Jun 2023,Other,Bull,-17.09,-1.14,36.4,0.7,27.3,2.52,2.4,2.72,8.0,0.35,1.65,6.91,4.82,1.82,1.05,7623.0,-0.56,-100.0,0.74,22
Zee Entertainment Enterprises Ltd,Jun 2024,Other,Bull,3.19,1.14,36.4,0.7,27.3,2.52,2.4,2.72,13.0,0.35,1.65,45.0,4.11,103.45,1.05,7623.0,1.23,150.0,0.91,20
Zee Entertainment Enterprises Ltd,Jun 2025,Other,Bull,43.95,2.24,36.4,0.7,27.3,2.52,2.4,2.72,13.0,0.35,1.65,29.88,-7.78,-12.2,1.05,7623.0,1.5,21.95,0.94,28
Zee Entertainment Enterprises Ltd,Jun 2026,Other,Bull,36.07,-3.2,36.4,0.7,27.3,2.52,2.4,2.72,5.0,0.35,1.65,7.69,-16.36,-52.26,1.05,7623.0,0.77,-48.67,0.74,21
Zee Entertainment Enterprises Ltd,Mar 2024,Other,Bull,-51.39,25.37,36.4,0.7,27.3,2.52,2.4,2.72,10.0,0.35,1.65,30.0,9.38,-124.53,1.05,7623.0,0.14,-81.82,-0.2,28
Zee Entertainment Enterprises Ltd,Mar 2025,Other,Bear,-20.09,8.18,36.4,0.7,27.3,2.52,2.4,2.72,14.0,0.35,1.65,37.25,2.54,59.32,1.05,7623.0,1.96,150.0,0.93,26
Zee Entertainment Enterprises Ltd,Mar 2026,Other,Bear,-20.27,27.46,36.4,0.7,27.3,2.52,2.4,2.72,-13.0,0.35,1.65,-9.12,10.96,-172.22,1.05,7623.0,-1.08,-100.0,0.9,25
Zee Entertainment Enterprises Ltd,Sep 2023,Other,Bull,46.28,11.85,36.4,0.7,27.3,2.52,2.4,2.72,14.0,0.35,1.65,14.48,27.84,66.22,1.05,7623.0,1.28,150.0,0.96,19
Zee Entertainment Enterprises Ltd,Sep 2024,Other,Bull,-9.96,15.02,36.4,0.7,27.3,2.52,2.4,2.72,16.0,0.35,1.65,40.38,-7.79,724.9,1.05,7623.0,2.18,70.31,0.87,27
Zee Entertainment Enterprises Ltd,Sep 2025,Other,Bear,-19.2,-6.27,36.4,0.7,27.3,2.52,2.4,2.72,8.0,0.35,1.65,12.23,-9.84,-59.57,1.05,7623.0,0.8,-63.3,0.82,26
Zensar Technologies Ltd,Dec 2023,IT,Bull,15.3,7.43,12.2,2.05,9.15,3.53,17.3,22.8,17.0,0.35,1.65,34.67,5.5,7.6,1.05,9678.0,7.14,8.7,-0.08,20
Zensar Technologies Ltd,Dec 2024,IT,Bear,10.74,4.16,12.2,2.05,9.15,3.53,17.3,22.8,16.0,0.35,1.65,51.75,5.5,7.6,1.05,9678.0,7.04,-1.4,0.88,26
Zensar Technologies Ltd,Dec 2025,IT,Bull,-8.47,-21.56,12.2,2.05,9.15,3.53,17.3,22.8,17.0,0.35,1.65,125.0,5.5,7.6,1.05,9678.0,8.79,24.86,0.92,19
Zensar Technologies Ltd,Jun 2023,IT,Bull,39.9,4.29,12.2,2.05,9.15,3.53,17.3,22.8,19.0,0.35,1.65,38.33,5.5,7.6,1.05,9678.0,6.9,-21.5,0.6,27
Zensar Technologies Ltd,Jun 2024,IT,Bull,22.5,-0.97,12.2,2.05,9.15,3.53,17.3,22.8,15.0,0.35,1.65,49.0,6.98,-2.47,1.05,9678.0,6.97,1.01,0.67,28
Zensar Technologies Ltd,Jun 2025,IT,Bull,21.77,2.53,12.2,2.05,9.15,3.53,17.3,22.8,15.0,0.35,1.65,52.75,4.45,13.75,1.05,9678.0,8.01,14.92,0.79,21
Zensar Technologies Ltd,Jun 2026,IT,Bull,-20.98,-4.11,12.2,2.05,9.15,3.53,17.3,22.8,15.0,0.35,1.65,55.25,5.38,-8.0,1.05,9678.0,8.08,0.87,0.54,22
Zensar Technologies Ltd,Mar 2024,IT,Bull,0.28,11.79,12.2,2.05,9.15,3.53,17.3,22.8,17.0,0.35,1.65,67.67,0.24,10.9,1.05,9678.0,7.65,-5.32,-0.2,26
Zensar Technologies Ltd,Mar 2025,IT,Bear,-5.99,7.43,12.2,2.05,9.15,3.53,17.3,22.8,16.0,0.35,1.65,42.4,5.51,11.39,1.05,9678.0,7.77,1.57,0.8,26
Zensar Technologies Ltd,Mar 2026,IT,Bear,-26.36,-7.29,12.2,2.05,9.15,3.53,17.3,22.8,16.0,0.35,1.65,118.0,4.69,15.93,1.05,9678.0,9.26,19.18,0.62,19
Zensar Technologies Ltd,Sep 2023,IT,Bull,35.15,18.4,12.2,2.05,9.15,3.53,17.3,22.8,19.0,0.35,1.65,38.5,-17.71,-5.43,1.05,9678.0,7.68,-17.06,-0.3,19
Zensar Technologies Ltd,Sep 2024,IT,Bull,-9.74,14.43,12.2,2.05,9.15,3.53,17.3,22.8,15.0,0.35,1.65,50.25,6.34,-9.83,1.05,9678.0,6.86,-10.68,0.2,29
Zensar Technologies Ltd,Sep 2025,IT,Bear,-8.03,0.95,12.2,2.05,9.15,3.53,17.3,22.8,15.0,0.35,1.65,55.0,4.56,3.41,1.05,9678.0,8.01,16.76,0.87,22
Zen Technologies Ltd,Dec 2023,Manufacturing,Bull,6.05,29.75,85.6,8.24,64.2,0.06,10.7,16.2,43.0,0.35,1.65,42.0,4.53,4.31,1.05,15553.0,3.64,8.7,0.54,24
Zen Technologies Ltd,Dec 2024,Manufacturing,Bear,43.21,3.07,85.6,8.24,64.2,0.06,10.7,16.2,29.0,0.35,1.65,14.67,4.53,4.31,1.05,15553.0,4.4,20.88,0.87,29
Zen Technologies Ltd,Dec 2025,Manufacturing,Bull,-6.72,14.7,85.6,8.24,64.2,0.06,10.7,16.2,37.0,0.35,1.65,22.33,4.53,4.31,1.05,15553.0,6.07,37.95,0.7,24
Zen Technologies Ltd,Jun 2023,Manufacturing,Bull,23.44,-10.76,85.6,8.24,64.2,0.06,10.7,16.2,52.0,0.35,1.65,10.08,4.53,4.31,1.05,15553.0,5.6,-7.74,0.8,29
Zen Technologies Ltd,Jun 2024,Manufacturing,Bull,24.27,-2.01,85.6,8.24,64.2,0.06,10.7,16.2,44.0,0.35,1.65,111.0,123.91,163.33,1.05,15553.0,9.14,63.21,0.57,26
Zen Technologies Ltd,Jun 2025,Manufacturing,Bull,38.46,3.65,85.6,8.24,64.2,0.06,10.7,16.2,41.0,0.35,1.65,21.33,3.95,23.26,1.05,15553.0,5.29,-42.12,0.87,29
Zen Technologies Ltd,Jun 2026,Manufacturing,Bull,31.81,-2.33,85.6,8.24,64.2,0.06,10.7,16.2,27.0,0.35,1.65,38.0,-20.22,-42.86,1.05,15553.0,3.82,-27.79,0.0,22
Zen Technologies Ltd,Mar 2024,Manufacturing,Bull,21.08,17.13,85.6,8.24,64.2,0.06,10.7,16.2,36.0,0.35,1.65,50.0,6.82,-20.83,1.05,15553.0,4.16,8.9,-0.53,29
Zen Technologies Ltd,Mar 2025,Manufacturing,Bear,-40.39,15.54,85.6,8.24,64.2,0.06,10.7,16.2,42.0,0.35,1.65,34.5,27.45,44.3,1.05,15553.0,11.19,150.0,0.86,26
Zen Technologies Ltd,Mar 2026,Manufacturing,Bear,-5.72,15.36,85.6,8.24,64.2,0.06,10.7,16.2,28.0,0.35,1.65,25.0,12.66,-11.32,1.05,15553.0,3.49,-68.81,0.03,28
Zen Technologies Ltd,Sep 2023,Manufacturing,Bull,81.41,3.14,85.6,8.24,64.2,0.06,10.7,16.2,29.0,0.35,1.65,19.0,-53.52,-56.25,1.05,15553.0,1.82,-47.85,0.1,25
Zen Technologies Ltd,Sep 2024,Manufacturing,Bull,33.08,23.37,85.6,8.24,64.2,0.06,10.7,16.2,33.0,0.35,1.65,40.0,71.63,65.79,1.05,15553.0,6.94,150.0,0.92,22
Zen Technologies Ltd,Sep 2025,Manufacturing,Bear,-27.46,-5.57,85.6,8.24,64.2,0.06,10.7,16.2,37.0,0.35,1.65,32.5,-46.46,-45.61,1.05,15553.0,6.58,-5.19,-0.62,21
ZF Commercial Vehicle Control System India Ltd,Dec 2023,Manufacturing,Bull,3.69,0.55,57.4,7.86,43.05,0.16,14.6,19.4,15.0,0.35,1.65,134.0,4.53,4.31,1.05,29000.0,8.86,8.7,0.1,22
ZF Commercial Vehicle Control System India Ltd,Dec 2024,Manufacturing,Bear,-25.23,2.93,57.4,7.86,43.05,0.16,14.6,19.4,18.0,0.35,1.65,177.0,4.53,4.31,1.05,29000.0,11.02,24.38,0.87,22
ZF Commercial Vehicle Control System India Ltd,Dec 2025,Manufacturing,Bull,13.88,11.24,57.4,7.86,43.05,0.16,14.6,19.4,19.0,0.35,1.65,99.5,4.53,4.31,1.05,29000.0,12.32,11.8,0.1,28
ZF Commercial Vehicle Control System India Ltd,Jun 2023,Manufacturing,Bull,18.83,21.56,57.4,7.86,43.05,0.16,14.6,19.4,15.0,0.35,1.65,141.0,4.53,4.31,1.05,29000.0,8.76,-28.9,-0.56,28
ZF Commercial Vehicle Control System India Ltd,Jun 2024,Manufacturing,Bull,1.8,9.64,57.4,7.86,43.05,0.16,14.6,19.4,15.0,0.35,1.65,69.5,5.23,-1.98,1.05,29000.0,8.74,-0.23,0.8,31
ZF Commercial Vehicle Control System India Ltd,Jun 2025,Manufacturing,Bull,2.22,-3.64,57.4,7.86,43.05,0.16,14.6,19.4,13.0,0.35,1.65,132.0,1.46,-2.4,1.05,29000.0,10.75,23.0,0.36,26
ZF Commercial Vehicle Control System India Ltd,Jun 2026,Manufacturing,Bull,7.1,-2.12,57.4,7.86,43.05,0.16,14.6,19.4,13.0,0.35,1.65,138.0,-0.84,-25.71,1.05,29000.0,9.18,-14.6,-0.49,30
ZF Commercial Vehicle Control System India Ltd,Mar 2024,Manufacturing,Bull,-6.91,32.04,57.4,7.86,43.05,0.16,14.6,19.4,15.0,0.35,1.65,146.0,-0.83,0.0,1.05,29000.0,8.8,-4.14,0.78,30
ZF Commercial Vehicle Control System India Ltd,Mar 2025,Manufacturing,Bear,8.52,-0.65,57.4,7.86,43.05,0.16,14.6,19.4,17.0,0.35,1.65,175.0,6.98,28.28,1.05,29000.0,11.14,26.59,0.92,28
ZF Commercial Vehicle Control System India Ltd,Mar 2026,Manufacturing,Bear,-6.52,1.36,57.4,7.86,43.05,0.16,14.6,19.4,16.0,0.35,1.65,190.0,18.34,19.67,1.05,29000.0,12.86,15.44,0.62,25
ZF Commercial Vehicle Control System India Ltd,Sep 2023,Manufacturing,Bull,26.59,-4.44,57.4,7.86,43.05,0.16,14.6,19.4,15.0,0.35,1.65,145.0,-6.94,1.92,1.05,29000.0,9.29,-27.76,0.13,30
ZF Commercial Vehicle Control System India Ltd,Sep 2024,Manufacturing,Bull,-0.65,-21.16,57.4,7.86,43.05,0.16,14.6,19.4,15.0,0.35,1.65,140.0,-5.01,9.0,1.05,29000.0,9.59,3.23,0.89,29
ZF Commercial Vehicle Control System India Ltd,Sep 2025,Manufacturing,Bear,-3.33,15.21,57.4,7.86,43.05,0.16,14.6,19.4,15.0,0.35,1.65,134.0,-9.78,-14.96,1.05,29000.0,9.51,-0.83,-0.68,30
Zydus Wellness Ltd,Dec 2023,Other,Bull,6.78,-0.06,79.3,3.02,59.48,0.22,3.98,4.91,3.1,0.35,1.65,2.17,4.82,1.82,1.05,17562.0,0.01,0.16,0.84,21
Zydus Wellness Ltd,Dec 2024,Other,Bear,1.14,-6.32,79.3,3.02,59.48,0.22,3.98,4.91,3.2,0.35,1.65,5.0,4.82,1.82,1.05,17562.0,0.2,38.0,0.93,31
Zydus Wellness Ltd,Dec 2025,Other,Bull,-1.14,-4.17,79.3,3.02,59.48,0.22,3.98,4.91,6.0,0.35,1.65,1.49,4.82,1.82,1.05,17562.0,-1.25,-100.0,0.77,24
Zydus Wellness Ltd,Jun 2023,Other,Bull,-4.53,5.32,79.3,3.02,59.48,0.22,3.98,4.91,17.0,0.35,1.65,23.2,4.82,1.82,1.05,17562.0,3.47,150.0,0.94,26
Zydus Wellness Ltd,Jun 2024,Other,Bull,18.53,-0.75,79.3,3.02,59.48,0.22,3.98,4.91,18.0,0.35,1.65,38.75,108.68,724.9,1.05,17562.0,4.64,33.72,0.95,22
Zydus Wellness Ltd,Jun 2025,Other,Bull,20.55,26.24,79.3,3.02,59.48,0.22,3.98,4.91,18.0,0.35,1.65,78.0,86.36,724.9,1.05,17562.0,4.02,-13.36,0.91,26
Zydus Wellness Ltd,Jun 2026,Other,Bull,32.05,3.21,79.3,3.02,59.48,0.22,3.98,4.91,17.0,0.35,1.65,9.31,48.91,-397.5,1.05,17562.0,3.74,-6.97,0.81,24
Zydus Wellness Ltd,Mar 2024,Other,Bull,-12.22,5.05,79.3,3.02,59.48,0.22,3.98,4.91,21.0,0.35,1.65,27.0,11.54,36.36,1.05,17562.0,4.72,26.2,0.92,29
Zydus Wellness Ltd,Mar 2025,Other,Bear,-14.96,6.2,79.3,3.02,59.48,0.22,3.98,4.91,21.0,0.35,1.65,47.5,8.56,16.22,1.05,17562.0,5.4,14.41,0.94,30
Zydus Wellness Ltd,Mar 2026,Other,Bear,-8.16,0.77,79.3,3.02,59.48,0.22,3.98,4.91,18.0,0.35,1.65,6.92,72.47,26.56,1.05,17562.0,5.09,-5.74,0.91,31
Zydus Wellness Ltd,Sep 2023,Other,Bull,6.24,4.63,79.3,3.02,59.48,0.22,3.98,4.91,3.8,0.35,1.65,2.83,-55.39,-94.96,1.05,17562.0,0.19,-96.27,0.94,27
Zydus Wellness Ltd,Sep 2024,Other,Bull,8.02,4.89,79.3,3.02,59.48,0.22,3.98,4.91,4.0,0.35,1.65,20.0,-37.04,-86.0,1.05,17562.0,0.66,150.0,0.96,29
Zydus Wellness Ltd,Sep 2025,Other,Bear,13.67,-6.38,79.3,3.02,59.48,0.22,3.98,4.91,3.5,0.35,1.65,1.44,-28.81,-130.81,1.05,17562.0,-1.66,-100.0,0.84,27
